time,open,high,low,close,ATR,Histogram,MACD,Signal line,CMF,Up Trend,Down Trend,Volume,OnBalanceVolume,MTF RSI,LOI,Acc,Deep Acc,Trim 25%,Trim 50%,Trim 75%,Acc Enter,Deep Enter,Acc Bounce,Deep Bounce,Trim 25%,Trim 50%,Trim 75%,Exit 100%,CT4 Dist,IWM Trim,LT Fast TL,LT Slow TL,BP Entry,MIXED Watch,LT Exit,Time Stop,IBIT Disabled,CT1 Cross,CT2 Cross,CT3 Cross,CT4 Distribution,IWM CT3 Warning,LT Fast TL,LT Slow TL,VST SRI Bias Histogram,VLT SRI Bias Histogram,ST SRI Bias Histogram,LT SRI Bias Histogram,VLT Reversal Support,VLT Reversal Robust Fit,VLT Reversal Resistance,VLT Fast Trackline,VLT Slow Trackline,VLT Stage 4 to 1,VLT Stage 1 to 2,VLT Stage 2 to 3,VLT Stage 3 to 4,ST Reversal Support,ST Reversal Robust Fit,ST Reversal Resistance,ST Fast Trackline,ST Slow Trackline,ST Stage 4 to 1,ST Stage 1 to 2,ST Stage 2 to 3,ST Stage 3 to 4,LT Reversal Support,LT Reversal Robust Fit,LT Reversal Resistance,LT Fast Trackline,LT Slow Trackline,LT Stage 4 to 1,LT Stage 1 to 2,LT Stage 2 to 3,LT Stage 3 to 4,VST Reversal Support,VST Reversal Robust Fit,VST Reversal Resistance,VST Fast Trackline,VST Slow Trackline,VST Stage 4 to 1,VST Stage 1 to 2,VST Stage 2 to 3,VST Stage 3 to 4,STH MVRV,MVRV SMA,%K,%D,MTF RSI,Short-Term Risk Score,Funding Rate,Funding Rate,Funding Rate,Funding Rate,Funding Rate,Funding Rate,Funding Rate,MVRV,Z-score,Plot,Plot
1764772200,4.24,4.65,3.5,3.6,,,,,,,,342393,,,-15,-45,-65,40,60,80,,,,,,,,,,,,,0,1,0,0,0,0,0,0,0,0,,,0,0,0,0,,,,,,0,0,0,0,,,,,,0,0,0,0,,,,,,0,0,0,0,,,,,,0,0,0,0,,,,,,,0.0024860000000000004,0.0019888,0.0014916,0.0009944,0.0004972,0,0.0024860000000000004,1.6197613299229823,,7,
1764786600,3.675,3.94,3.33,3.85,,,,,,,,192243,192243,,-15,-45,-65,40,60,80,,,,,,,,,,,,,0,0,0,0,0,0,0,0,0,0,,,0,0,0,0,,,,,,0,0,0,0,,,,,,0,0,0,0,,,,,,0,0,0,0,,,,,,0,0,0,0,,,,,,,0.0024860000000000004,0.0019888,0.0014916,0.0009944,0.0004972,0,0.0024860000000000004,1.6197613299229823,,7,
1764858600,3.9,4,3.72,3.73,,,,,,,,143120,49123,,-15,-45,-65,40,60,80,,,,,,,,,,,,,0,0,0,0,0,0,0,0,0,0,,,0,0,0,0,,,,,,0,0,0,0,,,,,,0,0,0,0,,,,,,0,0,0,0,,,,,,0,0,0,0,,,,,,,-0.004479000000000001,-0.003583200000000001,-0.0026874000000000004,-0.0017916000000000004,-0.0008958000000000002,-0.004479000000000001,0,1.6570428380533766,36.53300659827971,7,
1764873000,3.72,3.75,3.41,3.58,,,,,,,,124998,-75875,,-15,-45,-65,40,60,80,,,,,,,,,,,,,0,0,0,0,0,0,0,0,0,0,,,0,0,0,0,,,,,,0,0,0,0,,,,,,0,0,0,0,,,,,,0,0,0,0,,,,,,0,0,0,0,,,,,,,-0.004479000000000001,-0.003583200000000001,-0.0026874000000000004,-0.0017916000000000004,-0.0008958000000000002,-0.004479000000000001,0,1.6570428380533766,34.44364893703529,7,
1764945000,3.675,3.75,3.44,3.57,,,,,,,,71202,-147077,,-15,-45,-65,40,60,80,,,,,,,,,,,,,0,0,0,0,0,0,0,0,0,0,,,0,0,0,0,,,,,,0,0,0,0,,,,,,0,0,0,0,,,,,,0,0,0,0,,,,,,0,0,0,0,,,,,,,-0.0012334999999999983,-0.0009867999999999986,-0.000740099999999999,-0.0004933999999999993,-0.00024669999999999965,-0.0012334999999999983,0,1.633031507134464,36.844650423150945,7,
1764959400,3.57,3.75,3.56,3.67,,,,,,,,32709,-114368,,-15,-45,-65,40,60,80,,,,,,,,,,,,,0,0,0,0,0,0,0,0,0,0,,,0,0,0,0,,,,,,0,0,0,0,,,,,,0,0,0,0,,,,,,0,0,0,0,,,,,,0,0,0,0,,,,,,,-0.0012334999999999983,-0.0009867999999999986,-0.000740099999999999,-0.0004933999999999993,-0.00024669999999999965,-0.0012334999999999983,0,1.633031507134464,40.17815595484632,7,
1765204200,3.74,3.905,3.42,3.65,,,,,,,,67652,-182020,,-15,-45,-65,40,60,80,,,,,,,,,,,,,0,0,0,0,0,0,0,0,0,0,,,0,0,0,0,,,,,,0,0,0,0,,,,0,,0,0,0,0,,,,,,0,0,0,0,,,,0,,0,0,0,0,,,,,,,-0.0043475000000000015,-0.003478000000000001,-0.0026085000000000006,-0.0017390000000000005,-0.0008695000000000003,-0.0043475000000000015,0,1.6051728699531551,32.563797512337835,7,
1765218600,3.655,3.75,3.64,3.74,,,,,,,,36771,-145249,,-15,-45,-65,40,60,80,,,,,,,,,,,,,0,0,0,0,0,0,0,0,0,0,,,0,0,0,0,,,,,,0,0,0,0,,,,0,,0,0,0,0,,,,,,0,0,0,0,,,,0,,0,0,0,0,,,,,,,-0.0043475000000000015,-0.003478000000000001,-0.0026085000000000006,-0.0017390000000000005,-0.0008695000000000003,-0.0043475000000000015,0,1.6051728699531551,30.685938041292825,7,
1765290600,3.65,3.9,3.34,3.82,,,,,,,,185950,40701,,-15,-45,-65,40,60,80,,,,,,,,,,,,,0,0,0,0,0,0,0,0,0,0,,,0,0,0,0,,,,,,0,0,0,0,,,,0,,0,0,0,0,,,,,,0,0,0,0,,,,0,,0,0,0,0,,,,,,,0.004999999999999999,0.004,0.0029999999999999996,0.002,0.001,0,0.004999999999999999,1.6094332093541772,30.92826808022506,7,
1765305000,3.82,4.07,3.79,3.855,,,,,,,5.2245,100756,141457,,-15,-45,-65,40,60,80,,,,,,,,,,,,,0,0,0,0,0,0,0,0,0,0,,,15,0,0,0,,,,,,0,0,0,0,,,,3.497598219863747,,0,0,0,0,,,,,,0,0,0,0,,,,3.497598219863747,,0,0,0,0,,,,,,,0.004999999999999999,0.004,0.0029999999999999996,0.002,0.001,0,0.004999999999999999,1.6094332093541772,31.263951171836588,7,
1765377000,3.92,3.97,3.675,3.695,,,,,,,5.0760499999999995,100327,41130,,-15,-45,-65,40,60,80,,,,,,,,,,,,,0,0,0,0,0,0,0,0,0,0,,,0,0,0,0,,,,,,0,0,0,0,,,,3.497598219863747,,0,0,0,0,,,,,,0,0,0,0,,,,3.497598219863747,,0,0,0,0,,,,,,,0.0017795000000000003,0.0014236000000000001,0.0010677,0.0007118000000000001,0.00035590000000000003,0,0.0017795000000000003,1.6450993315944296,33.21868666433628,7,
1765391400,3.69,3.81,3.69,3.745,,,,,,,4.914194999999999,70221,111351,,-15,-45,-65,40,60,80,,,,,,,,,,,,,0,0,0,0,0,0,0,0,0,0,,,0,0,0,0,,,,,,0,0,0,0,,,,3.497598219863747,,0,0,0,0,,,,,,0,0,0,0,,,,3.497598219863747,,0,0,0,0,,,,,,,0.0017795000000000003,0.0014236000000000001,0.0010677,0.0007118000000000001,0.00035590000000000003,0,0.0017795000000000003,1.6450993315944296,33.533017843853656,7,
1765463400,3.72,3.74,3.51,3.51,,,,,,,4.7432755,140038,-28687,,-15,-45,-65,40,60,80,,,,,,,,,,,,,0,0,0,0,0,0,0,0,0,0,,,0,0,0,0,,,,,,0,0,0,0,,,,3.497598219863747,,0,0,0,0,,,,,,0,0,0,0,,,,3.497598219863747,,0,0,0,0,,,,,,,0.004999999999999999,0.004,0.0029999999999999996,0.002,0.001,0,0.004999999999999999,1.6315570057734015,34.129567872872,7,
1765477800,3.52,3.54,3.41,3.42,0.3639285714285715,,,,,,4.52044795,137280,-165967,,-15,-45,-65,40,60,80,,,,,,,,,,,0,,0,0,0,0,0,0,0,0,0,0,0,,0,0,0,0,,,,,,0,0,0,0,,,,3.497598219863747,,0,0,0,0,,,,0,,0,0,0,0,,,,3.497598219863747,,0,0,0,0,,,,,,,0.004999999999999999,0.004,0.0029999999999999996,0.002,0.001,0,0.004999999999999999,1.6315570057734015,35.34696696220244,7,
1765549800,3.48,3.6,3.23,3.6,0.3643622448979592,,,,,,4.466903155000001,214524,48557,50,-15,-45,-65,40,60,80,,,,,,,,,,,2.865637755102041,,0,0,0,0,0,0,0,0,0,0,2.865637755102041,,0,0,0,0,,,,,,0,0,0,0,,,,3.497598219863747,,0,0,0,0,,,,2.865637755102041,,0,0,0,0,,,,3.497598219863747,,0,0,0,0,,,,,,,0.004999999999999999,0.004,0.0029999999999999996,0.002,0.001,0,0.004999999999999999,1.6401675135080434,36.463792317729876,7,
1765564200,3.58,3.585,3.35,3.49,0.35619351311953357,,,,,,4.466903155000001,73950,-25393,46.49202733485195,-15,-45,-65,40,60,80,,,,,,,,,,,2.865637755102041,,0,0,0,0,0,0,0,0,0,0,2.865637755102041,,0,0,0,0,,,,,,0,0,0,0,,,,3.497598219863747,,0,0,0,0,,,,2.865637755102041,,0,0,0,0,,,,3.497598219863747,,0,0,0,0,,,,,,,0.004999999999999999,0.004,0.0029999999999999996,0.002,0.001,0,0.004999999999999999,1.6401675135080434,37.11898212163046,7,
1765809000,3.49,3.545,3.18,3.28,0.3568225478967098,,,,,,4.39154155555,156704,-182097,40.63122109583168,-15,-45,-65,40,60,80,,,,,,,,,,,2.865637755102041,,0,0,0,0,0,0,0,0,0,0,2.865637755102041,,0,0,0,0,,,,,,0,0,0,0,,,,3.497598219863747,,0,0,0,0,,,,2.865637755102041,,0,0,0,0,,,,3.497598219863747,,0,0,0,0,,,,,,,-0.004825499999999998,-0.003860399999999998,-0.0028952999999999987,-0.001930199999999999,-0.0009650999999999996,-0.004825499999999998,0,1.5643567201223492,24.76962296090513,7,
1765823400,3.285,3.34,3.2,3.225,0.3413352230469448,,,,,,4.238137399995,61254,-243351,39.23615929747131,-15,-45,-65,40,60,80,,,,,,,,,,,2.865637755102041,,0,0,0,0,0,0,0,0,0,0,2.865637755102041,,-15,0,0,0,,,,,,0,0,0,0,,,,3.4715958411555645,,0,0,0,0,,,,2.865637755102041,,0,0,0,0,,,,3.4715958411555645,,0,0,0,0,,,,,,,-0.004825499999999998,-0.003860399999999998,-0.0028952999999999987,-0.001930199999999999,-0.0009650999999999996,-0.004825499999999998,0,1.5643567201223492,21.473106403086778,7,
1765895400,3.225,3.5,3.21,3.37,0.3376684214007345,,,,,,4.238137399995,114556,-128795,44.63339587804467,-15,-45,-65,40,60,80,,,,,,,,,,,2.865637755102041,,0,0,0,0,0,0,0,0,0,0,2.865637755102041,,0,0,0,0,,,,,,0,0,0,0,,,,3.4715958411555645,,0,0,0,0,,,,2.865637755102041,,0,0,0,0,,,,3.4715958411555645,,0,0,0,0,,,,,,,0.0012610000000000004,0.0010088000000000002,0.0007566000000000002,0.0005044000000000001,0.00025220000000000006,0,0.0012610000000000004,1.535364448935331,16.499544790874527,7,
1765909800,3.37,3.615,3.37,3.46,0.33104924844353917,,,,-0.17175497856557728,,4.238137399995,74023,-54772,47.7364161738075,-15,-45,-65,40,60,80,,,,,,,,,,,2.865637755102041,,0,0,0,0,0,0,0,0,0,0,2.865637755102041,,0,0,0,0,,,,,,0,0,0,0,,,,3.4715958411555645,,0,0,0,0,,,,2.865637755102041,,0,0,0,0,,,,3.4715958411555645,,0,0,0,0,,,,,,,0.0012610000000000004,0.0010088000000000002,0.0007566000000000002,0.0005044000000000001,0.00025220000000000006,0,0.0012610000000000004,1.535364448935331,14.62743266492703,7,
1765981800,3.47,3.48,3.33,3.39,0.31811715926900064,,,,-0.06970745313075455,,4.238137399995,76095,-130867,45.59597427827734,-15,-45,-65,40,60,80,,,,,,,,,,,2.865637755102041,,0,0,0,0,0,0,0,0,0,0,2.865637755102041,,0,0,0,0,,,,,,0,0,0,0,,,,3.4715958411555645,,0,0,0,0,,,,2.865637755102041,,0,0,0,0,,,,3.4715958411555645,,0,0,0,0,,,,,,,0.004999999999999999,0.004,0.0029999999999999996,0.002,0.001,0,0.004999999999999999,1.5604921503766982,14.907976212989178,7,
1765996200,3.38,3.4,3.29,3.39,0.3032516478926434,,,,-0.11724182308306993,,4.176652948136719,58473,-130867,45.59597427827734,-15,-45,-65,40,60,80,,,,,,,,,,,2.865637755102041,,0,0,0,0,0,0,0,0,0,0,2.865637755102041,,0,0,0,0,,,,,,0,0,0,0,,,,3.4715958411555645,,0,0,0,0,,,,2.865637755102041,,0,0,0,0,,,,3.4715958411555645,,0,0,0,0,,,,,,,0.004999999999999999,0.004,0.0029999999999999996,0.002,0.001,0,0.004999999999999999,1.5604921503766982,14.624424198705611,7,
1766068200,3.38,3.57,3.33,3.33,0.29873367304316883,,,,-0.1223560587382089,,4.176652948136719,143363,-274230,43.65032871717737,-15,-45,-65,40,60,80,,,,,,,,,,,2.865637755102041,,0,0,0,0,0,0,0,0,0,0,2.865637755102041,,0,0,0,0,,,,,,0,0,0,0,,,,3.4715958411555645,,0,0,0,0,,,,2.865637755102041,,0,0,0,0,,,,3.4715958411555645,,0,0,0,0,,,,,,,0.0018114999999999997,0.0014491999999999999,0.0010869,0.0007245999999999999,0.00036229999999999997,0,0.0018114999999999997,1.5329197098572125,13.06726648122367,7,
1766082600,3.33,3.33,3.16,3.16,0.2895384106829425,,,,-0.15565384933757198,,4.034438887990743,57440,-331670,38.62168568954335,-15,-45,-65,40,60,80,,,,,,,,,,,2.865637755102041,,0,0,0,0,0,0,0,0,0,0,2.865637755102041,,-15,0,0,0,,,,,,0,0,0,0,,,,3.4400061482012054,,0,0,0,0,,,,2.865637755102041,,0,0,0,0,,,,3.4400061482012054,,0,0,0,0,,,,,,,0.0018114999999999997,0.0014491999999999999,0.0010869,0.0007245999999999999,0.00036229999999999997,0,0.0018114999999999997,1.5329197098572125,12.49374458943861,7,
1766154600,3.23,3.42,3.17,3.35,0.28742852420558945,,,,-0.1276464479997772,,4.034438887990743,93141,-238529,46.09603458512848,-15,-45,-65,40,60,80,,,,,,,,,,,2.865637755102041,,0,0,0,0,0,0,0,0,0,0,2.865637755102041,,-15,0,0,0,,,,,,0,0,0,0,,,,3.4050057090439765,,0,0,0,0,,,,2.865637755102041,,0,0,0,0,3.0798738713726483,3.2856000000000014,3.2856000000000014,3.4050057090439765,,0,0,0,0,,,,,,,0.0008534999999999999,0.0006827999999999999,0.0005120999999999999,0.00034139999999999995,0.00017069999999999998,0,0.0008534999999999999,1.519862641355173,11.543980509239182,7,
1766169000,3.33,3.44,3.26,3.39,0.2797550581909045,,-0.14552535128309918,,-0.11042307328991297,,4.034438887990743,77750,-160779,47.54428056346359,-15,-45,-65,40,60,80,,,,,,,,,,,2.865637755102041,,0,0,0,0,0,0,0,0,0,0,2.865637755102041,,0,0,0,0,,,,,,0,0,0,0,,,,3.4050057090439765,,0,0,0,0,,,,2.865637755102041,,0,0,0,0,3.0772646555141674,3.278894117647063,3.278894117647063,3.4050057090439765,,0,0,0,0,,,,,,,0.0008534999999999999,0.0006827999999999999,0.0005120999999999999,0.00034139999999999995,0.00017069999999999998,0,0.0008534999999999999,1.519862641355173,11.086184475883897,7,
1766413800,3.445,3.445,3.29,3.36,0.27084398260583986,,-0.1369742233846254,,-0.11182153736451378,,4.034438887990743,81376,-242155,46.53446448029229,-15,-45,-65,40,60,80,,,,,,,,,,,2.865637755102041,,0,0,0,0,0,0,0,0,0,0,2.865637755102041,,0,0,0,0,,,,,,0,0,0,0,,,,3.4050057090439765,,0,0,0,0,,,,2.865637755102041,,0,0,0,0,3.072108047322236,3.270164705882352,3.270164705882352,3.4050057090439765,,0,0,0,0,,,,,,,0.004999999999999999,0.004,0.0029999999999999996,0.002,0.001,0,0.004999999999999999,1.5762075654622427,12.462865195029687,7,
1766428200,3.37,3.42,3.34,3.36,0.2572122695625656,,-0.12871366194411626,,-0.1350003518229039,,4.034438887990743,34410,-242155,46.53446448029229,-15,-45,-65,40,60,80,,,,,,,,,,,2.865637755102041,,0,0,0,0,0,0,0,0,0,0,2.865637755102041,,0,0,0,0,,,,0,,0,0,0,0,,,,3.4050057090439765,0,0,0,0,0,,,,2.865637755102041,,0,0,0,0,3.083904109074314,3.274235294117647,3.274235294117647,3.4050057090439765,0,0,0,0,0,,,,,,,0.004999999999999999,0.004,0.0029999999999999996,0.002,0.001,0,0.004999999999999999,1.5762075654622427,12.639857484063855,7,
1766500200,3.36,3.43,3.26,3.34,0.2509828217366681,,-0.12237033133466735,,-0.2167614705593613,,4.011962568969654,34093,-276248,45.78262896279741,-15,-45,-65,40,60,80,,,,,,,,,,,2.865637755102041,,0,0,0,0,0,0,0,0,0,0,2.865637755102041,,0,0,0,0,,,,0,,0,0,0,0,,,,3.4050057090439765,0,0,0,0,0,,,,2.865637755102041,,0,0,0,0,3.056104475498587,3.2496705882352943,3.2496705882352943,3.4050057090439765,0,0,0,0,0,,,,,36.81818181818181,,0.0047735,0.0038188000000000002,0.0028641,0.0019094000000000001,0.0009547000000000001,0,0.0047735,1.5746529317934796,12.77311424543647,7,
1766514600,3.34,3.38,3.325,3.325,0.2369840487554775,,-0.11720253292174121,,-0.2195472027747032,,3.9692663120726888,47598,-323846,45.19288415885257,-15,-45,-65,40,60,80,,,,,,,,,,,2.865637755102041,,0,0,0,0,0,0,0,0,0,0,2.865637755102041,,0,0,0,0,,,,0,,0,0,0,0,,,,3.4050057090439765,0,0,0,0,0,,,,2.865637755102041,,0,0,0,0,3.0313809440545234,3.2269764705882364,3.2269764705882364,3.4050057090439765,0,0,0,0,0,,,,,,,0.0047735,0.0038188000000000002,0.0028641,0.0019094000000000001,0.0009547000000000001,0,0.0047735,1.5746529317934796,12.939338953539345,7,
1766586600,3.33,3.35,3.16,3.24,0.23362804527294337,,-0.11859867339113794,,-0.18167225887475544,,3.8670896808654196,60720,-384566,41.89920333580295,-15,-45,-65,40,60,80,,,,,,,,,,,2.865637755102041,,0,0,0,0,0,0,0,0,0,0,2.865637755102041,,-15,0,0,0,,,,0,,0,0,0,0,,,,3.3628050999850005,0,0,0,0,0,,,,2.865637755102041,,0,0,0,0,3.000292562924596,3.199541176470585,3.199541176470585,3.3628050999850005,0,0,0,0,0,,,,,34.93696084936961,,0.004999999999999999,0.004,0.0029999999999999996,0.002,0.001,0,0.004999999999999999,1.5549684966821213,12.528764933917655,7,
1766759400,3.23,3.305,3.22,3.27,0.22301175632487596,,-0.11594780141256145,,-0.17724779010765937,,3.838880712778878,41247,-343319,43.46528242978214,-15,-45,-65,40,60,80,,,,,,,,,,,2.865637755102041,,0,0,0,0,0,0,0,0,0,0,2.865637755102041,,0,0,0,0,,,,0,,0,0,0,0,,,,3.3628050999850005,0,0,0,0,0,,,,2.865637755102041,,0,0,0,0,2.995149106532448,3.190623529411761,3.190623529411761,3.3628050999850005,0,0,0,0,0,,,,,36.52457546934913,,-0.01448,-0.011584,-0.008688,-0.005792,-0.002896,-0.01448,0,1.5512462203681407,12.449869889583903,7,
1766773800,3.27,3.3,3.26,3.27,0.20993948801595624,,-0.1125495649460122,,-0.12250215721759136,,3.8107426415009895,67665,-343319,43.46528242978214,-15,-45,-65,40,60,80,,,,,,,,,,,2.865637755102041,,0,0,0,0,0,0,0,0,0,0,2.865637755102041,,0,0,0,0,,,,0,,0,0,0,0,,,,3.3628050999850005,0,0,0,0,0,,,,2.865637755102041,,0,0,0,0,2.9967568900446127,3.186529411764705,3.186529411764705,3.3628050999850005,0,0,0,0,0,,,,,,,-0.01448,-0.011584,-0.008688,-0.005792,-0.002896,-0.01448,0,1.5512462203681407,12.468775334579336,7,
1767018600,3.32,3.43,3.16,3.17,0.21422952458624508,0.007247597117183549,-0.11658172082041363,-0.12382931793759717,-0.10820465055805895,,3.8107426415009895,94065,-437384,39.363493131474925,-15,-45,-65,40,60,80,,,,,,,,,,,2.865637755102041,,0,0,0,0,0,0,0,0,0,0,2.865637755102041,,-15,0,0,0,,,,0,,0,0,0,0,,,,3.320057803276789,0,0,0,0,0,,,,2.865637755102041,,0,0,0,0,2.9906900574832145,3.1745529411764695,3.1745529411764695,3.320057803276789,0,0,0,0,0,,,,,33.691454214589854,,0.005000000000000001,0.004000000000000001,0.0030000000000000005,0.0020000000000000005,0.0010000000000000002,0,0.005000000000000001,1.565042019464467,12.878941142258785,7,
1767033000,3.17,3.175,3.01,3.075,0.21071312997294186,-0.001729024259937026,-0.12599059826251846,-0.12426157400258143,-0.2681082092152279,,3.6448015396158016,110891,-548275,35.897677311916965,-15,-45,-65,40,60,80,,,,,,,,,,,2.865637755102041,,0,0,0,0,0,0,0,0,0,0,2.865637755102041,,-15,0,0,0,,,,0,,0,0,0,0,,,,3.200483514049884,0,0,0,0,0,,,,2.865637755102041,,0,0,0,0,2.9978088669279637,3.1625529411764726,3.1625529411764726,3.200483514049884,0,0,0,0,0,,,,,,,0.005000000000000001,0.004000000000000001,0.0030000000000000005,0.0020000000000000005,0.0010000000000000002,0,0.005000000000000001,1.565042019464467,12.990289517465165,7,
1767105000,3.11,3.44,3.06,3.4,0.22280504926058886,0.014608851467198938,-0.10600050966858277,-0.1206093611357817,-0.21413295150531372,,3.6448015396158016,113723,-434552,51.598300722092596,-15,-45,-65,40,60,80,,,,,,,,,,,2.865637755102041,,0,0,0,0,0,0,0,0,0,0,2.865637755102041,,15,0,0,0,,,,0,,0,0,0,0,,,,3.2029504394161714,0,0,0,0,0,,,,2.865637755102041,,0,0,0,0,3.051667425448529,3.194047058823527,3.3364266921985246,3.2029504394161714,0,0,0,0,0,,,,,41.88375676951154,,0.004999999999999999,0.004,0.0029999999999999996,0.002,0.001,0,0.004999999999999999,1.552331276516156,12.722720192570112,7,
1767119400,3.4,3.4,3.33,3.35,0.2118904028848325,0.02199198465411599,-0.09311938031813671,-0.1151113649722527,-0.19431840126970384,,3.6448015396158016,37195,-471747,49.58608615714219,-15,-45,-65,40,60,80,,,,,,,,,,,2.865637755102041,,0,0,0,0,0,0,0,0,0,0,2.865637755102041,,15,0,0,0,,,,0,,0,0,0,0,,,,3.2222378788843518,0,0,0,0,0,,,,2.865637755102041,,0,0,0,0,3.1105109987570763,3.228035294117645,3.345559589478214,3.2222378788843518,0,0,0,0,0,,,,,,,0.004999999999999999,0.004,0.0029999999999999996,0.002,0.001,0,0.004999999999999999,1.552331276516156,12.75699808533473,7,
1767191400,3.4,3.55,3.32,3.45,0.21318394553591588,0.03289794804841016,-0.07398892991174,-0.10688687796015016,-0.1592054123154777,,3.6448015396158016,77024,-394723,53.49248599668486,-15,-45,-65,40,60,80,,,,,,,,,,,3.106816054464084,,0,0,0,0,0,0,0,0,0,0,3.106816054464084,,0,0,0,0,,,,0,,0,0,0,0,,,,3.2222378788843518,0,0,0,0,0,,,,3.106816054464084,,0,0,0,0,3.1417862844391755,3.253494117647063,3.3652019508549507,3.2222378788843518,0,0,0,0,0,,,,,46.85927660434885,,-0.003380000000000001,-0.0027040000000000007,-0.0020280000000000003,-0.0013520000000000003,-0.0006760000000000002,-0.003380000000000001,0,1.5752041394798215,13.438120590299143,7,
1767205800,3.47,3.59,3.43,3.56,0.20938509228335045,0.046003440105750554,-0.04938257782796196,-0.09538601793371251,-0.15535343056432155,,3.6448015396158016,45371,-349352,57.40257789396278,-15,-45,-65,40,60,80,,,,,,,,,,,3.2206149077166497,,0,0,0,0,0,0,0,0,0,0,3.2206149077166497,,15,0,0,0,,,,0,,0,0,0,0,,,,3.327406186453977,0,0,0,0,0,,,,3.2206149077166497,,0,0,0,0,3.1707510859922685,3.2867647058823564,3.402778325772444,3.327406186453977,0,0,0,0,0,,,,,,,-0.003380000000000001,-0.0027040000000000007,-0.0020280000000000003,-0.0013520000000000003,-0.0006760000000000002,-0.003380000000000001,0,1.5752041394798215,13.591516489931642,7,
1767364200,3.49,3.58,3.31,3.45,0.21371472854882542,0.04565580538226596,-0.03831626120588005,-0.08397206658814602,-0.1407782477402609,,3.6448015396158016,65019,-414371,52.63675770812872,-15,-45,-65,40,60,80,,,,,,,,,,,3.2206149077166497,,0,0,0,0,0,0,0,0,0,0,3.2206149077166497,,0,0,0,0,,,,0,,0,0,0,0,,,,3.327406186453977,0,0,0,0,0,,,,3.2206149077166497,,0,0,0,0,3.1989294852318695,3.310082352941179,3.4212352206504884,3.327406186453977,0,0,0,0,0,,,,,44.280769025125785,,0.003363500000000001,0.002690800000000001,0.002018100000000001,0.0013454000000000005,0.0006727000000000003,0,0.003363500000000001,1.5816651736552265,13.904486418503192,7,
1767378600,3.43,3.46,3.41,3.425,0.20202081936676647,0.042214677618396285,-0.031203719565150667,-0.07341839718354695,-0.13853809116258942,,3.6448015396158016,5750,-420121,51.58844535590674,-15,-45,-65,40,60,80,,,,,,,,,,,3.2206149077166497,,0,0,0,0,0,0,0,0,0,0,3.2206149077166497,,0,0,0,0,,,,0,,0,0,0,0,,,,3.327406186453977,0,0,0,0,0,,,,3.2206149077166497,,0,0,0,0,3.2284915001714474,3.3372705882352967,3.446049676299146,3.327406186453977,0,0,0,0,0,,,,,,,0.003363500000000001,0.002690800000000001,0.002018100000000001,0.0013454000000000005,0.0006727000000000003,0,0.003363500000000001,1.5816651736552265,14.069320317511021,7,
1767623400,3.61,3.76,3.48,3.48,0.21151933226914027,0.042024195267278075,-0.020888153099449358,-0.06291234836672743,-0.2326223358944667,,3.6448015396158016,84995,-335126,53.769840438067426,-15,-45,-65,40,60,80,,,,,,,,,,,3.2684806677308598,,0,0,0,0,0,0,0,0,0,0,3.2684806677308598,,15,0,0,0,,,,0,,0,0,0,0,,,,3.4763108845775874,0,0,0,0,0,,,,3.2684806677308598,,0,0,0,0,3.2493503709174214,3.3680705882352955,3.4867908055531696,3.4763108845775874,0,0,0,0,0,,,,,44.280769025125785,,0.0012980000000000001,0.0010384,0.0007788000000000001,0.0005192,0.0002596,0,0.0012980000000000001,1.6300744539674061,15.259369880539086,7,
1767637800,3.5,3.52,3.37,3.45,0.20712509424991596,0.03836085681887243,-0.014961277343136903,-0.05332213416200933,-0.13149120085792704,,3.6448015396158016,72288,-407414,52.383334638975285,-15,-45,-65,40,60,80,,,,,,,,,,,3.2684806677308598,,0,0,0,0,0,0,0,0,0,0,3.2684806677308598,,0,0,0,0,,,,0,,0,0,0,0,,,,3.4763108845775874,0,0,0,0,0,,,,3.2684806677308598,,0,0,0,0,3.2583944259038318,3.3772117647058875,3.496029103507943,3.4763108845775874,0,0,0,0,0,,,,,,,0.0012980000000000001,0.0010384,0.0007788000000000001,0.0005192,0.0002596,0,0.0012980000000000001,1.6300744539674061,15.280466025555528,7,
1767709800,3.39,3.8,3.39,3.74,0.2216161589463505,0.053047057973293975,0.01298668830460814,-0.040060369668685834,-0.05336408898737761,3.0229784217365347,,62218,-345196,62.460398801294396,-15,-45,-65,40,60,80,,,,,,,,,,,3.2684806677308598,,0,0,0,0,0,0,0,0,0,0,3.2684806677308598,,0,0,0,0,,,,0,,0,0,0,0,,,,3.4763108845775874,0,0,0,0,0,,,,3.2684806677308598,,0,0,0,0,3.298785940738507,3.431823529411765,3.564861118085023,3.4763108845775874,0,0,0,0,0,,,,,51.50245701737575,,0.0025250000000000016,0.0020200000000000014,0.0015150000000000012,0.0010100000000000007,0.0005050000000000003,0,0.0025250000000000016,1.671230160917444,15.806662646907574,7,
1767724200,3.74,3.74,3.65,3.71,0.2122150047358969,0.05792196273170941,0.032342083745950934,-0.02557987898575848,-0.08030258783162599,3.0856212694459346,,32070,-377266,61.02170839331544,0,-45,-65,40,60,80,,,,,,,,,,,3.437784995264103,,1,0,0,0,0,0,0,0,0,0,3.437784995264103,,55,0,15,15,,,,3.014436026681218,,0,0,0,0,,,,3.554767341840774,2.9553790133056475,0,0,0,0,,,,3.437784995264103,,0,0,0,0,3.348575483321257,3.49530588235294,3.642036281384623,3.554767341840774,2.9553790133056475,0,0,0,0,,,,,,,0.0025250000000000016,0.0020200000000000014,0.0015150000000000012,0.0010100000000000007,0.0005050000000000003,0,0.0025250000000000016,1.671230160917444,15.409349749008925,7,
1767796200,3.71,3.76,3.53,3.68,0.2134853615404757,0.05625977055319784,0.044744834205738826,-0.011514936347459018,-0.09865659233262132,3.0856212694459346,,48056,-425322,59.54467535270936,0,-45,-65,40,60,80,,,,,,,,,,,3.437784995264103,,0,0,0,0,0,0,0,0,0,0,3.437784995264103,,25,0,0,0,,,,3.014436026681218,,0,0,0,0,,,,3.554767341840774,2.9553790133056475,0,0,0,0,,,,3.437784995264103,,0,0,0,0,3.383297652718703,3.5402941176470595,3.697290582575416,3.554767341840774,2.9553790133056475,0,0,0,0,,,,,52.45058171347817,,0.0028005,0.0022404,0.0016803,0.0011202,0.0005601,0,0.0028005,1.6680052814258375,15.042618709098868,7,
1767810600,3.68,3.8,3.67,3.75,0.20752212143044171,0.056840926504367215,0.059536221783,0.0026952952786327873,-0.08606489308915526,3.1403032282512067,,45567,-379755,61.86420597356982,0,-45,-65,40,60,80,,,,,,,,,,,3.4624778785695582,,0,0,0,0,0,0,0,0,0,0,3.4624778785695582,,55,0,15,15,,,,3.161976310489702,,0,0,0,0,,,,3.608051073779528,3.1389233694981007,0,0,0,0,,,,3.4624778785695582,,0,0,0,0,3.4225311825536746,3.595141176470588,3.767751170387501,3.608051073779528,3.1389233694981007,0,0,0,0,,,,,,,0.0028005,0.0022404,0.0016803,0.0011202,0.0005601,0,0.0028005,1.6680052814258375,14.790179301613952,7,
1767882600,3.75,3.76,3.46,3.56,0.21412768418541014,0.04207555988523699,0.055289745135179036,0.013214185249942039,-0.08520254759455632,3.1403032282512067,,53422,-433177,52.984238749660605,0,-45,-65,40,60,80,,,,,,,,,,,3.4624778785695582,,0,0,0,0,0,0,0,0,0,0,3.4624778785695582,,25,0,0,0,,,,3.161976310489702,,0,0,0,0,,,,3.608051073779528,3.1389233694981007,0,0,0,0,,,,3.4624778785695582,,0,0,0,0,3.4409960864717464,3.614811764705884,3.7886274429400215,3.608051073779528,3.1389233694981007,0,0,0,0,,,,,47.91135978662856,,0.003085000000000002,0.0024680000000000014,0.001851000000000001,0.0012340000000000007,0.0006170000000000004,0,0.003085000000000002,1.6252783384629785,13.934289278919048,7,
1767897000,3.57,3.59,3.53,3.575,0.20311856388645227,0.03145203751800955,0.052529232147453975,0.021077194629444428,-0.07172662714319683,3.1403032282512067,,29030,-404147,53.55109087585477,0,-45,-65,40,60,80,,,,,,,,,,,3.4624778785695582,,0,0,0,0,0,0,0,0,0,0,3.4624778785695582,,25,0,0,0,,,,3.161976310489702,,0,0,0,0,,,,3.608051073779528,3.1389233694981007,0,0,0,0,,,,3.4624778785695582,,0,0,0,0,3.4517902984476176,3.623294117647059,3.794797936846501,3.608051073779528,3.1389233694981007,0,0,0,0,,,,,,,0.003085000000000002,0.0024680000000000014,0.001851000000000001,0.0012340000000000007,0.0006170000000000004,0,0.003085000000000002,1.6252783384629785,14.023407794487742,7,
1767969000,3.59,3.69,3.5,3.51,0.20218152360884853,0.01880434682303627,0.04458262815823977,0.025778281335203497,-0.06818707566702376,3.1403032282512067,,48547,-452694,50.69857020532067,0,-45,-65,40,60,80,,,,,,,,,,,3.4624778785695582,,0,0,0,0,0,0,0,0,0,0,3.4624778785695582,,0,0,0,0,,,,3.161976310489702,,0,0,0,0,3.20901019328903,3.398776470588235,3.58854274788744,3.608051073779528,3.1389233694981007,0,0,0,0,,,,3.4624778785695582,,0,0,0,0,3.4649272729231333,3.6372235294117647,3.6372235294117647,3.608051073779528,3.1389233694981007,0,0,0,0,,,,,47.1785203100706,,0.004227500000000001,0.003382000000000001,0.0025365000000000006,0.0016910000000000004,0.0008455000000000002,0,0.004227500000000001,1.6205497198571082,14.02161116883701,7,
1767983400,3.51,3.54,3.48,3.54,0.19202570049393078,0.011570778632977459,0.04024175462642532,0.02867097599344786,-0.04821208245007376,3.1403032282512067,,16416,-436278,51.970208964489075,0,-45,-65,40,60,80,,,,,,,,,,,3.4624778785695582,,0,0,0,0,0,0,0,0,0,0,3.4624778785695582,,0,0,0,0,,,,3.161976310489702,,0,0,0,0,3.2181252808145406,3.407364705882356,3.5966041309501713,3.608051073779528,3.1389233694981007,0,0,0,0,,,,3.4624778785695582,,0,0,0,0,3.475513949390906,3.6486352941176454,3.8217566388443847,3.608051073779528,3.1389233694981007,0,0,0,0,,,,,,,0.004227500000000001,0.003382000000000001,0.0025365000000000006,0.0016910000000000004,0.0008455000000000002,0,0.004227500000000001,1.6205497198571082,14.126974474023838,7,
1768228200,3.5,3.55,3.3,3.5,0.19616672188722142,0.003616264525174946,0.03319130664991654,0.029575042124741595,-0.007243470962607026,3.1403032282512067,,90103,-526381,50.11416540611524,0,-45,-65,40,60,80,,,,,,,,,,,3.4624778785695582,,0,0,0,0,0,0,0,0,0,0,3.4624778785695582,,0,0,0,0,,,,3.161976310489702,,0,0,0,0,3.241000982993302,3.422988235294117,3.6049754875949325,3.608051073779528,3.1389233694981007,0,0,0,0,,,,3.4624778785695582,,0,0,0,0,3.479295419365946,3.652023529411764,3.652023529411764,3.608051073779528,3.1389233694981007,0,0,0,0,,,,,44.722886450062774,,0.004999999999999999,0.004,0.0029999999999999996,0.002,0.001,0,0.004999999999999999,1.6190374197220199,14.196727512712586,7,
1768242600,3.5,3.65,3.43,3.43,0.197869098895277,-0.006295907855961673,0.021705157304789502,0.028001065160751175,-0.009706469529748369,3.1403032282512067,,36484,-562865,46.95386900082729,0,-45,-65,40,60,80,,,,,,,,,,,3.4624778785695582,,0,0,0,0,0,0,0,0,0,0,3.4624778785695582,,-15,0,0,0,,,,3.161976310489702,,0,0,0,0,3.2506677620148103,3.4291999999999985,3.4291999999999985,3.6065881082548636,3.1389233694981007,0,0,0,0,,,,3.4624778785695582,,0,0,0,0,3.478018986863086,3.6504470588235334,3.6504470588235334,3.6065881082548636,3.1389233694981007,0,0,0,0,,,,,,,0.004999999999999999,0.004,0.0029999999999999996,0.002,0.001,0,0.004999999999999999,1.6190374197220199,14.307320552132888,7,
1768314600,3.44,3.62,3.37,3.45,0.20159273468847153,-0.01115755067024899,0.014054126822939939,0.02521167749318893,0.02986072044073492,3.1403032282512067,,112046,-450819,47.963566948181,0,-45,-65,40,60,80,,,,,,,,,,,3.4624778785695582,,0,0,0,0,0,0,0,0,0,0,3.4624778785695582,,0,0,0,0,,,,3.161976310489702,,0,0,0,0,3.2537671312705743,3.4316705882352934,3.4316705882352934,3.6065881082548636,3.1389233694981007,0,0,0,0,,,,3.4624778785695582,,0,0,0,0,3.474896346686889,3.6453411764705894,3.6453411764705894,3.6065881082548636,3.1389233694981007,0,0,0,0,,,,,52.6802261080824,,0.00008650000000000129,0.00006920000000000103,0.000051900000000000774,0.000034600000000000516,0.000017300000000000258,0,0.00008650000000000129,1.624531969312814,14.528101158677083,7,
1768329000,3.45,3.75,3.45,3.745,0.20862182506786642,0.004976523817532413,0.031432332265104446,0.026455808447572032,0.10716233044090596,3.1403032282512067,,65492,-385327,60.0442982790128,0,-45,-65,40,60,80,,,,,,,,,,,3.4624778785695582,,0,0,0,0,0,0,0,0,0,0,3.4624778785695582,,0,0,0,0,,,,3.161976310489702,,0,0,0,0,3.2754434648398445,3.4569529411764712,3.638462417513098,3.6065881082548636,3.1389233694981007,0,0,0,0,,,,3.4624778785695582,,0,0,0,0,3.5008871329798734,3.67778823529412,3.854689337608366,3.6065881082548636,3.1389233694981007,0,0,0,0,,,,,,,0.00008650000000000129,0.00006920000000000103,0.000051900000000000774,0.000034600000000000516,0.000017300000000000258,0,0.00008650000000000129,1.624531969312814,14.622328072369497,7,
1768401000,3.73,3.9,3.66,3.73,0.21086312327730453,0.013629714022766026,0.043492950976029565,0.02986323695326354,-0.042911314504209846,3.1502584357823613,,204800,-590127,59.29055209319067,0,-45,-65,40,60,80,,,,,,,,,,,3.4624778785695582,,0,0,0,0,0,0,0,0,0,0,3.4624778785695582,,0,0,0,0,,,,3.161976310489702,,0,0,0,0,3.301665900168966,3.4846588235294114,3.667651746889857,3.6065881082548636,3.1389233694981007,0,0,0,0,,,,3.4624778785695582,,0,0,0,0,3.523723969472317,3.7011529411764723,3.8785819128806276,3.6065881082548636,3.1389233694981007,0,0,0,0,,,,,52.40939712947357,,0.004999999999999999,0.004,0.0029999999999999996,0.002,0.001,0,0.004999999999999999,1.6962286580771,15.761038549553236,7,
1768415400,3.77,3.8,3.7,3.76,0.20294432875749704,0.019981146355763625,0.05483966989796807,0.03485852354220444,-0.022031317093933207,3.1532325922041253,,47744,-542383,60.36226115955305,0,-45,-65,40,60,80,,,,,,,,,,,3.497055671242503,,0,0,0,0,0,0,0,0,0,0,3.497055671242503,,15,0,15,15,,,,3.3140862814799137,,0,0,0,0,3.3280320484368566,3.5137529411764716,3.6994738339160866,3.6065881082548636,3.293473328879073,0,0,0,0,,,,3.497055671242503,,0,0,0,0,3.5456827381071365,3.7251764705882366,3.9046702030693368,3.6065881082548636,3.293473328879073,0,0,0,0,,,,,,,0.004999999999999999,0.004,0.0029999999999999996,0.002,0.001,0,0.004999999999999999,1.6962286580771,15.292917733255457,7,
1768487400,3.825,3.83,3.6,3.675,0.2048768767033901,0.017172356455416773,0.056323969111475414,0.03915161265605864,-0.04600764692447931,3.1532325922041253,,53671,-596054,55.87404122448586,0,-45,-65,40,60,80,,,,,,,,,,,3.497055671242503,,0,0,0,0,0,0,0,0,0,0,3.497055671242503,,0,0,0,0,,,,3.3140862814799137,,0,0,0,0,3.3554889142741806,3.5395882352941173,3.723687556314054,3.6065881082548636,3.293473328879073,0,0,0,0,,,,3.497055671242503,,0,0,0,0,3.5567453481024343,3.732717647058824,3.9086899460152136,3.6065881082548636,3.293473328879073,0,0,0,0,,,,,49.921882475313204,,0.004999999999999999,0.004,0.0029999999999999996,0.002,0.001,0,0.004999999999999999,1.723033303005223,15.131008075856814,7,
1768501800,3.675,3.7,3.62,3.63,0.19595709979600512,0.01128292540882013,0.053255269417083806,0.041972344008263676,-0.08641769783711267,3.1532325922041253,,25597,-621651,53.601740566475414,0,-45,-65,40,60,80,,,,,,,,,,,3.497055671242503,,0,0,0,0,0,0,0,0,0,0,3.497055671242503,,0,15,0,0,,,,3.3140862814799137,,0,0,0,0,3.3864325835815214,3.565282352941175,3.744132122300828,3.6065881082548636,3.293473328879073,0,0,0,0,,,,3.497055671242503,,0,0,0,0,3.559731098761862,3.7229058823529417,3.8860806659440215,3.6065881082548636,3.293473328879073,0,0,0,0,,,,,,,0.004999999999999999,0.004,0.0029999999999999996,0.002,0.001,0,0.004999999999999999,1.723033303005223,14.513411462230673,7,
1768573800,3.7,3.83,3.55,3.75,0.20196016409629047,0.014275540341583945,0.05981676943524361,0.045541229093659666,-0.05848834140725667,3.1532325922041253,,81524,-540127,58.453943273086054,0,-45,-65,40,60,80,,,,,,,,,,,3.497055671242503,,0,0,0,0,0,0,0,0,0,0,3.497055671242503,,0,0,0,0,,,,3.3140862814799137,,0,0,0,0,3.4272228812582166,3.6021411764705897,3.777059471682963,3.6065881082548636,3.293473328879073,0,0,0,0,,,,3.497055671242503,,0,0,0,0,3.573496469352151,3.705623529411765,3.8377505894713795,3.6065881082548636,3.293473328879073,0,0,0,0,,,,,51.57211598554318,,0.0027260000000000006,0.0021808000000000005,0.0016356000000000005,0.0010904000000000003,0.0005452000000000001,0,0.0027260000000000006,1.698711429321276,13.750169952613877,7,
1768588200,3.76,3.76,3.69,3.7,0.19253443808941256,0.01179683210746204,0.06028726922798722,0.04849043712052518,-0.07602287597993214,3.1671199037451263,,36320,-576447,55.83389891297787,0,-45,-65,40,60,80,,,,,,,,,,,3.4974655619105874,,0,0,0,0,0,0,0,0,0,0,3.4974655619105874,,0,0,0,0,,,,3.3140862814799137,,0,0,0,0,3.4539165982090645,3.6289647058823538,3.804012813555643,3.6065881082548636,3.293473328879073,0,0,0,0,,,,3.4974655619105874,,0,0,0,0,3.584272151594671,3.712776470588234,3.841280789581797,3.6065881082548636,3.293473328879073,0,0,0,0,,,,,,,0.0027260000000000006,0.0021808000000000005,0.0016356000000000005,0.0010904000000000003,0.0005452000000000001,0,0.0027260000000000006,1.698711429321276,13.507644464096453,7,
1768919400,3.605,3.635,3.41,3.5,0.1994962639401688,-0.0035807944482925194,0.04401444406015953,0.04759523850845205,-0.024249475869929055,3.1671199037451263,,104717,-681164,46.79807961212591,0,-45,-65,40,60,80,,,,,,,,,,,3.4974655619105874,,0,0,0,0,0,0,0,0,0,0,3.4974655619105874,,0,0,0,0,,,,3.3140862814799137,,0,0,0,0,3.4715799852563065,3.6422470588235303,3.6422470588235303,3.6065881082548636,3.293473328879073,0,0,0,0,,,,3.4974655619105874,,0,0,0,0,3.5598229008817777,3.681929411764704,3.681929411764704,3.6065881082548636,3.293473328879073,0,0,0,0,,,,,45.39649043970707,,0.0046065,0.0036852,0.0027639,0.0018426,0.0009213,0,0.0046065,1.6447264966979813,12.521132378213574,7,
1768933800,3.49,3.54,3.42,3.48,0.19381795937301388,-0.014741751678048684,0.029168048910891198,0.04390980058893988,-0.029342367224596586,3.1671199037451263,,16772,-697936,45.99644124230863,0,-45,-65,40,60,80,,,,,,,,,,,3.4974655619105874,,0,0,0,0,0,0,0,0,0,0,3.4974655619105874,,0,0,0,0,,,,3.3140862814799137,,0,0,0,0,3.4745906651597633,3.645152941176469,3.645152941176469,3.6065881082548636,3.293473328879073,0,0,0,0,,,,3.4974655619105874,,0,0,0,0,3.5325310896782964,3.650282352941176,3.650282352941176,3.6065881082548636,3.293473328879073,0,0,0,0,,,,,,,0.0046065,0.0036852,0.0027639,0.0018426,0.0009213,0,0.0046065,1.6447264966979813,12.57106905755943,7,
1769005800,3.52,3.52,3.25,3.29,0.19925953370351288,-0.033490109859116476,0.002047163265044283,0.03553727312416076,-0.11954468593355992,3.1671199037451263,,98865,-796801,39.13757053514642,0,-45,-65,40,60,80,,,,,,,,,,,3.4974655619105874,,0,0,0,0,0,0,0,0,0,0,3.4974655619105874,,-15,0,0,0,,,,3.3140862814799137,,0,0,0,0,3.457566685732676,3.629776470588238,3.629776470588238,3.5201113896029055,3.293473328879073,0,0,0,0,,,,3.4974655619105874,,0,0,0,0,3.477427407927569,3.6042352941176463,3.6042352941176463,3.5201113896029055,3.293473328879073,0,0,0,0,,,,,42.53464046097327,,0.001094,0.0008752,0.0006564,0.0004376,0.0002188,0,0.001094,1.5708985802207998,11.158929704963123,7,
1769020200,3.28,3.435,3.28,3.37,0.19609813843897625,-0.0387041840825482,-0.012842956979024489,0.02586122710352371,-0.1258198435580905,3.1671199037451263,,24027,-772774,42.9922091344234,0,-45,-65,40,60,80,,,,,,,,,,,3.4974655619105874,,0,0,0,0,0,0,0,0,0,0,3.4974655619105874,,0,0,0,0,,,,3.3140862814799137,,0,0,0,0,3.4565769521785694,3.6281176470588234,3.6281176470588234,3.5201113896029055,3.293473328879073,0,0,0,0,,,,3.4974655619105874,,0,0,0,0,3.4302107942126567,3.559011764705881,3.559011764705881,3.5201113896029055,3.293473328879073,0,0,0,0,,,,,,,0.001094,0.0008752,0.0006564,0.0004376,0.0002188,0,0.001094,1.5708985802207998,11.197041013281405,7,
1769092200,3.45,3.52,3.44,3.46,0.19280541426476366,-0.034435509634592014,-0.017183159939716308,0.017252349694875706,-0.14680144532470815,3.1671199037451263,,12231,-760543,47.05475736953397,0,-45,-65,40,60,80,,,,,,,,,,,3.4974655619105874,,0,0,0,0,0,0,0,0,0,0,3.4974655619105874,,0,0,0,0,,,,3.3140862814799137,,0,0,0,0,3.45810911120024,3.6295882352941153,3.6295882352941153,3.5201113896029055,3.293473328879073,0,0,0,0,,,,3.4974655619105874,,0,0,0,0,3.40344960482022,3.5305764705882345,3.5305764705882345,3.5201113896029055,3.293473328879073,0,0,0,0,,,,,43.80631371089095,,0.0017444999999999993,0.0013955999999999994,0.0010466999999999996,0.0006977999999999997,0.00034889999999999986,0,0.0017444999999999993,1.5899100229634853,11.644898709942538,7,
1769106600,3.48,3.48,3.38,3.4,0.18617645610299483,-0.03394116707959713,-0.025174109154620705,0.008767057924976424,-0.16702641784242042,3.1671199037451263,,14347,-774890,44.764463920279496,0,-45,-65,40,60,80,,,,,,,,,,,3.4974655619105874,,0,0,0,0,0,0,0,0,0,0,3.4974655619105874,,0,0,0,0,,,,3.3140862814799137,,0,0,0,0,3.4482552473499664,3.6180705882352955,3.6180705882352955,3.5201113896029055,3.293473328879073,0,0,0,0,,,,3.4974655619105874,,0,0,0,0,3.373000750296873,3.5033294117647045,3.5033294117647045,3.5201113896029055,3.293473328879073,0,0,0,0,,,,,,,0.0017444999999999993,0.0013955999999999994,0.0010466999999999996,0.0006977999999999997,0.00034889999999999986,0,0.0017444999999999993,1.5899100229634853,11.720732736477464,7,
1769178600,3.405,3.65,3.27,3.43,0.20002099495278092,-0.03001746835878929,-0.02875477752351019,0.0012626908352791006,-0.15898763779809666,3.1671199037451263,,99552,-675338,46.17513331144115,0,-45,-65,40,60,80,,,,,,,,,,,3.4974655619105874,,0,0,0,0,0,0,0,0,0,0,3.4974655619105874,,0,0,0,0,,,,3.3140862814799137,,0,0,0,0,3.439852589332642,3.606399999999998,3.606399999999998,3.5201113896029055,3.293473328879073,0,0,0,0,,,,3.4974655619105874,,0,0,0,0,3.3260615503469593,3.4616352941176434,3.4616352941176434,3.5201113896029055,3.293473328879073,0,0,0,0,,,,,47.26256856465316,,0.004999999999999999,0.004,0.0029999999999999996,0.002,0.001,0,0.004999999999999999,1.5917310161759375,11.83240986168829,7,
1769193000,3.46,3.58,3.44,3.49,0.196448066741868,-0.022167056604639707,-0.026446129920520534,-0.004279073315880826,-0.18260987611855548,3.1671199037451263,,86926,-588412,48.98152828433218,0,-45,-65,40,60,80,,,,,,,,,,,3.4974655619105874,,0,0,0,0,0,0,0,0,0,0,3.4974655619105874,,0,0,0,0,,,,3.3140862814799137,,0,0,0,0,3.43866070777686,3.6047058823529374,3.6047058823529374,3.5201113896029055,3.293473328879073,0,0,0,0,,,,3.4974655619105874,,0,0,0,0,3.3226192987984446,3.456858823529411,3.456858823529411,3.5201113896029055,3.293473328879073,0,0,0,0,,,,,,,0.004999999999999999,0.004,0.0029999999999999996,0.002,0.001,0,0.004999999999999999,1.5917310161759375,11.909437787885118,7,
1769437800,3.5,3.7,3.31,3.7,0.2102732048317346,-0.0026438159720207606,-0.007583843280906777,-0.004940027308886016,-0.02696277463417135,3.1671199037451263,,152397,-436015,57.361144001098545,0,-45,-65,40,60,80,,,,,,,,,,,3.4974655619105874,,0,0,0,0,0,0,0,0,0,0,3.4974655619105874,,0,0,0,0,,,,3.3140862814799137,,0,0,0,0,3.453394755238798,3.6226352941176456,3.7918758329964932,3.5201113896029055,3.293473328879073,0,0,0,0,,,,3.4974655619105874,,0,0,0,0,3.326613211884419,3.462552941176471,3.598492670468523,3.5201113896029055,3.293473328879073,0,0,0,0,,,,,53.67799357164926,,0.004405000000000001,0.003524000000000001,0.002643000000000001,0.0017620000000000005,0.0008810000000000003,0,0.004405000000000001,1.5474649423742375,10.909436092111886,7,
1769452200,3.7,3.78,3.6,3.735,0.20811083305803924,0.01201022175005824,0.010072749878686782,-0.0019374718713714564,0.023045107740558207,3.1671199037451263,,178319,-257696,58.58214957377866,0,-45,-65,40,60,80,,,,,,,,,,,3.4974655619105874,,0,0,0,0,0,0,0,0,0,0,3.4974655619105874,,15,0,0,0,,,,3.3140862814799137,,0,0,0,0,3.4671165764602834,3.639917647058821,3.8127187176573583,3.5329486168130253,3.293473328879073,0,0,0,0,,,,3.4974655619105874,,0,0,0,0,3.3560845527611725,3.49409411764706,3.632103682532948,3.5329486168130253,3.293473328879073,0,0,0,0,,,,,,,0.004405000000000001,0.003524000000000001,0.002643000000000001,0.0017620000000000005,0.0008810000000000003,0,0.004405000000000001,1.5474649423742375,10.85332709204933,7,
1769524200,4.1,4.62,4.07,4.365,0.2564600592681793,0.06078828479462986,0.07404788412191587,0.013259599327286011,0.005789252016243727,3.510440557694812,,402354,144658,73.36639678479138,0,-45,-65,40,60,80,,,,,,,,,,,3.813539940731821,,0,0,0,0,0,0,0,0,0,0,3.813539940731821,,15,0,0,0,,,,3.3140862814799137,,0,0,0,0,3.4930038333755546,3.705305882352941,3.9176079313303274,4.017874062456128,3.293473328879073,0,0,0,0,,,,3.813539940731821,,0,0,0,0,3.425613746582538,3.6315882352941156,3.8375627240056933,4.017874062456128,3.293473328879073,0,0,0,0,,,,,65.6224841506448,,-0.0012760000000000007,-0.0010208000000000005,-0.0007656000000000004,-0.0005104000000000003,-0.00025520000000000013,-0.0012760000000000007,0,1.577325309948391,11.485657440026333,7,
1769538600,4.35,4.48,4.315,4.35,0.24992719789188075,0.08709665719274196,0.12213042081821346,0.0350337636254715,-0.027385577469282683,3.5968965019253316,,176882,-32224,72.70098976692732,0,-45,-65,40,60,80,,,,,,,,,,,4.065072802108119,,0,0,0,0,0,0,0,0,0,0,4.065072802108119,,30,0,15,15,,,,3.701190020776126,,0,0,0,0,3.522673695180092,3.7648352941176446,4.006996893055198,4.142311629423548,3.6637128235492185,0,0,0,0,,,,4.065072802108119,,0,0,0,0,3.489358007681341,3.7439176470588227,3.9984772864363043,4.142311629423548,3.6637128235492185,0,0,0,0,,,,,,,-0.0012760000000000007,-0.0010208000000000005,-0.0007656000000000004,-0.0005104000000000003,-0.00025520000000000013,-0.0012760000000000007,0,1.577325309948391,11.526314055248209,7,
1769610600,4.98,5.12,4.32,4.46,0.2892181123281749,0.10572103152788914,0.16718505303533293,0.06146402150744379,-0.0978897120827554,3.759456851732798,,307900,275676,74.52563980839868,0,-45,-65,40,60,80,,,,,,,,,,,4.065072802108119,,0,0,0,0,0,0,0,0,0,0,4.065072802108119,,0,0,0,0,,,,3.701190020776126,,0,0,0,0,3.5532044220981014,3.823705882352937,4.094207342607772,4.142311629423548,3.6637128235492185,0,0,0,0,,,,4.065072802108119,,0,0,0,0,3.562114928983166,3.858988235294115,4.155861541605064,4.142311629423548,3.6637128235492185,0,0,0,0,,,,,69.75328775636925,,-0.002287999999999997,-0.0018303999999999977,-0.0013727999999999982,-0.0009151999999999988,-0.0004575999999999994,-0.002287999999999997,0,1.5925815750194778,11.901490141758165,7,
1769625000,4.46,4.75,4.355,4.645,0.29677396144759094,0.12309826943328908,0.21533685829905513,0.09223858886576605,-0.08892005446872878,3.759456851732798,,159311,434987,77.27651758703635,0,-45,-65,40,60,80,,,,,,,,,,,4.065072802108119,,0,0,0,0,0,0,0,0,0,0,4.065072802108119,,30,15,15,15,,,,3.920390733577831,,0,0,0,0,3.591623917522679,3.9014823529411737,4.211340788359669,4.327093996964726,3.904161907581418,0,0,0,0,,,,4.065072802108119,,0,0,0,0,3.649049583777832,3.998741176470586,4.34843276916334,4.327093996964726,3.904161907581418,0,0,0,0,,,,,,,-0.002287999999999997,-0.0018303999999999977,-0.0013727999999999982,-0.0009151999999999988,-0.0004575999999999994,-0.002287999999999997,0,1.5925815750194778,11.969970060247622,7,
1769697000,4.85,5.1,4.2,4.415,0.33986153562990584,0.1120179865194568,0.23226107201508706,0.12024308549563026,-0.11970786780858021,3.759456851732798,,325813,109174,67.5151623640331,0,-45,-65,40,60,80,,,,,,,,,,,4.065072802108119,,0,0,0,0,0,0,0,0,0,0,4.065072802108119,,0,0,0,0,,,,3.920390733577831,,0,0,0,0,3.629430627255003,3.9599529411764656,4.290475255097928,4.327093996964726,3.904161907581418,0,0,0,0,,,,4.065072802108119,,0,0,0,0,3.7172734546077812,4.090047058823523,4.462820663039265,4.327093996964726,3.904161907581418,0,0,0,0,,,,,62.23658663463066,,0.004999999999999999,0.004,0.0029999999999999996,0.002,0.001,0,0.004999999999999999,1.5932540400449444,12.051188788854711,7,
1769711400,4.41,4.44,4.265,4.365,0.3280857116563412,0.09491379544655928,0.23888532980382937,0.1439715343572701,-0.11733283429779408,3.759456851732798,,80185,28989,65.57591250302261,0,-45,-65,40,60,80,,,,,,,,,,,4.065072802108119,,0,0,0,0,0,0,0,0,0,0,4.065072802108119,,0,0,0,0,,,,3.920390733577831,,0,0,0,0,3.664814560884256,4.010929411764703,4.35704426264515,4.327093996964726,3.904161907581418,0,0,0,0,,,,4.065072802108119,,0,0,0,0,3.7765376087384057,4.164741176470585,4.552944744202764,4.327093996964726,3.904161907581418,0,0,0,0,,,,,,,0.004999999999999999,0.004,0.0029999999999999996,0.002,0.001,0,0.004999999999999999,1.5932540400449444,12.119656286357086,7,
1769783400,4.185,4.39,3.99,4.04,0.33322244653803107,0.05716438011266403,0.21542700949810012,0.1582626293854361,-0.15882918793311074,3.759456851732798,,188270,-159281,54.59826387597656,0,-45,-65,40,60,80,,,,,,,,,,,4.065072802108119,,0,0,0,0,0,0,0,0,0,0,4.065072802108119,,0,0,0,0,,,,3.920390733577831,,0,0,0,0,3.6849410157736107,4.034305882352939,4.383670748932268,4.327093996964726,3.904161907581418,0,0,0,0,,,,4.065072802108119,,0,0,0,0,3.796291829649702,4.183094117647056,4.183094117647056,4.327093996964726,3.904161907581418,0,0,0,0,,,,,64.72223256860038,,-0.004273999999999998,-0.003419199999999999,-0.0025643999999999992,-0.0017095999999999995,-0.0008547999999999997,-0.004273999999999998,0,1.512306277245064,10.256732825645651,7,
1769797800,4.05,4.71,4.04,4.56,0.35727798607102884,0.06224946164667122,0.23607445644377512,0.1738249947971039,-0.10221762846966252,3.759456851732798,,197173,37892,64.762499864185,0,-45,-65,40,60,80,,,,,,,,,,,4.065072802108119,,0,0,0,0,0,0,0,0,0,0,4.065072802108119,,0,0,0,0,,,,3.920390733577831,,0,0,0,0,3.7250054949324656,4.095658823529411,4.466312152126356,4.327093996964726,3.904161907581418,0,0,0,0,,,,4.065072802108119,,0,0,0,0,3.8634588963854997,4.270717647058823,4.677976397732146,4.327093996964726,3.904161907581418,0,0,0,0,,,,,,,-0.004273999999999998,-0.003419199999999999,-0.0025643999999999992,-0.0017095999999999995,-0.0008547999999999997,-0.004273999999999998,0,1.512306277245064,10.076832776895786,7,
1770042600,4.59,5.17,4.58,4.74,0.3753295584945268,0.07207592278579372,0.26391989827934603,0.1918439754935523,-0.15504941437697892,3.759456851732798,,321852,359744,67.47675111677441,0,-45,-65,40,60,80,,,,,,,,,,,4.204670441505473,,0,0,0,0,0,0,0,0,0,0,4.204670441505473,,15,0,0,0,,,,3.920390733577831,,0,0,0,0,3.7695980069303205,4.167517647058821,4.565437287187321,4.38933606047952,3.904161907581418,0,0,0,0,,,,4.204670441505473,,0,0,0,0,3.9628474140634626,4.413247058823528,4.863646703583594,4.38933606047952,3.904161907581418,0,0,0,0,,,,,73.62892780315752,,-0.008532999999999999,-0.0068264,-0.0051198,-0.0034132,-0.0017066,-0.008532999999999999,0,1.3788224297147138,6.653548148220174,,
1770057000,4.72,5.36,4.72,5.35,0.39423459003063205,0.11163638930935194,0.33138946213024223,0.2197530728208903,-0.05250049732470737,3.759456851732798,,276124,635868,74.6133638211363,0,-45,-65,40,60,80,,,,,,,,,,,4.325765409969367,,0,0,0,0,0,0,0,0,0,0,4.325765409969367,,30,0,55,15,,,,4.099722464165632,,0,0,0,0,3.823099256669611,4.280011764705881,4.736924272742151,4.795090786842035,4.065189399036579,0,0,0,0,,,,4.325765409969367,,0,0,0,0,4.090268520188559,4.614141176470591,5.138013832752623,4.795090786842035,4.065189399036579,0,1,0,0,,,,,,,-0.008532999999999999,-0.0068264,-0.0051198,-0.0034132,-0.0017066,-0.008532999999999999,0,1.3788224297147138,6.101552917330537,,
1770129000,5.73,5.73,4.99,5.08,0.41893211931415836,0.11134574326622956,0.35893525190367725,0.2475895086374477,-0.15880281614366423,3.9470586932308014,,580370,55498,67.5480768325362,0,-45,-65,40,60,80,,,,,,,,,,,4.571067880685842,,0,0,0,0,0,0,0,0,0,0,4.571067880685842,,0,0,25,0,,,,4.099722464165632,,0,0,0,0,3.8773664788466338,4.367776470588232,4.858186462329829,4.795090786842035,4.065189399036579,0,0,0,0,,,,4.571067880685842,,0,0,0,0,4.210685253018407,4.783082352941175,5.355479452863944,4.795090786842035,4.065189399036579,0,0,0,0,,,,,68.9968642149772,,0.0017785000000000006,0.0014228000000000005,0.0010671000000000005,0.0007114000000000003,0.00035570000000000013,0,0.0017785000000000006,1.4115826855200442,6.291254279291617,,
1770143400,5.04,5.51,4.92,5.1,0.4311512536488613,0.1043457710917981,0.37802172250219535,0.27367595141039724,-0.18313058092590856,3.9470586932308014,,420577,476075,67.79137358191969,0,-45,-65,40,60,80,,,,,,,,,,,4.571067880685842,,0,0,0,0,0,0,0,0,0,0,4.571067880685842,,15,15,40,15,,,,4.4161708595823725,,0,0,0,0,3.932592043320489,4.452835294117646,4.973078544914803,4.795090786842035,4.397711584819681,0,0,0,0,,,,4.571067880685842,,0,0,0,0,4.328787760962507,4.946411764705881,5.564035768449255,4.795090786842035,4.397711584819681,0,0,0,0,,,,,,,0.0017785000000000006,0.0014228000000000005,0.0010671000000000005,0.0007114000000000003,0.00035570000000000013,0,0.0017785000000000006,1.4115826855200442,6.017183514285495,,
1770215400,4.95,5.1,4.65,4.79,0.4324975926739426,0.07220981920867209,0.3639382254212373,0.29172840621256524,-0.19065166902756991,3.9470586932308014,,435992,40083,60.25125237033325,0,-45,-65,40,60,80,,,,,,,,,,,4.571067880685842,,0,0,0,0,0,0,0,0,0,0,4.571067880685842,,0,0,25,0,,,,4.4161708595823725,,0,0,0,0,3.974646137180967,4.505517647058822,5.036389156936677,4.795090786842035,4.397711584819681,0,0,0,0,,,,4.571067880685842,,0,0,0,0,4.408131297157359,5.041400000000003,5.674668702842647,4.795090786842035,4.397711584819681,0,0,0,0,,,,,68.76392565505402,,0.0010159999999999998,0.0008127999999999998,0.0006095999999999999,0.0004063999999999999,0.00020319999999999995,0,0.0010159999999999998,1.3603746108647354,4.922999800652511,,
1770229800,4.79,5.15,4.72,5.14,0.4323191931972325,0.06795881924397779,0.37667693026753746,0.30871811102355967,-0.13619909255354132,3.9470586932308014,,228460,268543,64.98638242405397,0,-45,-65,40,60,80,,,,,,,,,,,4.571067880685842,,0,0,0,0,0,0,0,0,0,0,4.571067880685842,,0,0,25,0,,,,4.4161708595823725,,0,0,0,0,4.026808727604601,4.5777647058823545,5.128720684160108,4.795090786842035,4.397711584819681,0,0,0,0,,,,4.571067880685842,,0,0,0,0,4.497862204797588,5.151282352941183,5.804702501084778,4.795090786842035,4.397711584819681,0,0,0,0,,,,,,,0.0010159999999999998,0.0008127999999999998,0.0006095999999999999,0.0004063999999999999,0.00020319999999999995,0,0.0010159999999999998,1.3603746108647354,4.657630604433159,,
1770301800,4.89,5,4.33,4.76,0.45929639368314445,0.03466662488045269,0.3520513921241255,0.3173847672436728,-0.11506107714348077,3.9470586932308014,,234492,34051,57.04130473313317,0,-45,-65,40,60,80,,,,,,,,,,,4.571067880685842,,0,0,0,0,0,0,0,0,0,0,4.571067880685842,,0,0,0,0,,,,4.4161708595823725,,0,0,0,0,4.0678412011508405,4.628647058823527,5.189452916496214,4.795090786842035,4.397711584819681,0,0,0,0,,,,4.571067880685842,,0,0,0,0,4.5554528161328545,5.2146000000000035,5.873747183867152,4.795090786842035,4.397711584819681,0,0,0,0,,,,,58.72834833646017,,-0.0007035000000000017,-0.0005628000000000013,-0.000422100000000001,-0.00028140000000000066,-0.00014070000000000033,-0.0007035000000000017,0,1.315458331280378,3.7973858409316543,,
1770316200,4.78,4.89,4.65,4.71,0.44363236556291985,0.005898021139839116,0.3247572936684717,0.3188592725286326,-0.12106288938081905,3.9470586932308014,,95224,-61173,56.06995179048265,0,-45,-65,40,60,80,,,,,,,,,,,4.571067880685842,,0,0,0,0,0,0,0,0,0,0,4.571067880685842,,0,0,15,0,,,,4.4161708595823725,,0,0,0,0,4.103654107208927,4.6704470588235285,5.23724001043813,4.795090786842035,4.397711584819681,0,0,0,0,,,,4.571067880685842,,0,0,0,0,4.592430271924917,5.245000000000004,5.897569728075091,4.795090786842035,4.397711584819681,0,0,0,0,,,,,,,-0.0007035000000000017,-0.0005628000000000013,-0.000422100000000001,-0.00028140000000000066,-0.00014070000000000033,-0.0007035000000000017,0,1.315458331280378,3.583561289919018,,
1770388200,4.91,4.94,4.66,4.75,0.43194433945128274,-0.012797038928536841,0.30286297386796157,0.3156600127964984,-0.13341576390679133,3.9470586932308014,,284101,222928,56.70513451013347,0,-45,-65,40,60,80,,,,,,,,,,,4.571067880685842,,0,0,0,0,0,0,0,0,0,0,4.571067880685842,,0,0,0,0,,,,4.4161708595823725,,0,0,0,0,4.1417277937464565,4.716152941176468,5.29057808860648,4.795090786842035,4.397711584819681,0,0,0,0,,,,4.571067880685842,,0,0,0,0,4.61819687616264,5.25855294117647,5.8989090061903,4.795090786842035,4.397711584819681,0,0,0,0,,,,,62.02965882727369,,0.004999999999999999,0.004,0.0029999999999999996,0.002,0.001,0,0.004999999999999999,1.1379460137595068,1.3642086460558693,,
1770402600,4.76,4.98,4.735,4.92,0.4185911723476197,-0.015872707702628497,0.29581912816821276,0.31169183587084126,-0.10238201354525864,3.9470586932308014,,234010,456938,59.3924426890926,0,-45,-65,40,60,80,,,,,,,,,,,4.571067880685842,,0,0,0,0,0,0,0,0,0,0,4.571067880685842,,0,0,0,0,,,,4.4161708595823725,,0,0,0,0,4.188824294239466,4.776400000000002,5.363975705760539,4.795090786842035,4.397711584819681,0,0,0,0,,,,4.571067880685842,,0,0,0,0,4.647965536053699,5.266505882352945,5.8850462286521905,4.795090786842035,4.397711584819681,0,0,0,0,,,,,,,0.004999999999999999,0.004,0.0029999999999999996,0.002,0.001,0,0.004999999999999999,1.1379460137595068,1.2337699069760673,,
1770647400,4.84,5.11,4.5,5.04,0.43226323146564694,-0.012151919051228532,0.2965019370568056,0.30865385610803414,-0.09749545013211675,3.9470586932308014,,222417,679355,61.22215076550474,0,-45,-65,40,60,80,,,,,,,,,,,4.571067880685842,,0,0,0,0,0,0,0,0,0,0,4.571067880685842,,0,0,0,0,,,,4.4161708595823725,,0,0,0,0,4.237072555592661,4.838364705882354,5.439656856172046,4.795090786842035,4.397711584819681,0,0,0,0,,,,4.571067880685842,,0,0,0,0,4.688800033069368,5.286788235294122,5.884776437518875,4.795090786842035,4.397711584819681,0,0,0,0,,,,,61.21834766208358,,-0.002639500000000002,-0.0021116000000000017,-0.0015837000000000013,-0.0010558000000000008,-0.0005279000000000004,-0.002639500000000002,0,1.2754364821994326,2.3669782538705473,,
1770661800,5.04,5.07,4.825,4.9,0.4188872863609579,-0.020931188355203523,0.28248987066402975,0.3034210590192333,-0.12505184311566772,3.9470586932308014,,136897,542458,57.941956479490834,0,-45,-65,40,60,80,,,,,,,,,,,4.571067880685842,,0,0,0,0,0,0,0,0,0,0,4.571067880685842,,0,0,0,0,,,,4.4161708595823725,,0,0,0,0,4.276438106058148,4.8847176470588245,5.492997188059501,4.795090786842035,4.397711584819681,0,0,0,0,,,,4.571067880685842,,0,0,0,0,4.705792983477534,5.277588235294122,5.8493834871107095,4.795090786842035,4.397711584819681,0,0,0,0,,,,,,,-0.002639500000000002,-0.0021116000000000017,-0.0015837000000000013,-0.0010558000000000008,-0.0005279000000000004,-0.002639500000000002,0,1.2754364821994326,2.287163976135514,,
1770733800,4.725,4.98,4.56,4.795,0.4189667659066038,-0.034803703369448935,0.25991642980742213,0.29472013317687107,-0.12839278671787213,3.9470586932308014,,255360,287098,55.538527501812034,0,-45,-65,40,60,80,,,,,,,,,,,4.571067880685842,,0,0,0,0,0,0,0,0,0,0,4.571067880685842,,0,0,0,0,,,,4.4161708595823725,,0,0,0,0,4.309473545838857,4.921647058823528,5.533820571808199,4.795090786842035,4.397711584819681,0,0,0,0,,,,4.571067880685842,,0,0,0,0,4.701044107293283,5.2320000000000055,5.762955892706728,4.795090786842035,4.397711584819681,0,0,0,0,,,,,56.08356883117026,,-0.0022755000000000006,-0.0018204000000000007,-0.0013653000000000005,-0.0009102000000000003,-0.00045510000000000017,-0.0022755000000000006,0,1.2726696886888778,2.191953936914362,,
1770748200,4.8,4.81,4.63,4.675,0.40189771119898926,-0.05201928623925545,0.22969602537780176,0.2817153116170572,-0.12346025142942854,3.9470586932308014,,144857,142241,52.840882309892066,0,-45,-65,40,60,80,,,,,,,,,,,4.571067880685842,,0,0,0,0,0,0,0,0,0,0,4.571067880685842,,0,0,15,0,,,,4.4161708595823725,,0,0,0,0,4.333193539513754,4.944964705882354,5.556735872250954,4.795090786842035,4.397711584819681,0,0,0,0,,,,4.571067880685842,,0,0,0,0,4.680625675723851,5.155729411764712,5.155729411764712,4.795090786842035,4.397711584819681,0,0,0,0,,,,,,,-0.0022755000000000006,-0.0018204000000000007,-0.0013653000000000005,-0.0009102000000000003,-0.00045510000000000017,-0.0022755000000000006,0,1.2726696886888778,2.1307650100647204,,
1770820200,4.6,4.63,4.16,4.43,0.40997644611334716,-0.07828641547495285,0.1838572922733661,0.26214370774831897,-0.08075397910074497,3.9470586932308014,,190631,-48390,47.74215264673053,0,-45,-65,40,60,80,,,,,,,,,,,4.571067880685842,,0,0,0,0,0,0,0,0,0,0,4.571067880685842,,0,0,0,0,,,,4.4161708595823725,,0,0,0,0,4.346356457835225,4.957976470588234,4.957976470588234,4.795090786842035,4.397711584819681,0,0,0,0,,,,4.571067880685842,,0,0,0,0,4.6207726561942355,5.042764705882359,5.042764705882359,4.795090786842035,4.397711584819681,0,0,0,0,,,,,54.383140747757466,,-0.0009969999999999988,-0.000797599999999999,-0.0005981999999999993,-0.0003987999999999995,-0.00019939999999999975,-0.0009969999999999988,0,1.2505487691550836,1.8974305285833664,,
1770834600,4.425,4.62,4.385,4.54,0.39747812853382236,-0.08601621106443699,0.15462344391777272,0.2406396549822097,-0.09365041865110445,3.9470586932308014,,60308,11918,50.07158954032523,0,-45,-65,40,60,80,,,,,,,,,,,4.571067880685842,,0,0,0,0,0,0,0,0,0,0,4.571067880685842,,0,0,0,0,,,,4.4161708595823725,,0,0,0,0,4.364594814000149,4.97670588235294,5.588816950705731,4.795090786842035,4.397711584819681,0,0,0,0,,,,4.571067880685842,,0,0,0,0,4.581698345232313,4.939352941176474,4.939352941176474,4.795090786842035,4.397711584819681,0,0,0,0,,,,,,,-0.0009969999999999988,-0.000797599999999999,-0.0005981999999999993,-0.0003987999999999995,-0.00019939999999999975,-0.0009969999999999988,0,1.2505487691550836,1.8464162705056624,,
1770906600,4.65,4.87,4.125,4.2,0.4223011193528351,-0.11024385676826548,0.10283483402187787,0.21307869079014335,-0.08297024464702028,3.9470586932308014,,126649,-114731,43.60199959194583,0,-45,-65,40,60,80,,,,,,,,,,,4.571067880685842,,0,0,0,0,0,0,0,0,0,0,4.571067880685842,,-15,0,0,0,,,,4.4161708595823725,,0,0,0,0,4.356844061862532,4.965882352941178,4.965882352941178,4.63407756474727,4.397711584819681,0,0,0,0,,,,4.571067880685842,,0,0,0,0,4.48143606798518,4.796305882352945,4.796305882352945,4.63407756474727,4.397711584819681,0,0,0,0,,,,,49.368154724927884,,0.003885499999999999,0.0031083999999999994,0.0023312999999999997,0.0015541999999999997,0.0007770999999999999,0,0.003885499999999999,1.2196846771704628,1.56900401516308,,
1770921000,4.2,4.455,4.2,4.27,0.41035103939906115,-0.11712547187035843,0.0666718509521953,0.18379732282255373,-0.09500891265619217,3.9470586932308014,,105841,-8890,45.172674284666456,0,-45,-65,40,60,80,,,,,,,,,,,4.571067880685842,,0,0,0,0,0,0,0,0,0,0,4.571067880685842,,-15,0,0,0,,,,4.4161708595823725,,0,0,0,0,4.355098595471215,4.962070588235296,4.962070588235296,4.629000553276984,4.397711584819681,0,0,0,0,,,,4.571067880685842,,0,0,0,0,4.390870267772124,4.709235294117656,4.709235294117656,4.629000553276984,4.397711584819681,0,0,0,0,,,,,,,0.003885499999999999,0.0031083999999999994,0.0023312999999999997,0.0015541999999999997,0.0007770999999999999,0,0.003885499999999999,1.2196846771704628,1.5263838332408517,,
1770993000,4.33,4.71,4.215,4.54,0.4163973937276996,-0.09974369999878613,0.05911769782407106,0.1588613978228572,-0.054156354202402945,3.9470586932308014,,170489,161599,50.85765298409749,0,-45,-65,40,60,80,,,,,,,,,,,4.571067880685842,,0,0,0,0,0,0,0,0,0,0,4.571067880685842,,0,0,0,0,,,,4.4161708595823725,,0,0,0,0,4.3665294509582395,4.970399999999999,5.574270549041758,4.629000553276984,4.397711584819681,0,0,0,0,,,,4.571067880685842,,0,0,0,0,4.353674666956737,4.666270588235301,4.666270588235301,4.629000553276984,4.397711584819681,0,0,0,0,,,,,50.42317796921667,,0.004999999999999999,0.004,0.0029999999999999996,0.002,0.001,0,0.004999999999999999,1.2061508539918506,1.3919746283642935,,
1771007400,4.555,4.57,4.3,4.31,0.405940437032864,-0.09974678427602082,0.034177917477831166,0.133924701753852,-0.09723269273378711,3.9470586932308014,,90915,70684,46.44017511262974,0,-45,-65,40,60,80,,,,,,,,,,,4.571067880685842,,0,0,0,0,0,0,0,0,0,0,4.571067880685842,,-25,-10,-10,0,,,,4.4161708595823725,,0,0,0,0,4.360684622671561,4.9591647058823565,4.9591647058823565,4.613263478814659,4.397711584819681,0,0,0,0,3.956516617446498,4.5404705882352925,5.124424559024087,4.571067880685842,,0,0,0,0,4.272778044518157,4.588200000000001,4.588200000000001,4.613263478814659,4.397711584819681,0,0,0,0,,,,,,,0.004999999999999999,0.004,0.0029999999999999996,0.002,0.001,0,0.004999999999999999,1.2061508539918506,1.3577068208714045,,
1771338600,4.275,4.35,3.995,4.32,0.4023018343876594,-0.09510261548948347,0.015046432391997655,0.11014904788148112,-0.04756339299592465,3.9470586932308014,,110719,181403,46.65712097301306,0,-45,-65,40,60,80,,,,,,,,,,,4.571067880685842,,0,0,0,0,0,0,0,0,0,0,4.571067880685842,,-25,-10,-10,0,,,,4.4161708595823725,,0,0,0,0,4.353069232344021,4.944376470588233,4.944376470588233,4.5473160874707546,4.397711584819681,0,0,0,0,3.956516617446498,4.5404705882352925,5.124424559024087,4.571067880685842,,0,0,0,0,4.199077342577196,4.523058823529413,4.523058823529413,4.5473160874707546,4.397711584819681,0,0,0,0,,,,,48.60533789901686,,0.001013500000000001,0.0008108000000000008,0.0006081000000000006,0.0004054000000000004,0.0002027000000000002,0,0.001013500000000001,1.2558624363799356,1.656842081385823,,
1771353000,4.31,4.365,4.205,4.215,0.3849945605028266,-0.09491136675779069,-0.008490160565757243,0.08642120619203345,-0.1241224460101662,3.9470586932308014,,47186,134217,44.613715307168064,0,-45,-65,40,60,80,,,,,,,,,,,4.571067880685842,,0,0,0,0,0,0,0,0,0,0,4.571067880685842,,-25,-10,-10,0,,,,4.4161708595823725,,0,0,0,0,4.336675475899194,4.920729411764709,4.920729411764709,4.50921590531095,4.397711584819681,0,0,0,0,3.9852400822032186,4.57148235294118,4.57148235294118,4.571067880685842,,0,0,0,0,4.1025864343650715,4.433058823529409,4.433058823529409,4.50921590531095,4.397711584819681,0,0,0,0,,,,,,,0.001013500000000001,0.0008108000000000008,0.0006081000000000006,0.0004054000000000004,0.0002027000000000002,0,0.001013500000000001,1.2558624363799356,1.632564919036731,,
1771425000,4.13,4.42,4.08,4.08,0.3817806633240533,-0.09921935533471118,-0.03760298797635553,0.06161636735835565,-0.05190750510625025,3.9470586932308014,,113428,20789,42.062977490500344,0,-45,-65,40,60,80,,,,,,,,,,,4.571067880685842,,0,0,0,0,0,0,0,0,0,0,4.571067880685842,,-10,-10,-10,0,,,,4.4161708595823725,,0,0,0,0,4.307675331952153,4.883411764705884,4.883411764705884,4.50921590531095,4.397711584819681,0,0,0,0,3.9852400822032186,4.57148235294118,4.57148235294118,4.571067880685842,,0,0,0,0,4.00069256079573,4.337823529411763,4.337823529411763,4.50921590531095,4.397711584819681,0,0,0,0,,,,,46.09960168185026,,0.0034595000000000003,0.0027676000000000003,0.0020757,0.0013838000000000001,0.0006919000000000001,0,0.0034595000000000003,1.2309631971303698,1.4483860186734063,,
1771439400,4.09,4.13,3.95,4.08,0.36736775880090666,-0.09728002121593671,-0.05998365916156523,0.03729636205437147,0.008972606372117121,3.9470586932308014,,133303,20789,42.062977490500344,-7.5,-45,-65,40,60,80,,,,,,,,,,,4.497367758800906,,0,0,0,0,0,0,0,0,0,0,4.497367758800906,,-40,-5,-5,0,,,,4.4161708595823725,,0,0,0,0,4.276746397157941,4.841929411764708,4.841929411764708,4.354855150759737,4.397711584819681,0,0,0,0,3.9929362574438665,4.578870588235296,4.578870588235296,4.497367758800906,,0,0,0,0,3.860311443474175,4.196388235294117,4.196388235294117,4.354855150759737,4.397711584819681,0,0,0,0,,,,,,,0.0034595000000000003,0.0027676000000000003,0.0020757,0.0013838000000000001,0.0006919000000000001,0,0.0034595000000000003,1.2309631971303698,1.4259988545434072,,
1771511400,4,4.05,3.92,3.95,0.35255577602941335,-0.0996012248115794,-0.08720516896010277,0.012396055851476621,0.044512847402711,3.9470586932308014,,107247,-86458,39.538363034658566,-7.5,-45,-65,40,60,80,,,,,,,,,,,4.402555776029413,,0,0,0,0,0,0,0,0,0,0,4.402555776029413,,-25,-10,-10,0,,,,4.4161708595823725,,0,0,0,0,4.233889924165524,4.789623529411767,4.789623529411767,4.220206737134671,4.397711584819681,0,0,0,0,3.9929362574438665,4.578870588235296,4.578870588235296,4.402555776029413,,0,0,0,0,3.719782071089954,4.080717647058824,4.080717647058824,4.220206737134671,4.397711584819681,0,0,0,0,,,,,45.02822037525772,,-0.0013939999999999992,-0.0011151999999999994,-0.0008363999999999995,-0.0005575999999999997,-0.00027879999999999984,-0.0013939999999999992,0,1.2133307134977758,1.2943562772627988,,
1771525800,3.95,4.07,3.94,4.015,0.33665893488445536,-0.09179971379514917,-0.10235358639245984,-0.010553872597310672,-0.023120112912340823,3.9470586932308014,,78878,-7580,41.4312120663156,-7.5,-45,-65,40,60,80,,,,,,,,,,,4.402555776029413,,0,0,0,0,0,0,0,0,0,0,4.402555776029413,,-10,5,5,0,,,,4.4161708595823725,,0,0,0,0,4.200737386494421,4.752988235294122,4.752988235294122,4.214872135590609,4.397711584819681,0,0,0,0,3.9979335824041833,4.5836705882352975,4.5836705882352975,4.402555776029413,,0,0,0,0,3.617796610969216,3.9975294117647064,3.9975294117647064,4.214872135590609,4.397711584819681,0,0,0,0,,,,,,,-0.0013939999999999992,-0.0011151999999999994,-0.0008363999999999995,-0.0005575999999999997,-0.00027879999999999984,-0.0013939999999999992,0,1.2133307134977758,1.2745381140119085,,
1771597800,3.975,4.3,3.975,4.17,0.33582615382128,-0.07210962960780803,-0.10069090960707072,-0.028581279999262684,-0.039662373667868,3.9470586932308014,,113139,105559,45.789561257726106,-7.5,-45,-65,40,60,80,,,,,,,,,,,4.402555776029413,,0,0,0,0,0,0,0,0,0,0,4.402555776029413,,-10,-10,-10,0,,,,4.4161708595823725,,0,0,0,0,4.179613390093636,4.727152941176472,4.727152941176472,4.214872135590609,4.397711584819681,0,0,0,0,3.9979335824041833,4.5836705882352975,4.5836705882352975,4.402555776029413,,0,0,0,0,3.6237271584011634,3.987505882352941,3.987505882352941,4.214872135590609,4.397711584819681,0,0,0,0,,,,,50.59282268471007,,-0.00036149999999999984,-0.0002891999999999999,-0.0002168999999999999,-0.00014459999999999994,-0.00007229999999999997,-0.00036149999999999984,0,1.2232939308454334,1.3161618228577026,,
1771612200,4.18,4.29,4.135,4.285,0.32290999997690284,-0.0483885589468501,-0.08906697868282532,-0.04067841973597521,0.000662961462631158,3.9470586932308014,,70716,176275,48.83188899061972,-7.5,-45,-65,40,60,80,,,,,,,,,,,4.402555776029413,,0,0,0,0,0,0,0,0,0,0,4.402555776029413,,-5,-5,-5,0,,,,4.4161708595823725,,0,0,0,0,4.1673307302368245,4.710411764705888,4.710411764705888,4.214872135590609,4.397711584819681,0,0,0,0,4.0213118716968115,4.609435294117649,5.197558716538486,4.402555776029413,,0,0,0,0,3.634897481839594,3.984882352941174,4.334867224042753,4.214872135590609,4.397711584819681,0,0,0,0,,,,,,,-0.00036149999999999984,-0.0002891999999999999,-0.0002168999999999999,-0.00014459999999999994,-0.00007229999999999997,-0.00036149999999999984,0,1.2232939308454334,1.2999734373666554,,
1771857000,4.01,4.04,3.665,3.765,0.34413071426426695,-0.06379837098904939,-0.12042638347228696,-0.05662801248323756,0.004805762487375862,,4.8500396402871,193526,-17251,38.3511548044375,-15,-45,-65,40,60,80,,,,,,,,,,,4.384130714264267,,0,0,0,0,0,0,0,0,0,0,4.384130714264267,,-25,-10,-10,0,,,,4.4161708595823725,,0,0,0,0,4.1073712012804,4.648658823529416,4.648658823529416,3.9801003332632945,4.397711584819681,0,0,0,0,4.0213118716968115,4.609435294117649,5.197558716538486,4.384130714264267,,0,0,0,0,3.576789220749401,3.926564705882353,3.926564705882353,3.9801003332632945,4.397711584819681,0,0,0,0,,,,,41.9539299943731,,0.0009844999999999997,0.0007875999999999998,0.0005906999999999999,0.0003937999999999999,0.00019689999999999996,0,0.0009844999999999997,1.2362709766969202,1.3600885756513286,,
1771871400,3.765,3.795,3.725,3.79,0.3245499489596765,-0.06800081823445928,-0.14162903527631165,-0.07362821704185238,-0.01705350629339469,,4.67878567625839,73463,56212,39.02869493155375,-15,-45,-65,40,60,80,,,,,,,,,,,4.119549948959676,,0,0,0,0,0,0,0,0,0,0,4.119549948959676,,-30,-15,-15,0,,,,4.4161708595823725,,0,0,0,0,4.048825061872954,4.586835294117648,4.586835294117648,3.980086511844371,4.397711584819681,0,0,0,0,4.012321326231822,4.600611764705883,4.600611764705883,4.119549948959676,,0,0,0,0,3.4901930427001995,3.8543058823529415,3.8543058823529415,3.980086511844371,4.397711584819681,0,0,0,0,,,,,,,0.0009844999999999997,0.0007875999999999998,0.0005906999999999999,0.0003937999999999999,0.00019689999999999996,0,0.0009844999999999997,1.2362709766969202,1.3469012107327938,,
1771943400,3.725,3.99,3.725,3.92,0.3202963811768425,-0.05810256479839701,-0.14625642303984865,-0.08815385824145164,-0.07980687490186425,,4.67878567625839,53223,109435,42.56365795715444,-15,-45,-65,40,60,80,,,,,,,,,,,4.119549948959676,,0,0,0,0,0,0,0,0,0,0,4.119549948959676,,-15,-15,-15,0,,,,4.4161708595823725,,0,0,0,0,4.004249849292918,4.53952941176471,4.53952941176471,3.980086511844371,4.397711584819681,0,0,0,0,4.012321326231822,4.600611764705883,4.600611764705883,4.119549948959676,,0,0,0,0,3.4710936624571667,3.8257882352941226,3.8257882352941226,3.980086511844371,4.397711584819681,0,0,0,0,,,,,45.30643059886806,,-0.0014850000000000009,-0.0011880000000000007,-0.0008910000000000005,-0.0005940000000000003,-0.00029700000000000017,-0.0014850000000000009,0,1.1828252858665942,1.026397947871465,,
1771957800,3.925,3.975,3.92,3.95,0.30134663966421094,-0.046134487036013444,-0.14582196703646844,-0.09968748000045499,-0.05904830872934142,,4.67878567625839,28938,138373,43.37948071945079,-15,-45,-65,40,60,80,,,,,,,,,,,4.119549948959676,,0,0,0,0,0,0,0,0,0,0,4.119549948959676,,-10,-10,-10,0,,,,4.4161708595823725,,0,0,0,0,3.9610482339858915,4.492152941176472,4.492152941176472,3.980086511844371,4.397711584819681,0,0,0,0,4.01306369228802,4.601176470588238,4.601176470588238,4.119549948959676,,0,0,0,0,3.438756518512283,3.792964705882352,3.792964705882352,3.980086511844371,4.397711584819681,0,0,0,0,,,,,,,-0.0014850000000000009,-0.0011880000000000007,-0.0008910000000000005,-0.0005940000000000003,-0.00029700000000000017,-0.0014850000000000009,0,1.1828252858665942,1.0127606556695832,,
1772029800,4.08,4.3,4.04,4.22,0.3048218796881959,-0.018075080753425093,-0.12228133094223637,-0.10420625018881127,-0.055656299000030565,,4.67878567625839,118809,257182,50.2311146617926,-15,-45,-65,40,60,80,,,,,,,,,,,4.119549948959676,,0,0,0,0,0,0,0,0,0,0,4.119549948959676,,15,0,0,0,,,,4.4161708595823725,,0,0,0,0,3.937557819952268,4.457152941176469,4.97674806240067,4.015482423332723,4.397711584819681,0,0,0,0,4.01306369228802,4.601176470588238,4.601176470588238,4.119549948959676,,0,0,0,0,3.4616034615373157,3.8059294117647076,4.1502553619921,4.015482423332723,4.397711584819681,0,0,0,0,,,,,48.86138755457449,,0.0038520000000000004,0.0030816000000000003,0.0023112000000000002,0.0015408000000000002,0.0007704000000000001,0,0.0038520000000000004,1.1736927380353874,0.9480737674247786,,
1772044200,4.22,4.31,4.13,4.13,0.295906031139039,-0.004334024147622434,-0.10962378037333931,-0.10528975622571687,-0.05418398571177303,,4.67878567625839,64960,192222,48.13994475608948,-15,-45,-65,40,60,80,,,,,,,,,,,4.119549948959676,,0,0,0,0,0,0,0,0,0,0,4.119549948959676,,-5,-5,-5,0,,,,4.4161708595823725,,0,0,0,0,3.905447274496675,4.4126705882352955,4.4126705882352955,4.015482423332723,4.397711584819681,0,0,0,0,4.017073195382397,4.6024470588235324,4.6024470588235324,4.119549948959676,,0,0,0,0,3.4793660645751667,3.814258823529414,4.149151582483661,4.015482423332723,4.397711584819681,0,0,0,0,,,,,,,0.0038520000000000004,0.0030816000000000003,0.0023112000000000002,0.0015408000000000002,0.0007704000000000001,0,0.0038520000000000004,1.1736927380353874,0.9361862199814309,,
1772116200,4.18,4.34,4.11,4.16,0.29119845748625045,0.007380237155839506,-0.09606445978091749,-0.103444696936757,-0.1175940366316104,,4.67878567625839,177229,369451,48.90355304755884,-15,-45,-65,40,60,80,,,,,,,,,,,4.119549948959676,,0,0,0,0,0,0,0,0,0,0,4.119549948959676,,-10,-10,-10,0,,,,4.4161708595823725,,0,0,0,0,3.874603632004333,4.361388235294116,4.361388235294116,4.015482423332723,4.397711584819681,0,0,0,0,4.017073195382397,4.6024470588235324,4.6024470588235324,4.119549948959676,,0,0,0,0,3.5287926004037513,3.843788235294125,4.158783870184499,4.015482423332723,4.397711584819681,0,0,0,0,,,,,50.85306182839421,,0.004551000000000001,0.0036408000000000013,0.002730600000000001,0.0018204000000000007,0.0009102000000000003,0,0.004551000000000001,1.2457049707696872,1.3162905499096857,,
1772130600,4.16,4.3,4.16,4.255,0.28039856766580395,0.021341388589719068,-0.07676796119960816,-0.09810934978932723,-0.1209558835300157,,4.67878567625839,41178,410629,51.34663254384198,-15,-45,-65,40,60,80,,,,,,,,,,,4.119549948959676,,0,0,0,0,0,0,0,0,0,0,4.119549948959676,,10,-5,-5,0,,,,4.4161708595823725,,0,0,0,0,3.85090785211751,4.318635294117647,4.786362736117784,4.080636567151576,4.397711584819681,0,0,0,0,4.0291934441870865,4.613764705882355,5.1983359675776235,4.119549948959676,,0,0,0,0,3.626930020077491,3.903376470588236,4.179822921098982,4.080636567151576,4.397711584819681,0,0,0,0,,,,,,,0.004551000000000001,0.0036408000000000013,0.002730600000000001,0.0018204000000000007,0.0009102000000000003,0,0.004551000000000001,1.2457049707696872,1.3088349571920823,,
1772202600,4.1,4.38,4.1,4.25,0.280370098546818,0.029548572876695503,-0.06117363369345785,-0.09072220657015335,-0.06919164039902172,,4.67878567625839,86539,324090,51.20785647650186,-15,-45,-65,40,60,80,,,,,,,,,,,4.119549948959676,,0,0,0,0,0,0,0,0,0,0,4.119549948959676,,-10,-10,-10,0,,,,4.4161708595823725,,0,0,0,0,3.8260738532369256,4.277011764705886,4.7279496761748465,4.080636567151576,4.397711584819681,0,0,0,0,4.0291934441870865,4.613764705882355,5.1983359675776235,4.119549948959676,,0,0,0,0,3.7129826710759772,3.9584117647058807,4.203840858335784,4.080636567151576,4.397711584819681,0,0,0,0,,,,,47.75741702880318,,-0.0027000000000000006,-0.0021600000000000005,-0.0016200000000000003,-0.0010800000000000002,-0.0005400000000000001,-0.0027000000000000006,0,1.2366162373050513,1.2527196067539628,,
1772217000,4.24,4.26,4.06,4.1,0.2746293772220453,0.024398139438598282,-0.060224532271905495,-0.08462267171050378,-0.07038283593941391,,4.67878567625839,80513,243577,47.095524335054314,-15,-45,-65,40,60,80,,,,,,,,,,,4.119549948959676,,0,0,0,0,0,0,0,0,0,0,4.119549948959676,,-15,-15,-15,0,,,,4.4161708595823725,,0,0,0,0,3.7878331898468964,4.2194823529411805,4.2194823529411805,4.080636567151576,4.397711584819681,0,0,0,0,4.022572157262847,4.599317647058825,4.599317647058825,4.119549948959676,,0,0,0,0,3.768648689450331,3.989082352941175,3.989082352941175,4.080636567151576,4.397711584819681,0,0,0,0,,,,,,,-0.0027000000000000006,-0.0021600000000000005,-0.0016200000000000003,-0.0010800000000000002,-0.0005400000000000001,-0.0027000000000000006,0,1.2366162373050513,1.2456650910211116,,
1772461800,4.34,5.03,4.34,4.855,0.3214415645633278,0.0688447816819662,0.0014333053919539651,-0.06741147629001223,0.014664737454869556,3.7223128969727792,,454104,697681,63.14056023424176,-7.5,-45,-65,40,60,80,,,,,,,,,,,4.119549948959676,,0,0,0,0,0,0,0,0,0,0,4.119549948959676,,45,10,10,0,,,,4.4161708595823725,,0,0,0,0,3.80440564530434,4.220129411764706,4.635853178225072,4.631936822940528,4.397711584819681,0,0,0,0,4.022572157262847,4.599317647058825,4.599317647058825,4.119549948959676,,0,0,0,0,3.890319218270935,4.135341176470592,4.380363134670249,4.631936822940528,4.397711584819681,0,0,0,0,,,,,59.83782508716638,,0.004999999999999999,0.004,0.0029999999999999996,0.002,0.001,0,0.004999999999999999,1.2291913765841747,1.1984209000958306,,
1772476200,4.85,4.89,4.76,4.86,0.3077671670945187,0.09402778462988873,0.05012325449734867,-0.04390453013254005,0.07289056869499805,3.9195816072755,,84848,782529,63.22011503297379,0,-45,-65,40,60,80,,,,,,,,,,,4.452232832905481,,1,0,0,0,0,0,0,0,0,0,4.452232832905481,,15,15,15,0,,,,4.4161708595823725,,0,0,0,0,3.820084672396466,4.220211764705885,4.620338857015304,4.631936822940528,4.397711584819681,0,0,0,0,4.065767007897458,4.6530352941176485,5.240303580337839,4.452232832905481,,0,0,0,0,3.9777335243343264,4.247976470588241,4.518219416842156,4.631936822940528,4.397711584819681,0,0,0,0,,,,,,,0.004999999999999999,0.004,0.0029999999999999996,0.002,0.001,0,0.004999999999999999,1.2291913765841747,1.1917694040887148,,
1772548200,4.64,4.81,4.345,4.69,0.32256951230205305,0.0944341775295385,0.07413819177938308,-0.020295985750155423,0.07049514955666213,3.9195816072755,,190757,591772,58.589871861358084,0,-45,-65,40,60,80,,,,,,,,,,,4.452232832905481,,0,0,0,0,0,0,0,0,0,0,4.452232832905481,,10,10,10,0,,,,4.4161708595823725,,0,0,0,0,3.8239871737041202,4.212270588235296,4.600554002766472,4.631936822940528,4.397711584819681,0,0,0,0,4.065767007897458,4.6530352941176485,5.240303580337839,4.452232832905481,,0,0,0,0,4.065362283319757,4.3436941176470585,4.62202595197436,4.631936822940528,4.397711584819681,0,0,0,0,,,,,57.453281659354474,,0.004696,0.0037568,0.0028176,0.0018784,0.0009392,0,0.004696,1.2292033178734698,1.185573682815516,,
1772562600,4.675,4.73,4.675,4.73,0.30345740428047785,0.09247624227535042,0.09529931709403261,0.0028230748186821863,0.09217105464201032,3.9195816072755,,4932,596704,59.344381588416766,0,-45,-65,40,60,80,,,,,,,,,,,4.452232832905481,,0,0,0,0,0,0,0,0,0,0,4.452232832905481,,15,15,15,0,,,,4.4161708595823725,,0,0,0,0,3.8295686992574263,4.206505882352943,4.583443065448459,4.631936822940528,4.397711584819681,0,0,0,0,4.099321944214425,4.690988235294118,5.282654526373812,4.452232832905481,,0,0,0,0,4.0972982745149755,4.3845058823529435,4.671713490190911,4.631936822940528,4.397711584819681,0,0,0,0,,,,,,,0.004696,0.0037568,0.0028176,0.0018784,0.0009392,0,0.004696,,,,