time,open,high,low,close,STH MVRV,MVRV SMA,VLT SRI Bias Histogram,LT SRI Bias Histogram,ST SRI Bias Histogram,VST SRI Bias Histogram,LOI,Acc,Deep Acc,Trim 25%,Trim 50%,Trim 75%,Deep Acc Signal,Acc Signal,Trim 25%,Trim 50%,Trim 75%,Exit 100%,CT4 Dist,IWM Trim,LT Fast TL,LT Slow TL,BP Entry,MIXED Watch,LT Exit,Time Stop,IBIT Disabled
1751909400,402.11,403.2,395.33,395.75,2.0361375880453876,,25,15,10,20,32.18467419753349,-60,-80,40,60,80,,,,,,,32.18467419753349,,389.16106193024143,335.02926136904335,0,0,0,0,0
1751981400,399.49,402.19,393.17,397.58,2.0361375880453876,,10,10,10,20,32.18467419753349,-60,-80,40,60,80,,,,,,,32.18467419753349,,389.16106193024143,335.02926136904335,0,0,0,0,0
1751995800,397.43,399.49,395.3,396.8,2.0361375880453876,,10,10,10,10,32.18467419753349,-60,-80,40,60,80,,,,,,,32.18467419753349,,389.16106193024143,335.02926136904335,0,0,0,0,0
1752067800,401.71,406,396,401.97,2.0361375880453876,,10,10,10,25,32.18467419753349,-60,-80,40,60,80,,,,,,,32.18467419753349,,389.16106193024143,335.02926136904335,0,0,0,0,0
1752082200,401.71,416.35,401.3,415.54,2.0361375880453876,,15,10,15,40,32.228160136900534,-60,-80,40,60,80,,,,,,,32.228160136900534,,389.9380785780324,335.02926136904335,0,0,0,0,0
1752154200,412.5,419.5,411.26,419.47,2.0361375880453876,,10,10,10,35,32.79805407386996,-60,-80,40,60,80,,,,,,,32.79805407386996,,400.12107296531576,335.02926136904335,0,0,0,0,0
1752168600,419.34,422.4,416.88,421.74,2.1427924148602835,,20,40,60,85,37.00202197665352,-60,-80,40,60,80,,,,,,,37.00202197665352,,406.1424248963647,335.02926136904335,0,0,0,0,0
1752240600,430.74,438.85,423.41,431.76,2.1427924148602835,,15,25,25,65,37.342001242660004,-60,-80,40,60,80,,,,,,,37.342001242660004,,412.2172516894815,335.02926136904335,0,0,0,0,0
1752255000,431.77,435,425.92,434.58,2.1427924148602835,,45,80,45,85,41.68696101142103,-60,-80,40,60,80,,,,,,,41.68696101142103,,414.8781622830899,347.4632901276991,0,0,0,0,0
1752499800,447.07,456.44,440.65,448.7,2.1427924148602835,,25,50,25,65,42.4401309065868,-60,-80,40,60,80,,,,,,,42.4401309065868,,428.83543640572634,347.4632901276991,0,0,0,0,0
1752514200,448.82,451.98,445,451.24,2.1427924148602835,,30,65,45,75,49.69773358186396,-60,-80,40,60,80,,,,,,,49.69773358186396,,433.5307623767459,347.4632901276991,0,0,0,0,0
1752586200,445.05,456.66,441.04,448.13,2.1427924148602835,,25,50,25,40,49.69773358186396,-60,-80,40,60,80,,,,,,,49.69773358186396,,433.5307623767459,347.4632901276991,0,0,0,0,0
1752600600,448.15,451.3,441.25,441.91,2.217717795114992,,45,70,75,60,49.89233758250347,-60,-80,40,60,80,,,,,,,49.89233758250347,,433.5307623767459,347.4632901276991,0,0,0,0,0
1752672600,448.48,455.04,445.6,453.5,2.217717795114992,,25,25,40,65,49.90959837605786,-60,-80,40,60,80,,,,,,,49.90959837605786,,433.85062862307245,347.4632901276991,0,0,0,0,0
1752687000,453.59,457.22,450.45,455.86,2.217717795114992,,30,40,60,75,52.126014579520444,-60,-80,40,60,80,,,,,,,52.126014579520444,,439.05629800713865,347.4632901276991,0,0,0,0,0
1752759000,451.57,456.03,446.6,450.53,2.217717795114992,,25,25,40,50,52.126014579520444,-60,-80,40,60,80,,,,,,,52.126014579520444,,439.05629800713865,347.4632901276991,0,0,0,0,0
1752773400,450.68,455.38,448.82,451.47,2.217717795114992,,45,40,60,70,50.43281687048245,-60,-80,40,60,80,,,,,,,50.43281687048245,,439.05629800713865,347.4632901276991,0,0,0,0,0
1752845400,451.88,454.34,426.41,428.54,2.217717795114992,,10,10,10,10,50.43281687048245,-60,-80,40,60,80,,,,,,,50.43281687048245,,439.05629800713865,347.4632901276991,0,0,0,0,0
1752859800,428.52,429.77,422.31,423.12,2.0956686837807736,,55,55,25,25,29.93583016656958,-60,-80,40,60,80,,,,,,,29.93583016656958,,439.05629800713865,377.2409122614349,0,0,0,0,0
1753104600,430,437,425.55,431.2,2.0956686837807736,,35,35,10,0,29.93583016656958,-60,-80,40,60,80,,,,,,,29.93583016656958,,439.05629800713865,377.2409122614349,0,0,0,0,0
1753119000,431.37,433.86,425.02,425.96,2.0956686837807736,,40,35,15,5,25.733291576998855,-60,-80,40,60,80,,,,,,,25.733291576998855,,439.05629800713865,377.2409122614349,0,0,0,0,0
1753191000,428.845,433.9,413.6,422.46,2.0956686837807736,,35,35,10,-15,25.733291576998855,-60,-80,40,60,80,,,,,,,25.733291576998855,,439.05629800713865,377.2409122614349,0,0,0,0,0
1753205400,422.4,430.2,422.21,426.23,2.0956686837807736,,40,35,15,5,25.61652917661515,-60,-80,40,60,80,,,,,,,25.61652917661515,,439.05629800713865,377.2409122614349,0,0,0,0,0
1753277400,422.83,423.97,406.1,409.82,2.0956686837807736,,-10,10,-10,-55,15.493282842571066,-60,-80,40,60,80,,,,,,,,,436.5766415011297,377.2409122614349,0,0,0,0,0
1753291800,409.765,413.21,407.58,412.8,2.019008630158427,,-5,15,-5,-30,13.77240708945207,-60,-80,40,60,80,,,,,,,,,425.31830996533466,377.2409122614349,0,0,0,0,0
1753363800,414.39,415.4,406.15,413.63,2.019008630158427,,-10,10,-10,-20,13.77240708945207,-60,-80,40,60,80,,,,,,,,,425.31830996533466,377.2409122614349,0,0,0,0,0
1753378200,413.68,419.95,413.39,414.87,2.019008630158427,,-5,10,-5,-15,13.396212421177761,-60,-80,40,60,80,,,,,,,,,425.31830996533466,377.2409122614349,0,0,0,0,0
1753450200,405.7,408.02,402.22,406.23,2.019008630158427,,-10,10,-10,-35,13.113136604383534,-60,-80,40,60,80,,,,,,,,,419.6229617324491,377.2409122614349,0,0,0,0,0
1753464600,406.12,410.9,405.31,405.74,2.019008630158427,,-10,-15,-35,-60,21.395706617014067,-60,-80,40,60,80,,,,,,,,,419.6229617324491,377.2409122614349,0,0,0,0,0
1753709400,416.7,417.06,404.57,406.21,2.019008630158427,,-10,0,-20,-45,21.395706617014067,-60,-80,40,60,80,,,,,,,,,419.6229617324491,377.2409122614349,0,0,0,0,0
1753723800,406.14,407.42,403.47,403.75,1.9527773210009896,,-5,5,-15,-55,21.32323281451337,-60,-80,40,60,80,,,,,,,,,418.16482395269344,377.2409122614349,0,0,0,0,0
1753795800,405.93,407.09,390.49,395.75,1.9527773210009896,,-10,-20,-20,-60,21.32323281451337,-60,-80,40,60,80,,,,,,,,,418.16482395269344,377.2409122614349,0,0,0,0,0
1753810200,395.72,400.8,393.32,394.65,1.9527773210009896,,-15,-35,-40,-80,19.468810080683564,-60,-80,40,60,80,,,,,,,,,411.6999757551285,377.2409122614349,0,0,0,0,0
1753882200,396.38,403.77,394.38,402.39,1.9527773210009896,,0,0,-10,-35,19.468810080683564,-60,-80,40,60,80,,,,,,,,,411.6999757551285,377.2409122614349,0,0,0,0,0
1753896600,402.49,404.36,392.58,395.07,1.9527773210009896,,-15,-35,-40,-80,18.3023216969752,-60,-80,40,60,80,,,,,,,,,411.6999757551285,377.2409122614349,0,0,0,0,0
1753968600,398.84,410.53,397.03,406.52,1.9527773210009896,,0,0,-10,-35,18.3023216969752,-60,-80,40,60,80,,,,,,,,,411.6999757551285,377.2409122614349,0,0,0,0,0
1753983000,406.31,410.8,401.65,401.72,1.9212702777776456,,-5,-15,-15,-30,18.3023216969752,-60,-80,40,60,80,,,,,,,,,411.6999757551285,377.2409122614349,0,0,0,0,0
1754055000,390.39,392.58,373.59,374.72,1.9212702777776456,,-10,-20,-20,-60,17.961639267732597,-60,-80,40,60,80,,,,,,,,,404.8456104005194,377.2409122614349,0,0,0,0,0
1754069400,374.64,376.24,365.73,366.59,1.9212702777776456,,-15,-35,-40,-80,13.844750322432745,-60,-80,40,60,80,,,,,,,,,388.38020965762513,377.2409122614349,0,0,0,0,0
1754314200,372.77,387.72,366.21,385.86,1.9212702777776456,,-15,-20,-25,-50,13.844750322432745,-60,-80,40,60,80,,,,,,,,,388.38020965762513,377.2409122614349,0,0,0,0,0
1754328600,385.67,390.01,384.18,389.19,1.9212702777776456,,-35,-35,-45,-70,13.03686162295877,-60,-80,40,60,80,,,,,,,,,388.38020965762513,377.2409122614349,0,0,0,0,0
1754400600,384.05,388.31,375.1,377.49,1.9212702777776456,,-15,-20,-25,-50,13.03686162295877,-60,-80,40,60,80,,,,,,,,,388.38020965762513,377.2409122614349,0,0,0,0,0
1754415000,377.23,378.79,373.35,375.39,1.7762843424788342,,-20,-35,-45,-60,13.251275026303535,-60,-80,40,60,80,,,,,,,,,388.38020965762513,377.2409122614349,0,0,0,0,0
1754487000,374.75,380.74,373.03,380.24,1.7762843424788342,,-15,-20,-25,-40,13.251275026303535,-60,-80,40,60,80,,,,,,,,,388.38020965762513,377.2409122614349,0,0,0,0,0
1754501400,380.28,384.42,379.5,383.38,1.7762843424788342,,-45,-35,-45,-60,12.298102243652751,-60,-80,40,60,80,,,,,,,,,388.38020965762513,377.2409122614349,0,0,0,0,0
1754573400,387.93,406.25,387.14,400.51,1.7762843424788342,,-10,-20,-10,-10,12.298102243652751,-60,-80,40,60,80,,,,,,,,,388.38020965762513,377.2409122614349,0,0,0,0,0
1754587800,400.85,405,396.7,402.18,1.7762843424788342,,-20,-20,-20,-10,12.298102243652751,-60,-80,40,60,80,,,,,,,,,388.38020965762513,377.2409122614349,0,0,0,0,0
1754659800,397.61,409.65,389.05,393.75,1.7762843424788342,,-20,-20,-20,-25,12.298102243652751,-60,-80,40,60,80,,,,,,,,,388.38020965762513,377.2409122614349,0,0,0,0,0
1754674200,393.69,395.73,391.12,395.3,1.848801995391153,,-25,-15,-25,-30,14.667382632524598,-60,-80,40,60,80,,,,,,,,,388.38020965762513,377.2409122614349,0,0,0,0,0
1754919000,403.77,414.15,402.83,405.5,1.848801995391153,,-10,10,-10,15,14.773633576472443,-60,-80,40,60,80,,,,,,,,,390.5179271522131,377.2409122614349,0,0,0,0,0
1754933400,405.3,406.62,398.94,400.25,1.848801995391153,,-15,-10,-15,-5,15.258366796156826,-60,-80,40,60,80,,,,,,,,,390.5179271522131,377.2409122614349,0,0,0,0,0
1755005400,400.61,401.6,390.12,394.2,1.848801995391153,,-10,-10,-10,0,15.258366796156826,-60,-80,40,60,80,,,,,,,,,390.5179271522131,377.2409122614349,0,0,0,0,0
1755019800,394.225,395.68,391.3,394.56,1.848801995391153,,-15,-10,-15,-5,15.681634923572055,-60,-80,40,60,80,,,,,,,,,390.5179271522131,377.2409122614349,0,0,0,0,0
1755091800,397.5,399.48,383.5,388.64,1.848801995391153,,-10,-10,-10,0,15.681634923572055,-60,-80,40,60,80,,,,,,,,,390.5179271522131,377.2409122614349,0,0,0,0,0
1755106200,388.56,390.57,384.1,389.99,1.804942962389722,,-15,-5,-15,-15,16.673474411297537,-60,-80,40,60,80,,,,,,,,,390.5179271522131,377.2409122614349,0,0,0,0,0
1755178200,380,380.98,365,371.49,1.804942962389722,,-10,-10,-10,-35,16.673474411297537,-60,-80,40,60,80,,,,,,,,,390.5179271522131,377.2409122614349,0,0,0,0,0
1755192600,371.4,375.54,367.57,373.01,1.804942962389722,,-15,-35,-40,-65,15.445774472772774,-60,-80,40,60,80,,,,,,,,,387.5584077371586,377.2409122614349,0,0,0,0,0
1755264600,372.02,372.6,360.01,365.11,1.804942962389722,,-15,-20,-25,-65,15.303132554157564,-60,-80,40,60,80,,,,,,,,,384.6885214702187,377.2409122614349,0,0,0,0,0
1755279000,365.23,368.99,364.92,366.4,1.804942962389722,,-20,-35,-45,-70,11.778064133299765,-60,-80,40,60,80,,,,,,,,,380.5057699366316,377.2409122614349,0,0,0,0,0
1755523800,359.71,367.55,358.01,366.89,1.804942962389722,,-15,-20,-25,-50,11.699477427862313,-60,-80,40,60,80,,,,,,,,,378.9246435125865,377.2409122614349,0,0,0,0,0
1755538200,367.04,367.52,362.05,363.53,1.6667596045292108,,-45,-40,-65,-75,9.539761152074286,-60,-80,40,60,80,,,,,,,,,378.47288326168746,377.2409122614349,0,0,0,0,0
1755610200,363.34,364.85,336.14,339.76,1.6667596045292108,,-25,-20,-25,-65,-0.5299042695999685,-60,-80,40,60,80,,,,,,,,,377.0712487429955,377.2409122614349,0,1,0,0,0
1755624600,339.68,342.21,333.41,336.81,1.6667596045292108,,-30,-35,-45,-85,-2.3030842408639307,-60,-80,40,60,80,,,,,,,,,354.18687383278154,377.2409122614349,0,0,0,0,0
1755696600,339.39,342.94,325.57,339.07,1.6667596045292108,,-25,-25,-25,-50,-2.3030842408639307,-60,-80,40,60,80,,,,,,,,,354.18687383278154,377.2409122614349,0,0,0,0,0
1755711000,339.12,345.5,337.81,344.37,1.6667596045292108,,-45,-60,-45,-70,-9.598602490533763,-60,-80,40,60,80,,,,,,,,,354.18687383278154,377.2409122614349,0,0,0,0,0
1755783000,340.05,343.33,334.89,335.51,1.6667596045292108,,-25,-25,-25,-65,-9.598602490533763,-60,-80,40,60,80,,,,,,,,,354.18687383278154,377.2409122614349,0,0,0,0,0
1755797400,335.46,339.69,335.24,337.4,1.5336488401130148,,-30,-45,-45,-75,-10.169520025743038,-60,-80,40,60,80,,,,,,,,,351.00803840946674,377.2409122614349,0,0,0,0,0
1755869400,335.67,359.54,332.62,356.94,1.5336488401130148,,-25,-10,-25,-40,-10.169520025743038,-60,-80,40,60,80,,,,,,,,,351.00803840946674,377.2409122614349,0,0,0,0,0
1755883800,356.85,359.35,354.55,358.1,1.5336488401130148,,-40,-20,-25,-15,-8.179216119236118,-60,-80,40,60,80,,,,,,,,,351.00803840946674,377.2409122614349,0,0,0,0,0
1756128600,344.91,351.51,339.2,346.31,1.5336488401130148,,-20,-20,-20,-25,-8.179216119236118,-60,-80,40,60,80,,,,,,,,,351.00803840946674,377.2409122614349,0,0,0,0,0
1756143000,346.32,347.49,342.75,343.19,1.5336488401130148,,-25,-20,-25,-30,-6.896858653976312,-60,-80,40,60,80,,,,,,,,,351.00803840946674,377.2409122614349,0,0,0,0,0
1756215000,341.62,347.82,340.68,345.63,1.5336488401130148,,-25,-15,-15,-5,-6.896858653976312,-60,-80,40,60,80,,,,,,,,,351.00803840946674,377.2409122614349,0,0,0,0,0
1756229400,345.69,351.94,345.06,351.5,1.5815518376274846,,-30,-10,-5,5,-6.515403738666488,-60,-80,40,60,80,,,,,,,,,351.00803840946674,377.2409122614349,0,0,0,0,0
1756301400,348.68,351.77,343.16,347.23,1.5815518376274846,,-20,-15,-10,-10,-6.515403738666488,-60,-80,40,60,80,,,,,,,,,351.00803840946674,377.2409122614349,0,0,0,0,0
1756315800,347.29,349.61,341.84,342.17,1.5815518376274846,,-25,-15,-15,-15,-2.138092788864589,-60,-80,40,60,80,,,,,,,,,351.00803840946674,377.2409122614349,0,0,0,0,0
1756387800,346.26,348.24,338,339.75,1.5815518376274846,,-20,-15,-10,-10,-2.138092788864589,-60,-80,40,60,80,,,,,,,,,351.00803840946674,377.2409122614349,0,0,0,0,0
1756402200,339.82,339.84,336.65,338.84,1.5815518376274846,,-40,-15,-15,-40,-1.5501000686423891,-60,-80,40,60,80,,,,,,,,,350.02668275791024,377.2409122614349,0,0,0,0,0
1756474200,334.73,339.6,332.64,338.06,1.5815518376274846,,-10,-15,-10,-35,-1.5734841975517333,-60,-80,40,60,80,,,,,,,,,349.55620541805956,377.2409122614349,0,0,0,0,0
1756488600,338.11,338.66,333.97,334.49,1.4926024699108082,,-15,-45,-80,-80,-3.613198067550493,-60,-80,40,60,80,,,,,,,,,348.24004788819815,377.2409122614349,0,0,0,0,0
1756819800,334.7,348.57,331.6,340.76,1.4926024699108082,,-10,-25,-45,-45,-3.613198067550493,-60,-80,40,60,80,,,,,,,,,348.24004788819815,377.2409122614349,0,0,0,0,0
1756834200,340.75,344.26,339.35,341.72,1.4926024699108082,,-40,-25,-50,-50,-3.613198067550493,-60,-80,40,60,80,,,,,,,,,348.24004788819815,377.2409122614349,0,0,0,0,0
1756906200,342.39,344.49,333.54,335.73,1.4926024699108082,,-20,-25,-45,-35,-3.613198067550493,-60,-80,40,60,80,,,,,,,,,348.24004788819815,377.2409122614349,0,0,0,0,0
1756920600,335.56,336.41,327.62,330.39,1.4926024699108082,,-25,-25,-50,-55,-3.7166082025564617,-60,-80,40,60,80,,,,,,,,,346.1594860926392,377.2409122614349,0,0,0,0,0
1756992600,329.9,332.5,317.71,327.17,1.4926024699108082,,-20,-15,-10,-35,-3.8930519804388717,-60,-80,40,60,80,,,,,,,,,342.6095228003078,377.2409122614349,0,0,0,0,0
1757007000,327.26,327.64,323.79,327.5,1.4501807590484879,,-40,-45,-80,-80,-6.85111102541571,-60,-80,40,60,80,,,,,,,,,337.30241402885724,377.2409122614349,0,0,0,0,0
1757079000,335.39,335.78,320,333.45,1.4501807590484879,,-20,-25,-45,-45,-6.85111102541571,-60,-80,40,60,80,,,,,,,,,337.30241402885724,377.2409122614349,0,0,0,0,0
1757093400,333.28,337.15,330.79,335.91,1.4501807590484879,,-25,-25,-50,-50,-6.85111102541571,-60,-80,40,60,80,,,,,,,,,337.30241402885724,377.2409122614349,0,0,0,0,0
1757338200,328.11,333.03,321.725,328.86,1.4501807590484879,,-20,-25,-45,-35,-6.85111102541571,-60,-80,40,60,80,,,,,,,,,337.30241402885724,377.2409122614349,0,0,0,0,0
1757352600,328.92,331.05,327.15,330.08,1.4501807590484879,,-40,-25,-50,-40,-5.666532879443703,-60,-80,40,60,80,,,,,,,,,337.30241402885724,377.2409122614349,0,0,0,0,0
1757424600,330.44,331.96,324.46,326.24,1.4501807590484879,,-20,-15,-10,-10,-5.666532879443703,-60,-80,40,60,80,,,,,,,,,337.30241402885724,377.2409122614349,0,0,0,0,0
1757439000,326.27,328.69,325.21,328.51,1.4425644699162723,,-25,-35,-70,-30,-6.131985559279401,-60,-80,40,60,80,,,,,,,,,337.30241402885724,377.2409122614349,0,0,0,0,0
1757511000,332.8,340,326.22,326.45,1.4425644699162723,,-20,-15,-35,-10,-6.131985559279401,-60,-80,40,60,80,,,,,,,,,337.30241402885724,377.2409122614349,0,0,0,0,0
1757525400,326.54,327.42,321.96,326.5,1.4425644699162723,,-25,-15,-40,-30,-6.168050191906192,-60,-80,40,60,80,,,,,,,,,336.57681110019035,377.2409122614349,0,0,0,0,0
1757597400,326.87,329.75,322.77,325.05,1.4425644699162723,,-10,-15,-35,-10,-6.168050191906192,-60,-80,40,60,80,,,,,,,,,336.57681110019035,377.2409122614349,0,0,0,0,0
1757611800,325.22,327.38,323.84,326,1.4425644699162723,,5,-40,-35,-50,-5.584509665858445,-60,-80,40,60,80,,,,,,,,,335.99122997924576,377.2409122614349,0,0,0,0,0
1757683800,329.07,336.12,327.7,332.78,1.4425644699162723,,10,-25,0,-15,-5.584509665858445,-60,-80,40,60,80,,,,,,,,,335.99122997924576,377.2409122614349,0,0,0,0,0
1757698200,332.63,334.26,328.86,331.55,1.443666922751475,,-10,-30,-5,-20,-5.584509665858445,-60,-80,40,60,80,,,,,,,,,335.99122997924576,377.2409122614349,0,0,0,0,0
1757943000,329.52,331.34,320.46,324.26,1.443666922751475,,15,-25,5,-10,-5.584509665858445,-60,-80,40,60,80,,,,,,,,,335.99122997924576,377.2409122614349,0,0,0,0,0
1757957400,324.21,328.13,323.2,327.81,1.443666922751475,,10,-25,0,-30,-5.584509665858445,-60,-80,40,60,80,,,,,,,,,335.99122997924576,377.2409122614349,0,0,0,0,0
1758029400,329.12,332.58,324.9,331.91,1.443666922751475,,15,-15,15,15,-5.584509665858445,-60,-80,40,60,80,,,,,,,,,335.99122997924576,377.2409122614349,0,0,0,0,0
1758043800,331.95,335.38,330.8,335.04,1.443666922751475,,-15,-15,10,10,-5.305238057957026,-60,-80,40,60,80,,,,,,,,,335.99122997924576,377.2409122614349,0,0,0,0,0
1758115800,335.42,340.11,330.86,331.15,1.443666922751475,,15,-15,15,15,-5.305238057957026,-60,-80,40,60,80,,,,,,,,,335.99122997924576,377.2409122614349,0,0,0,0,0
1758130200,331.16,336.5,323.205,329.63,1.4249075633771318,,10,-20,10,10,-5.305238057957026,-60,-80,40,60,80,,,,,,,,,335.99122997924576,377.2409122614349,0,0,0,0,0
1758202200,335.86,356.68,334.665,354.56,1.4249075633771318,,15,0,15,40,-5.305238057957026,-60,-80,40,60,80,,,,,,,,,335.99122997924576,377.2409122614349,0,0,0,0,0
1758216600,354.4,358.3,346.06,349.15,1.4249075633771318,,0,-10,0,25,-4.700648126787131,-60,-80,40,60,80,,,,,,,,,336.0362285859177,377.2409122614349,0,0,0,0,0
1758288600,347.49,352.91,337.08,340.24,1.4249075633771318,,10,-10,10,20,-4.700648126787131,-60,-80,40,60,80,,,,,,,,,336.0362285859177,377.2409122614349,0,0,0,0,0
1758303000,340.19,345.87,338.53,344.89,1.4249075633771318,,5,-10,5,15,-4.700648126787131,-60,-80,40,60,80,,,,,,,,,336.0362285859177,377.2409122614349,0,0,0,0,0
1758547800,337.03,341.62,328.96,336.05,1.4249075633771318,,10,-15,10,20,-4.700648126787131,-60,-80,40,60,80,,,,,,,,,336.0362285859177,377.2409122614349,0,0,0,0,0
1758562200,336.22,337.91,334.46,335.73,1.440226333036354,,10,-20,10,10,-4.700648126787131,-60,-80,40,60,80,,,,,,,,,336.0362285859177,377.2409122614349,0,0,0,0,0
1758634200,337.49,339,333.8,334.71,1.440226333036354,,15,-15,15,15,-4.700648126787131,-60,-80,40,60,80,,,,,,,,,336.0362285859177,377.2409122614349,0,0,0,0,0
1758648600,334.7,334.89,327.79,327.89,1.440226333036354,,15,-15,15,-10,-4.700648126787131,-60,-80,40,60,80,,,,,,,,,336.0362285859177,377.2409122614349,0,0,0,0,0
1758720600,330.93,337,328.2,329.92,1.440226333036354,,15,-15,15,5,-4.700648126787131,-60,-80,40,60,80,,,,,,,,,336.0362285859177,377.2409122614349,0,0,0,0,0
1758735000,330.01,330.24,323.17,323.3,1.440226333036354,,15,-15,15,-10,-4.700648126787131,-60,-80,40,60,80,,,,,,,,,336.0362285859177,377.2409122614349,0,0,0,0,0
1758807000,316.65,317,297.19,298.64,1.440226333036354,,-20,-15,-20,-45,-5.122010125163963,-60,-80,40,60,80,,,,,,,,,327.5586294040522,377.2409122614349,0,0,0,0,0
1758821400,298.66,303.5,292.34,300.83,1.2802588837642854,,-15,-45,-40,-80,-10.194722118029501,-60,-80,40,60,80,,,,,,,,,314.10158444661994,377.2409122614349,0,0,0,0,0
1758893400,301.2,306.84,297.69,306.59,1.2802588837642854,,-10,-25,-20,-45,-10.194722118029501,-60,-80,40,60,80,,,,,,,,,314.10158444661994,377.2409122614349,0,0,0,0,0
1758907800,306.58,310,305.43,309.18,1.2802588837642854,,-15,-40,-15,-40,-22.956528873786233,-60,-80,40,60,80,,,,,,,,,314.10158444661994,377.2409122614349,0,0,0,0,0
1759152600,313.81,326.25,311,323.53,1.2802588837642854,,0,-25,0,-10,-22.956528873786233,-60,-80,40,60,80,,,,,,,,,314.10158444661994,377.2409122614349,0,0,0,0,0
1759167000,323.63,327.99,323.15,326.4,1.2802588837642854,,0,-25,0,0,-22.956528873786233,-60,-80,40,60,80,,,,,,,,,314.10158444661994,377.2409122614349,0,0,0,0,0
1759239000,320.68,324.36,316.18,317.41,1.2802588837642854,,5,-25,5,0,-22.956528873786233,-60,-80,40,60,80,,,,,,,,,314.10158444661994,377.2409122614349,0,0,0,0,0
1759253400,317.14,322.77,316.73,322.23,1.3616876725257645,,5,-30,-25,0,-22.956528873786233,-60,-80,40,60,80,,,,,,,,,314.10158444661994,377.2409122614349,0,0,0,0,0
1759325400,331.78,343.7,331.17,337.14,1.3616876725257645,,15,0,-10,60,-12.640096561684166,-60,-80,40,60,80,,,,,,,,,320.46804919789344,377.2409122614349,0,0,0,0,0
1759339800,337,339.64,333,338.44,1.3616876725257645,,15,-10,-10,25,-12.534719304368444,-60,-80,40,60,80,,,,,,,,,322.588188540901,377.2409122614349,0,0,0,0,0
1759411800,348.69,353.2,341.25,347.11,1.3616876725257645,,10,-10,-15,35,-12.140106661980957,-60,-80,40,60,80,,,,,,,,,330.5276036451224,377.2409122614349,0,0,0,0,0
1759426200,347.18,353.23,346.26,352.45,1.3616876725257645,,15,-10,-10,40,-9.235458890906736,-60,-80,40,60,80,,,,,,,,,335.80563195618504,377.2409122614349,0,0,0,0,0
1759498200,351.18,358.54,344.88,352.36,1.3616876725257645,,10,-10,10,20,-9.235458890906736,-60,-80,40,60,80,,,,,,,,,335.80563195618504,377.2409122614349,0,0,0,0,0
1759512600,352.21,353.03,344.44,351.87,1.4739212789877658,,20,10,45,70,-6.5644486513726035,-60,-80,40,60,80,,,,,,,,,335.80563195618504,377.2409122614349,0,0,0,0,0
1759757400,363.13,365.16,355.23,359.58,1.4739212789877658,,15,0,25,65,-6.132346765633515,-60,-80,40,60,80,,,,,,,,,344.49931246637703,377.2409122614349,0,0,0,0,0
1759771800,359.62,360,354.71,359.695,1.4739212789877658,,20,15,45,60,7.835821636258979,-60,-80,40,60,80,,,,,,,,,344.49931246637703,377.2409122614349,0,0,0,1,0
1759843800,358.83,359.45,329.44,333.85,1.4739212789877658,,0,0,10,10,7.835821636258979,-60,-80,40,60,80,,,,,,,,,344.49931246637703,377.2409122614349,0,0,0,1,0
1759858200,333.9,336.42,328.22,328.24,1.4739212789877658,,10,0,20,20,7.835821636258979,-60,-80,40,60,80,,,,,,,,,344.49931246637703,377.2409122614349,0,0,0,1,0
1759930200,335.68,336.35,322.33,329.7,1.4739212789877658,,10,0,20,10,7.835821636258979,-60,-80,40,60,80,,,,,,,,,344.49931246637703,377.2409122614349,0,0,0,1,0
1759944600,329.71,331.57,327.01,330.62,1.3762606367193047,,15,-5,25,-5,-2.2511296829949528,-60,-80,40,60,80,,,,,,,,,342.7498940665003,377.2409122614349,0,0,0,0,0
1760016600,327.29,328.95,318.86,319.43,1.3762606367193047,,15,-10,15,-10,-2.379292008021314,-60,-80,40,60,80,,,,,,,,,340.17133020460744,377.2409122614349,0,0,0,0,0
1760031000,319.7,322.9,318.22,320.47,1.3762606367193047,,15,-10,15,-10,-2.7032181945076057,-60,-80,40,60,80,,,,,,,,,333.65409233284976,377.2409122614349,0,0,0,0,0
1760103000,323.175,323.32,303.46,310.87,1.3762606367193047,,-20,-15,-20,-45,-2.7032181945076057,-60,-80,40,60,80,,,,,,,,,333.65409233284976,377.2409122614349,0,0,0,0,0
1760117400,311,312.38,304.65,304.67,1.3762606367193047,,-15,-15,-15,-40,-3.8151667199043633,-60,-80,40,60,80,,,,,,,,,323.52204900128373,377.2409122614349,0,0,0,0,0
1760362200,306.5,313.8,300.67,308.71,1.3762606367193047,,-10,-15,-10,-20,-3.8151667199043633,-60,-80,40,60,80,,,,,,,,,323.52204900128373,377.2409122614349,0,0,0,0,0
1760376600,308.59,315.95,308.3,315.37,1.3034349874286302,,5,-45,-20,-45,-8.701290738657704,-60,-80,40,60,80,,,,,,,,,323.52204900128373,377.2409122614349,0,0,0,0,0
1760448600,301.055,312.69,297.31,312.4,1.3034349874286302,,-20,-25,-30,-55,-8.701290738657704,-60,-80,40,60,80,,,,,,,,,323.52204900128373,377.2409122614349,0,0,0,0,0
1760463000,312.51,312.55,300.38,300.65,1.3034349874286302,,-30,-40,-40,-55,-19.895710583372175,-60,-80,40,60,80,,,,,,,,,323.52204900128373,377.2409122614349,0,0,0,0,0
1760535000,303.59,308.88,294.67,296.33,1.3034349874286302,,-10,-25,-20,-50,-20.03889249932305,-60,-80,40,60,80,,,,,,,,,320.6412982496758,377.2409122614349,0,0,0,0,0
1760549400,296.38,300.35,295.64,296.64,1.3034349874286302,,-15,-40,-40,-70,-21.998531595747632,-60,-80,40,60,80,,,,,,,,,311.6076340889847,377.2409122614349,0,0,0,0,0
1760621400,300.015,301.51,285.53,292.91,1.3034349874286302,,-10,-25,-20,-60,-21.998531595747632,-60,-80,40,60,80,,,,,,,,,311.6076340889847,377.2409122614349,0,0,0,0,0
1760635800,292.79,293.49,282.17,283.83,1.1656560474236377,,-40,-45,-80,-80,-25.04193539207469,-60,-80,40,60,80,,,,,,,,,305.06530694407354,377.2409122614349,0,0,0,0,0
1760707800,279.02,290.16,278.97,287.36,1.1656560474236377,,-20,-25,-35,-45,-25.208814259237926,-60,-80,40,60,80,,,,,,,,,301.7077850194969,377.2409122614349,0,0,0,0,0
1760722200,287.49,292.8,286.89,289.73,1.1656560474236377,,-25,-80,-65,-65,-27.832038013930497,-60,-80,40,60,80,,,,,,,,,301.7077850194969,359.0742010472995,0,0,0,0,0
1760967000,297.48,306.16,294.4,300.63,1.1656560474236377,,-20,-40,-45,-35,-27.832038013930497,-60,-80,40,60,80,,,,,,,,,301.7077850194969,359.0742010472995,0,0,0,0,0
1760981400,300.68,300.68,296.4,296.51,1.1656560474236377,,-40,-40,-50,-40,-26.32890422735979,-60,-80,40,60,80,,,,,,,,,301.7077850194969,359.0742010472995,0,0,0,0,0
1761053400,293.675,305.95,291.62,302,1.1656560474236377,,-20,-40,-20,-20,-26.32890422735979,-60,-80,40,60,80,,,,,,,,,301.7077850194969,359.0742010472995,0,0,0,0,0
1761067800,302.08,303.16,299.96,301.92,1.2319113883999806,,-15,-45,-55,-15,-25.612252320531105,-60,-80,40,60,80,,,,,,,,,301.7077850194969,359.0742010472995,0,0,0,0,0
1761139800,293.76,297.96,283.22,283.71,1.2319113883999806,,-20,-15,-35,-10,-25.612252320531105,-60,-80,40,60,80,,,,,,,,,301.7077850194969,359.0742010472995,0,0,0,0,0
1761154200,283.63,284.4,276.68,280.805,1.2319113883999806,,-25,-15,-40,-40,-25.035748662380946,-60,-80,40,60,80,,,,,,,,,295.390382009294,359.0742010472995,0,0,0,0,0
1761226200,285.5,288.22,278.71,285.66,1.2319113883999806,,-10,-15,-35,-20,-25.035748662380946,-60,-80,40,60,80,,,,,,,,,295.390382009294,359.0742010472995,0,0,0,0,0
1761240600,285.86,289,283.09,284.905,1.2319113883999806,,-15,-40,-55,-65,-24.840639547904658,-60,-80,40,60,80,,,,,,,,,295.390382009294,359.0742010472995,0,0,0,0,0
1761312600,290.55,292.14,286.09,288.24,1.2319113883999806,,-10,-25,-20,-45,-24.840639547904658,-60,-80,40,60,80,,,,,,,,,295.390382009294,359.0742010472995,0,0,0,0,0
1761327000,288.13,290.33,287.6,289.06,1.1724011380983692,,-60,-60,-55,-50,-22.3350554280324,-60,-80,40,60,80,,,,,,,,,295.390382009294,348.315329543921,0,0,0,0,0
1761571800,299.51,299.835,293.02,296.89,1.1724011380983692,,-20,-40,-35,-35,-22.3350554280324,-60,-80,40,60,80,,,,,,,,,295.390382009294,348.315329543921,0,0,0,0,0
1761586200,296.71,299.2,294.86,295.665,1.1724011380983692,,-25,-40,-40,-25,-22.3350554280324,-60,-80,40,60,80,,,,,,,,,295.390382009294,348.315329543921,0,0,0,0,0
1761658200,294.89,297.25,289.51,290.36,1.1724011380983692,,-20,-40,-35,-10,-22.3350554280324,-60,-80,40,60,80,,,,,,,,,295.390382009294,348.315329543921,0,0,0,0,0
1761672600,290.25,291.27,284.24,284.49,1.1724011380983692,,-25,-40,-40,-15,-22.3350554280324,-60,-80,40,60,80,,,,,,,,,295.390382009294,348.315329543921,0,0,0,0,0
1761744600,284.375,286.42,278.32,280.9,1.1724011380983692,,-10,-15,-10,-25,-22.3350554280324,-60,-80,40,60,80,,,,,,,,,295.390382009294,348.315329543921,0,0,0,0,0
1761759000,280.78,282.76,274.02,275.335,1.110555872494027,,-15,-45,-40,-80,-24.03553697358832,-60,-80,40,60,80,,,,,,,,,291.811574652294,348.315329543921,0,0,0,0,0
1761831000,269.985,271.34,262.15,264.62,1.110555872494027,,-10,-25,-20,-60,-24.634388487685833,-60,-80,40,60,80,,,,,,,,,280.68681931998725,348.315329543921,0,0,0,0,0
1761845400,264.54,264.94,254.05,254.34,1.110555872494027,,-40,-40,-40,-80,-29.6664428952822,-60,-80,40,60,80,,,,,,,,,274.39704651141676,348.315329543921,0,0,0,0,0
1761917400,269.98,276.29,263.01,269.84,1.110555872494027,,-10,-25,-10,-35,-29.6664428952822,-60,-80,40,60,80,,,,,,,,,274.39704651141676,348.315329543921,0,0,0,0,0
1761931800,269.93,271.56,265.5,269.57,1.110555872494027,,-25,-65,-25,-50,-29.403165049319597,-60,-80,40,60,80,,,,,,,,,274.39704651141676,342.21566314792665,0,0,0,0,0
1762180200,264.19,270.3,259.83,264.39,1.110555872494027,,-20,-50,-20,-45,-29.403165049319597,-60,-80,40,60,80,,,,,,,,,274.39704651141676,342.21566314792665,0,0,0,0,0
1762194600,264.5,269.72,263.98,264.7,1.0619739829401686,,-40,-70,-70,-55,-29.771747459536808,-60,-80,40,60,80,,,,,,,,,274.39704651141676,342.21566314792665,0,0,0,0,0
1762266600,255.07,258.21,248.54,250.17,1.0619739829401686,,-20,-40,-35,-35,-30.098636218376132,-60,-80,40,60,80,,,,,,,,,268.43083566438736,342.21566314792665,0,0,0,0,0
1762281000,250.13,253.38,245.87,246.84,1.0619739829401686,,-25,-65,-55,-70,-34.87442767279061,-60,-80,40,60,80,,,,,,,,,263.4072045455025,342.21566314792665,0,0,0,0,0
1762353000,250.2,253.2,247.05,249.54,1.0619739829401686,,-25,-25,-40,-40,-34.89864174465082,-60,-80,40,60,80,,,,,,,,,262.9652613636809,342.21566314792665,0,0,0,0,0
1762367400,249.52,255.36,248.72,255.01,1.0619739829401686,,-40,-40,-55,-55,-35.27307740457341,-60,-80,40,60,80,,,,,,,,,262.9652613636809,342.21566314792665,0,0,0,0,0
1762439400,252.1,252.37,236.87,239.91,1.0619739829401686,,-20,-25,-20,-60,-35.29713526708785,-60,-80,40,60,80,,,,,,,,,262.5261692370514,342.21566314792665,0,0,0,0,0
1762453800,239.92,243.43,235.05,237.04,0.9474834259336931,,-25,-45,-70,-70,-33.46894007202033,-60,-80,40,60,80,,,,,,,,,253.45930000583346,342.21566314792665,0,0,0,0,0
1762525800,222.58,235.86,219.75,235.81,0.9474834259336931,,-25,-25,-40,-65,-33.85528518260326,-60,-80,40,60,80,,,,,,,,,246.40792143398824,342.21566314792665,0,0,0,0,0
1762540200,235.75,243.73,235.16,241.97,0.9474834259336931,,-30,-70,-45,-55,-35.665037225501166,-60,-80,40,60,80,,,,,,,,,246.40792143398824,313.3659729230747,0,0,0,0,0
1762785000,249.675,249.84,234.6,241.93,0.9474834259336931,,-20,-40,-35,-45,-35.665037225501166,-60,-80,40,60,80,,,,,,,,,246.40792143398824,313.3659729230747,0,0,0,0,0
1762799400,241.98,242.16,238.11,238.8,0.9474834259336931,,-25,-40,-40,-40,-35.44388777937084,-60,-80,40,60,80,,,,,,,,,246.40792143398824,313.3659729230747,0,0,0,0,0
1762871400,236.455,239.21,233.28,236.86,0.9474834259336931,,-20,-40,-20,-35,-35.44388777937084,-60,-80,40,60,80,,,,,,,,,246.40792143398824,313.3659729230747,0,0,0,0,0
1762885800,236.95,237.33,230.5,231.27,0.9201848907202418,,-40,-60,-80,-55,-34.68704891293725,-60,-80,40,60,80,,,,,,,,,246.40792143398824,313.3659729230747,0,0,0,0,0
1762957800,233.86,234.77,222.35,222.56,0.9201848907202418,,-20,-25,-35,-60,-34.78920184113399,-60,-80,40,60,80,,,,,,,,,244.70065467498492,313.3659729230747,0,0,0,0,0
1762972200,222.54,225.13,219.81,224.6,0.9201848907202418,,-25,-40,-65,-70,-36.32118031316301,-60,-80,40,60,80,,,,,,,,,234.73132219820027,313.3659729230747,0,0,0,0,0
1763044200,224.1,226,211.68,212.14,0.9201848907202418,,-20,-25,-45,-60,-36.32118031316301,-60,-80,40,60,80,,,,,,,,,234.73132219820027,313.3659729230747,0,0,0,0,0
1763058600,212.17,213.32,207.06,208.47,0.9201848907202418,,-40,-40,-65,-80,-39.65590760401947,-60,-80,40,60,80,,,,,,,,,222.99562985457064,313.3659729230747,0,0,0,0,0
1763130600,200.58,208.78,194.56,202.72,0.9201848907202418,,-20,-25,-20,-60,-39.908132787393804,-60,-80,40,60,80,,,,,,,,,218.7802277221013,313.3659729230747,0,0,0,0,0
1763145000,202.62,202.77,197.08,199.6,0.791612265761838,,-25,-85,-80,-70,-44.1895565275932,-60,-80,40,60,80,,,,,,,,,212.4623543133798,293.8512605714265,0,0,0,0,0
1763389800,196.795,204.1,191.41,191.45,0.791612265761838,,-25,-50,-50,-50,-44.1895565275932,-60,-80,40,60,80,,,,,,,,,212.4623543133798,293.8512605714265,0,0,0,0,0
1763404200,191.44,195.89,189.59,195.5,0.791612265761838,,-40,-65,-65,-70,-46.439786507219964,-60,-80,40,60,80,,,,,,,,,205.5388667293938,293.8512605714265,0,0,0,0,0
1763476200,196.5,213.83,196,210,0.791612265761838,,-20,-50,-45,-35,-46.439786507219964,-60,-80,40,60,80,,,,,,,,,205.5388667293938,293.8512605714265,0,0,0,0,0
1763490600,210,212.92,206.625,206.68,0.791612265761838,,-25,-50,-50,-40,-45.27369303329932,-60,-80,40,60,80,,,,,,,,,205.5388667293938,293.8512605714265,0,0,0,0,0
1763562600,202.09,203.54,182.51,182.9,0.791612265761838,,-20,-25,-20,-60,-45.27369303329932,-60,-80,40,60,80,,,,,,,,,205.5388667293938,293.8512605714265,0,0,0,0,0
1763577000,182.83,188.11,181.7,186.485,0.7365046588266851,,-25,-30,-55,-65,-44.68315372830064,-60,-80,40,60,80,,,,,,,,,198.78056597923305,293.8512605714265,0,0,0,0,0
1763649000,192.44,193.49,173,175.74,0.7365046588266851,,-10,-15,-35,-35,-44.68315372830064,-60,-80,40,60,80,,,,,,,,,198.78056597923305,293.8512605714265,0,0,0,0,0
1763663400,175.59,180.255,171.47,177.14,0.7365046588266851,,-15,-40,-55,-80,-46.762829833116704,-60,-80,40,60,80,,,,,,,,,191.4421716861754,293.8512605714265,0,0,0,0,0
1763735400,172.74,181.19,166.31,170.97,0.7365046588266851,,-10,-25,-35,-60,-46.762829833116704,-60,-80,40,60,80,,,,,,,,,191.4421716861754,293.8512605714265,0,0,0,0,0
1763749800,170.92,174.49,169.57,170.49,0.7365046588266851,,-70,-70,-65,-70,-42.11887931433451,-60,-80,40,60,80,,,,,,,,,185.474449055937,257.98045624489606,0,0,0,0,0
1763994600,171.62,177.02,166.01,175.3,0.7365046588266851,,-35,-40,-20,-35,-42.11887931433451,-60,-80,40,60,80,,,,,,,,,185.474449055937,257.98045624489606,0,0,0,0,0
1764009000,175.17,179.79,175,179.1,0.704703574879021,,-40,-60,-80,-55,-41.67853983735726,-60,-80,40,60,80,,,,,,,,,185.474449055937,257.98045624489606,0,0,0,0,0
1764081000,173.995,176.56,170.4,173.53,0.704703574879021,,-35,-40,-35,-35,-41.67853983735726,-60,-80,40,60,80,,,,,,,,,185.474449055937,257.98045624489606,0,0,0,0,0
1764095400,173.54,174.04,167.01,172.185,0.704703574879021,,-65,-55,-55,-70,-43.190533148522206,-60,-80,40,60,80,,,,,,,,,184.21042064469532,257.98045624489606,0,0,0,0,0
1764167400,173.5,180.39,169.69,179.99,0.704703574879021,,-20,-25,-35,-35,-43.190533148522206,-60,-80,40,60,80,,,,,,,,,184.21042064469532,257.98045624489606,0,0,0,0,0
1764181800,180.05,180.61,175.5,175.57,0.704703574879021,,-25,-25,-40,-40,-43.190533148522206,-60,-80,40,60,80,,,,,,,,,184.21042064469532,257.98045624489606,0,0,0,0,0
1764340200,182.94,187.28,175.08,177.09,0.695049972384425,,-25,-60,-55,-40,-41.54915709889603,-60,-80,40,60,80,,,,,,,,,184.21042064469532,229.80685222740348,0,0,0,0,0
1764599400,168.24,168.28,155.61,162.35,0.695049972384425,,-20,-40,-35,-60,-39.83288088589017,-60,-80,40,60,80,,,,,,,,,179.11148334113764,229.80685222740348,0,0,0,0,0
1764613800,162.355,172.17,160.83,171.5,0.695049972384425,,-15,-55,-55,-65,-41.67594532877611,-60,-80,40,60,80,,,,,,,,,179.11148334113764,229.80685222740348,0,0,0,0,0
1764685800,178.06,184.99,176.9,184.05,0.695049972384425,,10,-25,-15,-25,-41.33492703692215,-60,-80,40,60,80,,,,,,,,,179.11148334113764,229.80685222740348,0,0,0,0,0
1764700200,184.02,188.37,181.26,181.32,0.695049972384425,,5,-35,-20,-5,-41.33492703692215,-60,-80,40,60,80,,,,,,,,,179.11148334113764,229.80685222740348,0,0,0,0,0
1764772200,183.255,190.38,179.03,185.97,0.695049972384425,,10,-20,0,-15,-40.94808601352282,-60,-80,40,60,80,,,,,,,,,179.11148334113764,229.80685222740348,0,0,0,0,0
1764786600,186,189.47,183.85,188.37,0.7364354897622796,,10,-25,0,10,-40.94808601352282,-60,-80,40,60,80,,,,,,,,,179.11148334113764,229.80685222740348,0,0,0,0,0
1764858600,186.34,190.99,183.74,187.42,0.7364354897622796,,15,-10,15,25,-40.09601172027868,-60,-80,40,60,80,,,,,,,,,179.11148334113764,229.80685222740348,0,0,0,0,0
1764873000,187.35,187.73,182.38,186.01,0.7364354897622796,,10,-10,10,20,-40.09601172027868,-60,-80,40,60,80,,,,,,,,,179.11148334113764,229.80685222740348,0,0,0,0,0
1764945000,183.56,185.38,176.35,180.03,0.7364354897622796,,15,-10,15,25,-40.09601172027868,-60,-80,40,60,80,,,,,,,,,179.11148334113764,229.80685222740348,0,0,0,0,0
1764959400,180.02,181.09,177.62,179.06,0.7364354897622796,,-30,-10,10,20,-21.83384417523878,-60,-80,40,60,80,,,,,,,,,179.11148334113764,229.80685222740348,0,0,0,0,0
1765204200,181.96,185.55,178.01,182.76,0.7364354897622796,,-10,-10,15,15,-21.83384417523878,-60,-80,40,60,80,,,,,,,,,179.11148334113764,229.80685222740348,0,0,0,0,0
1765218600,182.71,184.01,180.9,183.7,0.7156519633008044,,-15,-15,10,10,-20.72800550950722,-60,-80,40,60,80,,,,,,,,,179.11148334113764,229.80685222740348,0,0,0,0,0
1765290600,181.49,198.38,179.93,193.35,0.7156519633008044,,-10,-10,15,40,-20.72800550950722,-60,-80,40,60,80,,,,,,,,,179.11148334113764,229.80685222740348,0,0,0,0,0
1765305000,193.4,194.72,188.27,188.94,0.7156519633008044,,-15,-10,10,20,-20.72800550950722,-60,-80,40,60,80,,,,,,,,,179.11148334113764,229.80685222740348,0,0,0,0,0
1765377000,189.33,189.33,184.26,186.7,0.7156519633008044,,15,-10,15,25,-20.72800550950722,-60,-80,40,60,80,,,,,,,,,179.11148334113764,229.80685222740348,0,0,0,0,0
1765391400,186.55,191.07,182.2,184.54,0.7156519633008044,,10,-10,10,20,-20.72800550950722,-60,-80,40,60,80,,,,,,,,,179.11148334113764,229.80685222740348,0,0,0,0,0
1765463400,179.9,180.85,171.42,177.185,0.7156519633008044,,15,-10,15,10,-20.72800550950722,-60,-80,40,60,80,,,,,,,,,179.11148334113764,229.80685222740348,0,0,0,0,0
1765477800,177.16,183.51,176.28,183.34,0.7117310328808891,,10,-15,10,10,-20.72800550950722,-60,-80,40,60,80,,,,,,,,,179.11148334113764,229.80685222740348,0,0,0,0,0
1765549800,183.09,185.23,177.13,182,0.7117310328808891,,15,-10,15,15,-20.72800550950722,-60,-80,40,60,80,,,,,,,,,179.11148334113764,229.80685222740348,0,0,0,0,0
1765564200,181.89,182.64,176.22,176.46,0.7117310328808891,,15,-10,15,15,-31.685306036531156,-60,-80,40,60,80,,,,,,,,,179.11148334113764,229.80685222740348,0,0,0,0,0
1765809000,176.02,176.45,161.61,161.9,0.7117310328808891,,15,-10,15,-10,-31.685306036531156,-60,-80,40,60,80,,,,,,,,,179.11148334113764,229.80685222740348,0,0,0,0,0
1765823400,161.86,165.43,160.55,162.1,0.7117310328808891,,10,-10,10,-15,-32.068758349821785,-60,-80,40,60,80,,,,,,,,,174.4117516559838,229.80685222740348,0,0,0,0,0
1765895400,165,171.45,161.99,164,0.7117310328808891,,15,-10,15,5,-32.068758349821785,-60,-80,40,60,80,,,,,,,,,174.4117516559838,229.80685222740348,0,0,0,0,0
1765909800,164,168.6,163.24,167.47,0.6486151015183502,,-10,-40,-40,-35,-33.62305019131532,-60,-80,40,60,80,,,,,,,,,174.4117516559838,229.80685222740348,0,0,0,0,0
1765981800,167.745,171.1,163.55,164.12,0.6486151015183502,,5,-20,-10,-20,-33.62305019131532,-60,-80,40,60,80,,,,,,,,,174.4117516559838,229.80685222740348,0,0,0,0,0
1765996200,164.1,164.37,160.31,160.41,0.6486151015183502,,0,-35,-40,-55,-34.035078954960724,-60,-80,40,60,80,,,,,,,,,172.70952595393985,229.80685222740348,0,0,0,0,0
1766068200,167.62,169.51,159.79,161.57,0.6486151015183502,,5,-20,-20,-10,-34.035078954960724,-60,-80,40,60,80,,,,,,,,,172.70952595393985,229.80685222740348,0,0,0,0,0
1766082600,161.64,162.83,157.44,158.29,0.6486151015183502,,-15,-35,-40,-45,-35.00808034242684,-60,-80,40,60,80,,,,,,,,,171.05040758273387,229.80685222740348,0,0,0,0,0
1766154600,163.39,167.74,161.64,164.6,0.6486151015183502,,5,-10,15,5,-35.00808034242684,-60,-80,40,60,80,,,,,,,,,171.05040758273387,229.80685222740348,0,0,0,0,0
1766169000,164.5,166.11,162.8,164.43,0.6367067493517379,,0,-70,-45,-40,-35.124304794241965,-60,-80,40,60,80,,,,,,,,,171.05040758273387,215.8732930552498,0,0,0,0,0
1766413800,168.93,170.63,164.92,166.23,0.6367067493517379,,5,-35,-10,-10,-35.124304794241965,-60,-80,40,60,80,,,,,,,,,171.05040758273387,215.8732930552498,0,0,0,0,0
1766428200,166.27,166.46,163.69,164.24,0.6367067493517379,,-15,-35,-15,-15,-35.124304794241965,-60,-80,40,60,80,,,,,,,,,171.05040758273387,215.8732930552498,0,0,0,0,0
1766500200,162.25,162.73,156.72,158.36,0.6367067493517379,,15,-35,-10,15,-35.19826294272887,-60,-80,40,60,80,,,,,,,,,170.19890949941987,215.8732930552498,0,0,0,0,0
1766514600,158.39,159.19,156.51,157.88,0.6367067493517379,,10,-50,-30,-45,-37.48390491254469,-60,-80,40,60,80,,,,,,,,,166.3168445351756,215.8732930552498,0,0,0,0,0
1766586600,157.2,159.28,155.09,158.69,0.6117503626913808,,-15,-40,-30,-45,-39.49686521055065,-60,-80,40,60,80,,,,,,,,,166.1970699255202,215.8732930552498,0,0,0,0,0
1766759400,159.89,159.89,154.13,157.23,0.6117503626913808,,5,-20,5,-10,-39.33297897127073,-60,-80,40,60,80,,,,,,,,,166.1970699255202,215.8732930552498,0,0,0,0,0
1766773800,157.32,159.26,156.87,158.82,0.6117503626913808,,0,-60,0,-15,-38.854046717070425,-60,-80,40,60,80,,,,,,,,,165.7769633541475,208.41292212273194,0,0,0,0,0
1767018600,157.9,162.92,155.86,156.7,0.6117503626913808,,5,-45,5,-25,-38.35146662059213,-60,-80,40,60,80,,,,,,,,,165.7769633541475,208.41292212273194,0,0,0,0,0
1767033000,156.72,157.27,155.33,155.33,0.6117503626913808,,-15,-35,0,-30,-38.55666996708344,-60,-80,40,60,80,,,,,,,,,163.49605513699456,208.41292212273194,0,0,0,0,0
1767105000,155.89,159.38,154.16,157.24,0.6117503626913808,,15,-35,15,15,-37.94645880100056,-60,-80,40,60,80,,,,,,,,,163.49605513699456,208.41292212273194,0,0,0,0,0
1767119400,157.27,157.65,155.5,155.5,0.5985466658467518,,10,-55,-45,-20,-38.44025111314223,-60,-80,40,60,80,,,,,,,,,163.49605513699456,208.41292212273194,0,0,0,0,0
1767191400,156.17,156.74,152.53,154.215,0.5985466658467518,,15,-10,-10,-10,-38.53078500145936,-60,-80,40,60,80,,,,,,,,,162.48973875217823,208.41292212273194,0,0,0,0,0
1767205800,154.18,154.68,151.43,151.86,0.5835307237854728,,-10,-40,-40,-50,-40.2326116813958,-60,-80,40,60,80,,,,,,,,,160.2511859841655,208.41292212273194,0,0,0,0,0
1767364200,154.6,160.76,149.79,157.67,0.5835307237854728,,5,-20,-10,-20,-38.50399099617021,-60,-80,40,60,80,,,,,,,,,160.2511859841655,208.41292212273194,0,0,0,0,0
1767378600,157.63,158.44,155.9,157.27,0.5835307237854728,,-20,-50,-5,-15,-27.67319815029171,-60,-80,40,60,80,,,,,,,,,160.2511859841655,198.91842768539397,0,0,0,0,0
1767623400,163.16,167.68,160.98,161.52,0.5835307237854728,,-10,-35,-10,5,-27.67319815029171,-60,-80,40,60,80,,,,,,,,,160.2511859841655,198.91842768539397,0,0,0,0,0
1767637800,161.5,166.17,161.14,164.67,0.5835307237854728,,-5,-35,-5,10,-27.67319815029171,-60,-80,40,60,80,,,,,,,,,160.2511859841655,198.91842768539397,0,0,0,0,0
1767709800,166.805,167.1,154.95,155.46,0.5835307237854728,,-10,-35,15,25,-27.67319815029171,-60,-80,40,60,80,,,,,,,,,160.2511859841655,198.91842768539397,0,0,0,0,0
1767724200,155.45,159.65,154.06,158.03,0.6058981641906858,,-5,-40,20,30,-27.67319815029171,-60,-80,40,60,80,,,,,,,,,160.2511859841655,198.91842768539397,0,0,0,0,0
1767796200,163.51,170.12,158.47,161.34,0.6058981641906858,,15,10,15,25,-27.67319815029171,-60,-80,40,60,80,,,,,,,,,160.2511859841655,198.91842768539397,0,0,0,0,0
1767810600,161.37,162.65,159.84,161.5,0.6058981641906858,,20,10,20,20,-27.376922763006704,-60,-80,40,60,80,,,,,,,,,160.2511859841655,198.91842768539397,0,0,0,0,0
1767882600,158.635,170.6,156.2,169.4,0.6058981641906858,,15,10,15,15,-27.376922763006704,-60,-80,40,60,80,,,,,,,,,160.2511859841655,198.91842768539397,0,0,0,0,0
1767897000,169.39,170.4,165.18,166.86,0.6058981641906858,,20,15,20,35,-26.476662442120485,-60,-80,40,60,80,,,,,,,,,160.2511859841655,198.91842768539397,0,0,0,0,0
1767969000,166.72,167.2,155.47,158.77,0.6058981641906858,,15,-20,15,15,-26.476662442120485,-60,-80,40,60,80,,,,,,,,,160.2511859841655,198.91842768539397,0,0,0,0,0
1767983400,158.78,159.87,156.81,157.31,0.6029553978937192,,20,5,20,20,-31.84133558749521,-60,-80,40,60,80,,,,,,,,,160.2511859841655,198.91842768539397,0,0,0,0,0
1768228200,156.15,161.98,154.69,160.83,0.6029553978937192,,15,10,15,15,-31.84133558749521,-60,-80,40,60,80,,,,,,,,,160.2511859841655,198.91842768539397,0,0,0,0,0
1768242600,160.82,163.82,159.93,162.24,0.6029553978937192,,20,10,20,20,-31.84133558749521,-60,-80,40,60,80,,,,,,,,,160.2511859841655,198.91842768539397,0,0,0,0,0
1768314600,164.445,169.9,160.73,169.86,0.6029553978937192,,15,15,15,30,-31.84133558749521,-60,-80,40,60,80,,,,,,,,,160.2511859841655,198.91842768539397,0,0,0,0,0
1768329000,169.88,173.76,168.95,173.22,0.6029553978937192,,20,15,20,45,-31.660908576463374,-60,-80,40,60,80,,,,,,,,,162.16533304264163,198.91842768539397,0,0,0,0,0
1768401000,178.43,190.2,176.8,179.17,0.6029553978937192,,15,15,15,60,-20.98961312305873,-60,-80,40,60,80,,,,,,,,,169.28709496816725,198.91842768539397,0,0,0,0,0
1768415400,179.18,180.54,176.12,179.22,0.686743944296858,,20,10,20,45,-20.98961312305873,-60,-80,40,60,80,,,,,,,,,169.28709496816725,198.91842768539397,0,0,0,0,0
1768487400,179.125,179.22,170.1,175.32,0.686743944296858,,15,15,15,25,-20.98961312305873,-60,-80,40,60,80,,,,,,,,,169.28709496816725,198.91842768539397,0,0,0,0,0
1768501800,175.325,175.75,170.79,170.9,0.686743944296858,,15,15,15,25,-20.98961312305873,-60,-80,40,60,80,,,,,,,,,169.28709496816725,198.91842768539397,0,0,0,0,0
1768573800,171.96,173.88,167.62,171.82,0.686743944296858,,15,15,15,25,-20.98961312305873,-60,-80,40,60,80,,,,,,,,,169.28709496816725,198.91842768539397,0,0,0,0,0
1768588200,171.89,173.86,170.7,173.72,0.686743944296858,,20,15,20,20,-20.98961312305873,-60,-80,40,60,80,,,,,,,,,169.28709496816725,198.91842768539397,0,0,0,0,0
1768919400,165.17,165.72,158.85,160.97,0.686743944296858,,0,15,0,-25,-20.98961312305873,-60,-80,40,60,80,,,,,,,,,169.28709496816725,198.91842768539397,0,0,0,0,0
1768933800,160.99,163.03,159.45,160.27,0.6137135630236569,,10,10,10,-15,-20.98961312305873,-60,-80,40,60,80,,,,,,,,,169.28709496816725,198.91842768539397,0,0,0,0,0
1769005800,161.27,164.16,156.02,158.97,0.6137135630236569,,10,15,10,-35,-30.98961312305873,-60,-80,40,60,80,,,,,,,,,169.28709496816725,198.91842768539397,0,0,0,0,0
1769020200,158.98,165.73,158.245,163.91,0.6137135630236569,,15,15,15,5,-30.98961312305873,-60,-80,40,60,80,,,,,,,,,169.28709496816725,198.91842768539397,0,0,0,0,0
1769092200,163.725,164.64,159.47,162.62,0.6137135630236569,,15,15,15,5,-30.98961312305873,-60,-80,40,60,80,,,,,,,,,169.28709496816725,198.91842768539397,0,0,0,0,0
1769106600,162.54,163.67,160.67,160.82,0.6137135630236569,,20,15,20,10,-30.98961312305873,-60,-80,40,60,80,,,,,,,,,169.28709496816725,198.91842768539397,0,0,0,0,0
1769178600,160.94,168.95,158.72,167.47,0.6137135630236569,,15,15,15,15,-30.98961312305873,-60,-80,40,60,80,,,,,,,,,169.28709496816725,198.91842768539397,0,0,0,0,0
1769193000,167.46,167.82,162.51,163.16,0.6244149671591276,,20,10,20,20,-30.98961312305873,-60,-80,40,60,80,,,,,,,,,169.28709496816725,198.91842768539397,0,0,0,0,0
1769437800,159.41,163.12,158.62,161.62,0.6244149671591276,,15,15,15,15,-30.98961312305873,-60,-80,40,60,80,,,,,,,,,169.28709496816725,198.91842768539397,0,0,0,0,0
1769452200,161.6,163.9,160.29,160.52,0.6244149671591276,,20,15,20,20,-30.98961312305873,-60,-80,40,60,80,,,,,,,,,169.28709496816725,198.91842768539397,0,0,0,0,0
1769524200,160.32,160.99,156.98,158.45,0.6244149671591276,,15,15,15,0,-31.171911943057193,-60,-80,40,60,80,,,,,,,,,167.35308992054078,198.91842768539397,0,0,0,0,0
1769538600,158.5,161.64,157.72,161.62,0.6244149671591276,,20,15,20,20,-31.171911943057193,-60,-80,40,60,80,,,,,,,,,167.35308992054078,198.91842768539397,0,0,0,0,0
1769610600,164.46,165.68,159.04,159.63,0.6244149671591276,,15,15,15,15,-31.171911943057193,-60,-80,40,60,80,,,,,,,,,167.35308992054078,198.91842768539397,0,0,0,0,0
1769625000,159.6,160.44,156.99,158.37,0.6064835130371824,,20,10,20,-5,-31.255819953406537,-60,-80,40,60,80,,,,,,,,,166.46291128113268,198.91842768539397,0,0,0,0,0
1769697000,155.95,156.005,141.64,142.11,0.6064835130371824,,-20,15,-20,-45,-31.601772813772346,-60,-80,40,60,80,,,,,,,,,162.79270333248036,198.91842768539397,0,0,0,0,0
1769711400,142.05,143.24,139.365,143.24,0.6064835130371824,,-5,0,-20,-45,-33.11272741683616,-60,-80,40,60,80,,,,,,,,,149.81965309444604,198.91842768539397,0,0,0,0,0
1769783400,139.995,145.95,139.89,143.64,0.6064835130371824,,-10,15,-10,-20,-33.11272741683616,-60,-80,40,60,80,,,,,,,,,149.81965309444604,198.91842768539397,0,0,0,0,0
1769797800,143.62,151.13,142.8,149.73,0.6064835130371824,,-80,-25,-40,-65,-33.91111964876754,-60,-80,40,60,80,,,,,,,,,149.81965309444604,198.66766760523055,0,0,0,0,0
1770042600,139.64,147.89,138,142.79,0.6064835130371824,,-45,5,-20,-45,-33.91111964876754,-60,-80,40,60,80,,,,,,,,,149.81965309444604,198.66766760523055,0,0,0,0,0
1770057000,142.7,144.66,139.39,139.7,0.5351389969558178,,-50,-15,-80,-55,-35.68277539021001,-60,-80,40,60,80,,,,,,,,,149.81965309444604,198.66766760523055,0,0,0,0,0
1770129000,140.135,140.23,128.62,128.87,0.5351389969558178,,-45,5,-45,-50,-35.90436191332406,-60,-80,40,60,80,,,,,,,,,147.47180894938893,198.66766760523055,0,0,0,0,0
1770143400,128.8,133.46,126.75,133.27,0.5351389969558178,,-70,-10,-70,-75,-40.73839736949236,-60,-80,40,60,80,,,,,,,,,140.66382259586115,198.66766760523055,0,0,0,0,0
1770215400,130.01,130.77,121.2,123.94,0.5351389969558178,,-25,5,-50,-65,-40.95947158176293,-60,-80,40,60,80,,,,,,,,,138.3214066961568,198.66766760523055,0,0,0,0,0
1770229800,124.03,129.505,123.11,128.77,0.5351389969558178,,-30,-10,-70,-60,-46.35584134595411,-60,-80,40,60,80,,,,,,,,,136.97380621785987,198.66766760523055,0,0,0,0,0
1770301800,120.31,122,109.84,110.31,0.5351389969558178,,-25,-30,-25,-65,-46.98688986235406,-60,-80,40,60,80,,,,,,,,,130.28746291658416,198.66766760523055,0,0,0,0,0
1770316200,110.33,111.46,104.17,106.96,0.41056120036786364,,-45,-40,-85,-85,-52.196779717725384,-60,-80,40,60,80,,,,,,,,,119.67621556539957,198.66766760523055,0,0,0,0,0
1770388200,114.95,133.82,114.68,131.1,0.41056120036786364,,-10,0,-35,-35,-52.196779717725384,-60,-80,40,60,80,,,,,,,,,119.67621556539957,198.66766760523055,0,0,0,0,0
1770402600,131.17,135.6,131.1,134.9,0.41056120036786364,,-25,-40,-50,-25,-50.65383470871321,-60,-80,40,60,80,,,,,,,,,119.67621556539957,181.7225770619998,0,0,0,0,0
1770647400,127.4,139.56,125.11,137.69,0.41056120036786364,,-20,-15,-35,-20,-50.65383470871321,-60,-80,40,60,80,,,,,,,,,119.67621556539957,181.7225770619998,0,0,0,0,0
1770661800,137.73,138.84,135.56,138.43,0.41056120036786364,,-25,-10,-40,-15,-49.590841263847736,-60,-80,40,60,80,,,,,,,,,119.67621556539957,181.7225770619998,0,0,0,0,0
1770733800,133.64,139.16,133.5,134.2,0.41056120036786364,,-10,-10,-10,0,-49.590841263847736,-60,-80,40,60,80,,,,,,,,,119.67621556539957,181.7225770619998,0,0,0,0,0
1770748200,134.17,135.8,132.67,132.92,0.5105091964585249,,-15,-15,-15,-5,-47.07593740926388,-60,-80,40,60,80,,,,,,,,,119.67621556539957,181.7225770619998,0,0,0,0,0
1770820200,133.685,133.8,124.3,125.25,0.5105091964585249,,-10,15,-10,0,-47.07593740926388,-60,-80,40,60,80,,,,,,,,,119.67621556539957,181.7225770619998,0,0,0,0,0
1770834600,125.25,127.37,123.92,126.16,0.5105091964585249,,-15,15,-15,-15,-43.914426434968966,-60,-80,40,60,80,,,,,,,,,119.67621556539957,181.7225770619998,0,0,0,0,0
1770906600,127.57,128.49,120.64,121.89,0.5105091964585249,,-10,15,-10,-25,-43.914426434968966,-60,-80,40,60,80,,,,,,,,,119.67621556539957,181.7225770619998,0,0,0,0,0
1770921000,121.71,124.63,120.9,122.86,0.5105091964585249,,-15,15,-15,-30,-41.28565552493859,-60,-80,40,60,80,,,,,,,,,119.67621556539957,181.7225770619998,0,0,0,0,0
1770993000,127.1,134.39,125.77,132.26,0.5105091964585249,,-10,15,-10,-10,-41.28565552493859,-60,-80,40,60,80,,,,,,,,,119.67621556539957,181.7225770619998,0,0,0,0,0
1771007400,132.3,135.25,132.13,133.89,0.5141762964563801,,-55,-30,-55,0,-32.49218838680886,-60,-80,40,60,80,,,,,,,,,119.67621556539957,172.36265727185696,0,0,0,0,0
1771338600,129.01,131.88,125.93,130.61,0.5141762964563801,,-35,-10,-35,-10,-32.49218838680886,-60,-80,40,60,80,,,,,,,,,119.67621556539957,172.36265727185696,0,0,0,0,0
1771353000,130.65,132.12,128.37,128.68,0.5141762964563801,,-40,-10,-40,-15,-32.49218838680886,-60,-80,40,60,80,,,,,,,,,119.67621556539957,172.36265727185696,0,0,0,0,0
1771425000,127.68,132.24,126.02,127,0.5141762964563801,,-35,-10,-35,-10,-32.49218838680886,-60,-80,40,60,80,,,,,,,,,119.67621556539957,172.36265727185696,0,0,0,0,0
1771439400,126.99,127.33,123.62,125.21,0.5141762964563801,,-40,-10,-40,-15,-32.49218838680886,-60,-80,40,60,80,,,,,,,,,119.67621556539957,172.36265727185696,0,0,0,0,0
1771511400,123.45,127.15,121.89,126.77,0.5141762964563801,,-10,15,-10,-10,-32.49218838680886,-60,-80,40,60,80,,,,,,,,,119.67621556539957,172.36265727185696,0,0,0,0,0
1771525800,126.76,130.04,125.93,129.47,0.49721352517927847,,-15,10,-55,-15,-32.49218838680886,-60,-80,40,60,80,,,,,,,,,119.67621556539957,172.36265727185696,0,0,0,0,0
1771597800,130.51,136.15,129.45,131.81,0.49721352517927847,,10,15,-15,10,-32.49218838680886,-60,-80,40,60,80,,,,,,,,,119.67621556539957,172.36265727185696,0,0,0,0,0
1771612200,131.75,133.95,130.34,130.945,0.49721352517927847,,5,-25,-20,5,-32.12226583189773,-60,-80,40,60,80,,,,,,,,,119.67621556539957,167.60032460958146,0,0,0,0,0
1771857000,127.97,130.31,122.84,124.31,0.49721352517927847,,-20,-10,-45,-20,-32.12226583189773,-60,-80,40,60,80,,,,,,,,,119.67621556539957,167.60032460958146,0,0,0,0,0
1771871400,124.34,125.88,123.35,123.685,0.49721352517927847,,-15,-10,-40,-30,-36.99601795671546,-60,-80,40,60,80,,,,,,,,,119.67621556539957,167.60032460958146,0,0,0,0,0
1771943400,121.68,124.82,118.4,124.2,0.49721352517927847,,-10,-10,-10,-25,-36.99601795671546,-60,-80,40,60,80,,,,,,,,,119.67621556539957,167.60032460958146,0,0,0,0,0
1771957800,124.22,126.67,123.78,124.6,0.4785782374218149,,-30,-15,-15,-15,-36.99601795671546,-60,-80,40,60,80,,,,,,,,,119.67621556539957,167.60032460958146,0,0,0,0,0
1772029800,130.045,136.81,129,136.69,0.4785782374218149,,10,15,10,25,-36.686262457079515,-60,-80,40,60,80,,,,,,,,,122.4450220874576,167.60032460958146,0,0,0,0,0
1772044200,136.69,137.86,135.17,135.68,0.4785782374218149,,15,15,15,40,-35.965119404487915,-60,-80,40,60,80,,,,,,,,,128.89109193835347,167.60032460958146,0,0,0,0,0
1772116200,133.7,135.73,128.63,129.72,0.4785782374218149,,10,15,10,20,-35.965119404487915,-60,-80,40,60,80,,,,,,,,,128.89109193835347,167.60032460958146,0,0,0,0,0
1772130600,129.66,134.31,129.55,133.46,0.4785782374218149,,10,15,10,20,-35.965119404487915,-60,-80,40,60,80,,,,,,,,,128.89109193835347,167.60032460958146,0,0,0,0,0
1772202600,128.88,131.12,127.99,128.64,0.4785782374218149,,15,15,15,25,-35.965119404487915,-60,-80,40,60,80,,,,,,,,,128.89109193835347,167.60032460958146,0,0,0,0,0
1772217000,128.57,130.1,127.87,129.63,0.49741259954478173,,-30,10,10,10,-30.47358059564604,-60,-80,40,60,80,,,,,,,,,128.89109193835347,167.60032460958146,0,0,0,0,0