time,open,high,low,close,ST Reversal Support,ST Reversal Robust Fit,ST Reversal Resistance,ST Fast Trackline,ST Slow Trackline,ST Stage 4 to 1,ST Stage 1 to 2,ST Stage 2 to 3,ST Stage 3 to 4,LOI,Acc,Deep Acc,Trim 25%,Trim 50%,Trim 75%,Acc Enter,Deep Enter,Acc Bounce,Deep Bounce,Trim 25%,Trim 50%,Trim 75%,Exit 100%,CT4 Dist,IWM Trim
1753795800,1.039008719596145,1.068814055636896,1.039008719596145,1.052655635798519,1.0420755599673426,1.106236685472079,1.106236685472079,1.0279967406158306,1.067977255741368,0,0,0,0,-15.3330249133739,-40,-60,10,30,50,,,,,,,,,,
1753810200,1.0558551970015542,1.0652462164510081,1.0509728692792546,1.0509728692792546,1.0390782771415612,1.101507765319831,1.101507765319831,1.0279967406158306,1.067977255741368,0,0,0,0,-15.3330249133739,-40,-60,10,30,50,,,,,,,,,,
1753882200,1.0572921441012009,1.0825402635431918,1.0572921441012009,1.0807891243649015,1.0382542947210267,1.098940962281655,1.1596276298422834,1.0536186450281892,1.067977255741368,0,0,0,0,-15.3330249133739,-40,-60,10,30,50,,,,,,,,,,
1753896600,1.0824789454412305,1.0824789454412305,1.072134749176126,1.0784673205610047,1.0371335028387276,1.0959985964169767,1.1548636899952258,1.058407204666373,1.067977255741368,0,0,0,0,-15.150573692291271,-40,-60,10,30,50,,,,,,,,,,
1753968600,1.0838969109851946,1.1119839240043843,1.0838969109851946,1.1068538246993735,1.0378428974739409,1.0948572200408728,1.1518715426078048,1.0762639674447667,1.067977255741368,0,0,0,0,0.043258803494984635,-40,-60,10,30,50,,,,,,,,,,
1753983000,1.1068946598390637,1.1106636155606409,1.095659348214695,1.1094716583421163,1.0385877653608084,1.0938233262187849,1.1490588870767613,1.09251955567697,1.067977255741368,0,0,0,0,7.761553349324624,-40,-60,10,30,50,,,,,,,,,,
1754055000,1.075445816186557,1.0936928702010968,1.0705344906349932,1.0711969676211353,1.0364901417401644,1.0892873641251042,1.142084586510044,1.09251955567697,1.067977255741368,0,0,0,0,7.761553349324624,-40,-60,10,30,50,,,,,,,,,,
1754069400,1.0729813664596273,1.0734757210660826,1.0686569889527984,1.0709106662410508,1.034313297701216,1.084521146846073,1.13472899599093,1.0868593915786189,1.067977255741368,0,0,0,0,7.761553349324624,-40,-60,10,30,50,,,,,,,,,,
1754314200,1.0888463641334063,1.091215446969352,1.0756118681919693,1.0814133503323924,1.0329836670489714,1.0801618302768885,1.1273399935048056,1.0868593915786189,1.067977255741368,0,0,0,0,7.761553349324624,-40,-60,10,30,50,,,,,,,,,,
1754328600,1.0836900100173026,1.0842330645528677,1.0799490074667637,1.0799490074667637,1.031443818042516,1.0758184104139024,1.1201930027852887,1.0868593915786189,1.067977255741368,0,0,0,0,7.761553349324624,-40,-60,10,30,50,,,,,,,,,,
1754400600,1.0818206695247652,1.0818206695247652,1.0704366434457953,1.0704366434457953,1.0292940544909865,1.070214898115353,1.070214898115353,1.0868593915786189,1.067977255741368,0,0,0,0,7.761553349324624,-40,-60,10,30,50,,,,,,,,,,
1754415000,1.0745833712776613,1.0750887412396468,1.0600391460694616,1.060970060970061,1.0259069322338064,1.0654894457715853,1.0654894457715853,1.0809280568845547,1.067977255741368,0,0,0,0,7.761553349324624,-40,-60,10,30,50,,,,,,,,,,
1754487000,1.0704841798121638,1.080563947633434,1.0704841798121638,1.0778497763986492,1.0240509312869412,1.0629133446092887,1.101775757931636,1.0809280568845547,1.067977255741368,0,0,0,0,7.761553349324624,-40,-60,10,30,50,,,,,,,,,,
1754501400,1.0814091448389158,1.0814091448389158,1.0637658731964863,1.0637658731964863,1.020807484316425,1.0584661806095916,1.0584661806095916,1.0809280568845547,1.067977255741368,0,0,0,0,7.761553349324624,-40,-60,10,30,50,,,,,,,,,,
1754573400,1.0688494770350159,1.0731773790597319,1.0674974984080778,1.0725218658892128,1.0182929209567344,1.0548160095694779,1.0913390981822213,1.0809280568845547,1.067977255741368,0,0,0,0,7.761553349324624,-40,-60,10,30,50,,,,,,,,,,
1754587800,1.0730685131195334,1.0781349603861214,1.0723396501457725,1.0723396501457725,1.016542521113794,1.0530491428580158,1.0895557646022376,1.0809280568845547,1.067977255741368,0,0,0,0,7.761553349324624,-40,-60,10,30,50,,,,,,,,,,
1754659800,1.0799270072992702,1.0820180640452512,1.0718040129804836,1.0740757665767946,1.0143754883311054,1.0505000682902534,1.0866246482494015,1.0809280568845547,1.067977255741368,0,0,0,0,7.761553349324624,-40,-60,10,30,50,,,,,,,,,,
1754674200,1.0729790248137825,1.074891478181403,1.0716080976100169,1.0747578139279839,1.0130253854963562,1.0491709645142862,1.085316543532216,1.0809280568845547,1.067977255741368,0,0,0,0,7.761553349324624,-40,-60,10,30,50,,,,,,,,,,
1754919000,1.0807702838368167,1.0807974816369361,1.071493707824184,1.0718096019696348,1.0130629365432418,1.049060548758036,1.0850581609728303,1.0809280568845547,1.067977255741368,0,0,0,0,7.761553349324624,-40,-60,10,30,50,,,,,,,,,,
1754933400,1.0729950303196096,1.074087591240876,1.0700433493041295,1.0724095451019757,1.0131496077260624,1.0490081637297408,1.0848667197334192,1.0809280568845547,1.067977255741368,0,0,0,0,7.761553349324624,-40,-60,10,30,50,,,,,,,,,,
1755005400,1.0791662857665234,1.0791662857665234,1.0725603908854284,1.0727654523874737,1.0148893928362022,1.050045783798914,1.0852021747616256,1.0809280568845547,1.067977255741368,0,0,0,0,7.761553349324624,-40,-60,10,30,50,,,,,,,,,,
1755019800,1.07322194832466,1.074872169466764,1.0680647367221336,1.0680647367221336,1.016046359226591,1.0506401881969878,1.0506401881969878,1.0794368646683365,1.067977255741368,0,0,0,0,7.761553349324624,-40,-60,10,30,50,,,,,,,,,,
1755091800,1.0667878237164925,1.067168579073881,1.0576975415041276,1.0596554850407978,1.0184908675740179,1.0516850010481908,1.0516850010481908,1.0662382871449831,1.067977255741368,0,0,0,0,0.2615533493246233,-40,-60,10,30,50,,,,,,,,,,
1755106200,1.0606527651858568,1.0626586869785999,1.060498866213152,1.060498866213152,1.0214038759096418,1.0530158873513575,1.0530158873513575,1.0662382871449831,1.067977255741368,0,0,0,0,0.2615533493246233,-40,-60,10,30,50,,,,,,,,,,
1755178200,1.0612727272727271,1.062335302135393,1.0566587720896339,1.0594338763993811,1.026579780817285,1.0552633530541842,1.0552633530541842,1.0662382871449831,1.067977255741368,0,0,0,0,0.2615533493246233,-40,-60,10,30,50,,,,,,,,,,
1755192600,1.0591662115419624,1.0605591476186138,1.058293105018672,1.0588717015468607,1.0308928221953344,1.057153092150745,1.057153092150745,1.0649703995812063,1.067977255741368,0,0,0,0,0.2410846750766753,-40,-60,10,30,50,,,,,,,,,,
1755264600,1.0639169625785305,1.0639169625785305,1.046108984873337,1.051023665131549,1.0325523731200048,1.0576418946287676,1.0576418946287676,1.0570958923257716,1.067977255741368,0,0,0,0,0.2410846750766753,-40,-60,10,30,50,,,,,,,,,,
1755279000,1.0519835841313268,1.0533223954060706,1.0480269753030165,1.0480269753030165,1.0342666423076838,1.0580822441151547,1.0580822441151547,1.056978742537069,1.067977255741368,0,0,0,0,-7.387862918153618,-40,-60,10,30,50,,,,,,,,,,
1755523800,1.050714740963307,1.050714740963307,1.0371453374149038,1.037787513691128,1.0328548819691674,1.0567057894295142,1.0567057894295142,1.0489144090051181,1.067977255741368,0,0,0,0,-7.431547937058969,-40,-60,10,30,50,,,,,,,,,,
1755538200,1.0378348774588106,1.0442760635384334,1.0378348774588106,1.0429979916012415,1.0317045373389817,1.055584090372304,1.055584090372304,1.0489144090051181,1.067977255741368,0,0,0,0,-15.052226665720113,-40,-60,10,30,50,,,,,,,,,,
1755610200,1.0412107950401166,1.0412107950401166,1.0012315832687133,1.006926091315046,1.025375406722778,1.0507970519622651,1.0507970519622651,1.0370029683371493,1.067977255741368,0,0,0,0,-15.068048009519122,-40,-60,10,30,50,,,,,,,,,,
1755624600,1.0057413651690512,1.0183557276246868,1.0057413651690512,1.0159959896094426,1.0212564126550097,1.0475378558636728,1.0475378558636728,1.0253142172988405,1.065985985421868,0,0,0,0,-15.47402370212893,-40,-60,10,30,50,,,,,,,,,,
1755696600,1.0121272909638004,1.021012808241032,1.0040131338927398,1.0094215101725001,1.0164642450352113,1.043805797036434,1.043805797036434,1.0240208923134746,1.065985985421868,0,0,0,0,-15.47402370212893,-40,-60,10,30,50,,,,,,,,,,
1755711000,1.0105138591780074,1.0141692104423892,1.0067419825072885,1.0067419825072885,1.012553270983701,1.040641124484807,1.040641124484807,1.0212574046372438,1.0432631771346652,0,0,0,0,-15.55166210577582,-40,-60,10,30,50,,,,,,,,,,
1755783000,1.0150616157005934,1.0177071924059875,1.010424286759327,1.010424286759327,1.0097998138216278,1.0382019561804803,1.0382019561804803,1.0212574046372438,1.0432631771346652,0,0,0,0,-15.55166210577582,-40,-60,10,30,50,,,,,,,,,,
1755797400,1.008046817849305,1.0133491816768767,1.0079561042524006,1.011934702089716,1.0081873663687955,1.0364350316893556,1.0364350316893556,1.020619348502565,1.0421483820374156,0,0,0,0,-15.578854757700505,-40,-60,10,30,50,,,,,,,,,,
1755869400,1.016230509710951,1.016230509710951,1.009491649174044,1.013387792148854,1.0063874854508614,1.034634907609456,1.034634907609456,1.020619348502565,1.0421483820374156,0,0,0,0,-15.578854757700505,-40,-60,10,30,50,,,,,,,,,,
1755883800,1.0134785568413887,1.0159738609548012,1.0096206208023233,1.0096206208023233,1.0041818373525948,1.032575522026197,1.032575522026197,1.020619348502565,1.0378463950675298,0,0,0,0,-15.578854757700505,-40,-60,10,30,50,,,,,,,,,,
1756128600,1.0102745953809784,1.0102745953809784,1.0073622977640428,1.007403370123087,1.001575405349636,1.030275518106122,1.030275518106122,1.0148334213576597,1.0378463950675298,0,0,0,0,-15.659134760986653,-40,-60,10,30,50,,,,,,,,,,
1756143000,1.007403370123087,1.0102736612419312,1.007403370123087,1.009825327510917,0.9996478522444531,1.0284309197886587,1.0284309197886587,1.0148334213576597,1.0329826269030626,0,0,0,0,-15.669556673803804,-40,-60,10,30,50,,,,,,,,,,
1756215000,1.0089155749636098,1.0132118451025056,1.004778156996587,1.01118690313779,0.9968895866586989,1.026077403854863,1.026077403854863,1.0148334213576597,1.0329826269030626,0,0,0,0,-15.669556673803804,-40,-60,10,30,50,,,,,,,,,,
1756229400,1.0098226466575717,1.0139078265612218,1.0091450930433596,1.0100009091735613,0.9953787888184984,1.0245244751356715,1.0245244751356715,1.0148334213576597,1.0328870867028799,0,0,0,0,-15.669556673803804,-40,-60,10,30,50,,,,,,,,,,
1756301400,1.0161319722931097,1.0171667956832566,1.0121129326047358,1.0144676979071883,0.9938492948819666,1.0230526104797968,1.0230526104797968,1.0148334213576597,1.0328870867028799,0,0,0,0,-15.669556673803804,-40,-60,10,30,50,,,,,,,,,,
1756315800,1.0142389227549813,1.0159956375533945,1.0128146869035717,1.0128146869035717,0.9916572326913613,1.0211236720046566,1.0211236720046566,1.0148334213576597,1.0328870867028799,0,0,0,0,-15.669556673803804,-40,-60,10,30,50,,,,,,,,,,
1756387800,1.0180794040156265,1.0180794040156265,1.0122443426601968,1.0122443426601968,0.9880855906272994,1.0178989340701392,1.0178989340701392,1.0148334213576597,1.0328870867028799,0,0,0,0,-15.669556673803804,-40,-60,10,30,50,,,,,,,,,,
1756402200,1.0120623979684382,1.0145190562613429,1.0120623979684382,1.0124319419237748,0.984664697731992,1.0148265521524111,1.0148265521524111,1.0148334213576597,1.0328870867028799,0,0,0,0,-15.669556673803804,-40,-60,10,30,50,,,,,,,,,,
1756474200,1.0159559959996365,1.0163636363636364,1.0147366505958337,1.0162472124880537,0.9809642593809678,1.0108517809520223,1.0108517809520223,1.0148334213576597,1.0328870867028799,0,0,0,0,-15.669556673803804,-40,-60,10,30,50,,,,,,,,,,
1756488600,1.0157921084967916,1.0157921084967916,1.0089285714285714,1.009926236226209,0.9767068307551143,1.0066342764910032,1.0066342764910032,1.0148334213576597,1.0328870867028799,0,0,0,0,-15.669556673803804,-40,-60,10,30,50,,,,,,,,,,
1756819800,1.0213547646383467,1.0257703595011003,1.0177824748426227,1.0183953392357448,0.9735989943059462,1.0036454214408819,1.0036454214408819,1.0148334213576597,1.0328870867028799,0,0,0,0,-15.669556673803804,-40,-60,10,30,50,,,,,,,,,,
1756834200,1.0183953392357448,1.0223750573131591,1.0183953392357448,1.0206270627062706,0.9710317637029939,1.00125928351879,1.00125928351879,1.0161853761283415,1.0328870867028799,0,0,0,0,-15.669556673803804,-40,-60,10,30,50,,,,,,,,,,
1756906200,1.0228791067996705,1.0228791067996705,1.0166324903167008,1.0174415957010792,0.9688549199125913,0.9993250509892441,0.9993250509892441,1.0161853761283415,1.0328870867028799,0,0,0,0,-15.669556673803804,-40,-60,10,30,50,,,,,,,,,,
1756920600,1.0174415957010792,1.0177229030935349,1.0147092308392913,1.017001686494371,0.9666616685576314,0.9973722067078177,0.9973722067078177,1.0161853761283415,1.0328870867028799,0,0,0,0,-15.669556673803804,-40,-60,10,30,50,,,,,,,,,,
1756992600,1.014947071918586,1.014947071918586,1.006726661212617,1.009343251088534,0.9654477183418999,0.9960972898401474,0.9960972898401474,1.014664095469216,1.0328870867028799,0,0,0,0,-15.669556673803804,-40,-60,10,30,50,,,,,,,,,,
1757007000,1.0097959183673468,1.01002494896802,1.0071583907212758,1.0075596396722648,0.9641410170648091,0.9947591165768858,0.9947591165768858,1.0120447948855815,1.0312100782345601,0,0,0,0,-15.724349483256582,-40,-60,10,30,50,,,,,,,,,,
1757079000,1.0033273381294963,1.0033273381294963,0.9949128888488723,1.0012583138594284,0.9645607549603482,0.9942339656651961,0.9942339656651961,1.0059752863742688,1.0312100782345601,0,0,0,0,-15.836674144008441,-40,-60,10,30,50,,,,,,,,,,
1757093400,1.0012583138594284,1.0052643419572553,1.0009892086330936,1.0014392372042817,0.9656693906990153,0.994076036290321,0.994076036290321,1.0059752863742688,1.019826763976871,0,0,0,0,-15.836674144008441,-40,-60,10,30,50,,,,,,,,,,
1757338200,1.000358744394619,1.0015705631590757,0.9966816143497758,0.9989231873653984,0.9639595669203542,0.9924459493488537,0.9924459493488537,1.0042334341974788,1.019826763976871,0,0,0,0,-15.876148055154399,-40,-60,10,30,50,,,,,,,,,,
1757352600,0.9973529543721119,0.9999103541012999,0.9961857751851021,0.9999103541012999,0.9625754029342477,0.9910511168993356,0.9910511168993356,1.0027475963777288,1.016242956251604,0,0,0,0,-15.910389949905536,-40,-60,10,30,50,,,,,,,,,,
1757424600,1.0049349484073575,1.0157063363848502,1.0049349484073575,1.0137810297616376,0.9635073698554483,0.9913204685403685,0.9913204685403685,1.0061508346694643,1.016242956251604,0,0,0,0,-15.910389949905536,-40,-60,10,30,50,,,,,,,,,,
1757439000,1.0130184952415155,1.0130184952415155,1.0067373338124326,1.0076329022988506,0.9639981209742005,0.9912129973239504,0.9912129973239504,1.0061508346694643,1.016242956251604,0,0,0,0,-15.910389949905536,-40,-60,10,30,50,,,,,,,,,,
1757511000,1.0048395769851228,1.0068977873331542,1.0028128767245612,1.0031279324366595,0.9636173272932512,0.9905453894283756,0.9905453894283756,1.0061508346694643,1.016242956251604,0,0,0,0,-15.910389949905536,-40,-60,10,30,50,,,,,,,,,,
1757525400,1.0038875731712766,1.0072875217955024,1.0038875731712766,1.00407359326738,0.962919293735065,0.9897309194535909,0.9897309194535909,1.0061508346694643,1.016242956251604,0,0,0,0,-15.910389949905536,-40,-60,10,30,50,,,,,,,,,,
1757597400,1.0037523452157597,1.0048610801409268,1.000890789239266,1.0045470756062769,0.9636558901417568,0.989762276648625,0.989762276648625,1.0061508346694643,1.016242956251604,0,0,0,0,-15.910389949905536,-40,-60,10,30,50,,,,,,,,,,
1757611800,1.004992422216279,1.005039468402979,1.0034722222222223,1.0039659551713382,0.9635612444911563,0.9893576323660165,0.9893576323660165,1.0061508346694643,1.016242956251604,0,0,0,0,-15.910389949905536,-40,-60,10,30,50,,,,,,,,,,
1757683800,1.0096480257280687,1.0162529023039828,1.0096480257280687,1.0123324396782842,0.9650784038005285,0.9900935663952443,1.01510872898996,1.008012094769048,1.016242956251604,0,0,0,0,-15.910389949905536,-40,-60,10,30,50,,,,,,,,,,
1757698200,1.0123324396782842,1.0129951324074487,1.009779841914884,1.0113382733684493,0.9667204299609085,0.9908866398841158,0.9908866398841158,1.008012094769048,1.016242956251604,0,0,0,0,-15.910389949905536,-40,-60,10,30,50,,,,,,,,,,
1757943000,0.9979504544644449,0.9979504544644449,0.9919046348189663,0.9919046348189663,0.9668860245730466,0.9903837258058612,0.9903837258058612,0.9973123361223798,1.016242956251604,0,0,0,0,-15.936830251711296,-40,-60,10,30,50,,,,,,,,,,
1757957400,0.9919928825622776,0.9926130295478818,0.9911394095908099,0.9924343569203383,0.9674973196424935,0.9901425688242501,0.9901425688242501,0.9965914551204356,1.014360174282103,0,0,0,0,-16.039297777908644,-40,-60,10,30,50,,,,,,,,,,
1758029400,0.9989314336598398,1.000533902829685,0.9953641793705983,0.9962613494748086,0.9685807626515667,0.9902743403320814,0.9902743403320814,0.9965914551204356,1.014360174282103,0,0,0,0,-16.039297777908644,-40,-60,10,30,50,,,,,,,,,,
1758043800,0.9961723339861135,0.9961723339861135,0.9941697449819752,0.9951015318845743,0.9699369662132301,0.9905178137346583,0.9905178137346583,0.9965914551204356,1.014360174282103,0,0,0,0,-16.039297777908644,-40,-60,10,30,50,,,,,,,,,,
1758115800,0.9963539350822588,0.9990666251833414,0.9963539350822588,0.9977708426214891,0.9719596723670856,0.9911646887640332,0.9911646887640332,0.9965914551204356,1.014360174282103,0,0,0,0,-16.039297777908644,-40,-60,10,30,50,,,,,,,,,,
1758130200,0.9977708426214891,0.9992860967338926,0.9942165673102589,0.9992860967338926,0.9740554676757986,0.9919176480973259,0.9919176480973259,0.9965914551204356,1.011220779279474,0,0,0,0,-16.039297777908644,-40,-60,10,30,50,,,,,,,,,,
1758202200,1.0026408844724946,1.00286584273688,0.9987446197991392,1.000626006081202,0.9758172010853399,0.9926001094773607,0.9926001094773607,0.9965914551204356,1.011220779279474,0,0,0,0,-16.039297777908644,-40,-60,10,30,50,,,,,,,,,,
1758216600,1.0006707507937218,1.0006707507937218,0.9987479878375962,0.9987479878375962,0.977790188907851,0.9933093764029287,0.9933093764029287,0.9965914551204356,1.011220779279474,0,0,0,0,-16.039297777908644,-40,-60,10,30,50,,,,,,,,,,
1758288600,1.0012529085376767,1.0024195716462048,1.00035765379113,1.0017467640077036,0.9802927628623374,0.9943541860700373,0.9943541860700373,0.998463686466081,1.011220779279474,0,0,0,0,-16.039297777908644,-40,-60,10,30,50,,,,,,,,,,
1758303000,1.0017467640077036,1.0020600089565606,0.9999552712796888,1.0002684563758388,0.9830046029182041,0.995397456885493,0.995397456885493,0.998463686466081,1.011220779279474,0,0,0,0,-16.039297777908644,-40,-60,10,30,50,,,,,,,,,,
1758547800,1.0006267908309454,1.0021088526943958,0.9952032994127404,1.000672133351257,0.9852978759169841,0.9962960405628295,0.9962960405628295,0.998463686466081,1.011220779279474,0,0,0,0,-16.039297777908644,-40,-60,10,30,50,,,,,,,,,,
1758562200,1.0005376825880457,1.0006724949562877,0.9957839971295299,0.9957843752802942,0.987159419045427,0.9968137108009979,0.9968137108009979,0.998463686466081,1.011220779279474,0,0,0,0,-16.039297777908644,-40,-60,10,30,50,,,,,,,,,,
1758634200,0.9968652037617554,0.9975333004440059,0.9924764890282132,0.9937726804354643,0.9880052766284572,0.9968885241514995,0.9968885241514995,0.9976505364617564,1.011220779279474,0,0,0,0,-16.039297777908644,-40,-60,10,30,50,,,,,,,,,,
1758648600,0.9947137353283756,0.9947137353283756,0.9926144756277695,0.9926144756277695,0.9896644276502587,0.9971853897351147,0.9971853897351147,0.9969042112262636,1.0084387958168763,0,0,0,0,-16.039297777908644,-40,-60,10,30,50,,,,,,,,,,
1758720600,0.9952925353059852,0.9973505770353406,0.9952925353059852,0.9969012439933534,0.9888586794268682,0.9964907837120769,0.9964907837120769,0.9969042112262636,1.0084387958168763,0,0,0,0,-16.039297777908644,-40,-60,10,30,50,,,,,,,,,,
1758735000,0.9964972157355847,0.9971241125190977,0.9953714105963241,0.9965845766672657,0.9885498679764297,0.9961579732103688,0.9961579732103688,0.9969042112262636,1.0082529389572037,0,0,0,0,-16.039297777908644,-40,-60,10,30,50,,,,,,,,,,
1758807000,0.9954954954954955,0.9989189189189189,0.9949490394155317,0.9962117795616487,0.9878784281696419,0.9955789108452004,0.9955789108452004,0.9969042112262636,1.0082529389572037,0,0,0,0,-16.039297777908644,-40,-60,10,30,50,,,,,,,,,,
1758821400,0.9956709956709958,0.9956709956709958,0.9824687908423093,0.9907257338375652,0.9865328221534321,0.994497773777461,0.994497773777461,0.9944008078091874,1.0082529389572037,0,0,0,0,-16.039297777908644,-40,-60,10,30,50,,,,,,,,,,
1758893400,0.9904624797552636,0.9904624797552636,0.9836109860423233,0.9887964004499438,0.985208558622105,0.9934518071077507,0.9934518071077507,0.9926424826101513,1.0082529389572037,0,0,0,0,-16.10474114489075,-40,-60,10,30,50,,,,,,,,,,
1758907800,0.9887519121749303,0.9903218546027459,0.9882204837694453,0.9882204837694453,0.9839857536343896,0.9924724279591465,0.9924724279591465,0.9926424826101513,1.0003386701927233,0,0,0,0,-16.1118467725955,-40,-60,10,30,50,,,,,,,,,,
1759152600,0.991207608110533,0.9942698540603456,0.9881725729133999,0.994129509298678,0.9835708349856843,0.9920657890265195,0.9920657890265195,0.9926424826101513,1.0003386701927233,0,0,0,0,-16.1118467725955,-40,-60,10,30,50,,,,,,,,,,
1759167000,0.997535290163567,0.9988799784955871,0.9963264940417526,0.9968635182364011,0.9832597365776774,0.9917660645995482,0.9917660645995482,0.9932129827768356,1.0003386701927233,0,0,0,0,-16.1118467725955,-40,-60,10,30,50,,,,,,,,,,
1759239000,1.0017913121361397,1.00994891099758,1.0017913121361397,1.0057819013042892,0.983605710456656,0.9921001530720114,1.0005945956873668,1.0005583989373883,1.0003386701927233,0,0,0,0,-8.611846772595497,-40,-60,10,30,50,,,,,,,,,,
1759253400,1.0064545047064097,1.0092887592551043,1.0048898658651473,1.0069973984031577,0.9841680863409287,0.9926293148354722,1.001090543330016,1.0009463901529934,1.0003386701927233,0,0,0,0,-8.555596980067904,-40,-60,10,30,50,,,,,,,,,,
1759325400,1.0095118449389806,1.0185426300902438,1.0095118449389806,1.0181867169607977,0.985443657786188,0.9940884112510922,1.0027331647159963,1.0107910616896025,1.0003386701927233,0,0,0,0,-0.9808681068778575,-40,-60,10,30,50,,,,,,,,,,
1759339800,1.018276527908752,1.026544704510806,1.018276527908752,1.0262780269058296,0.986939712130926,0.9961118641772301,1.0052840162235341,1.0172943317322518,1.0003386701927233,0,0,0,0,-0.8282199492284952,-40,-60,10,30,50,,,,,,,,,,
1759411800,1.030680900690769,1.0315553563424473,1.0220548682087143,1.0236368520010743,0.9886015505378605,0.998070610088975,1.0075396696400896,1.018746863015543,1.0003386701927233,0,0,0,0,-0.7651517960242603,-40,-60,10,30,50,,,,,,,,,,
1759426200,1.0248903214253737,1.0293156693371526,1.0248903214253737,1.0277578796561604,0.9902978812125959,1.0002616467571035,1.010225412301611,1.023013869085875,1.006670648918067,0,0,0,0,-0.7136739724210599,-40,-60,10,30,50,,,,,,,,,,
1759498200,1.03443026639803,1.0460532210375415,1.03443026639803,1.0460063611521748,0.9923105077289058,1.0038116501181211,1.0153127925073364,1.0384735222170647,1.006670648918067,0,0,0,0,-0.5594954494180036,-40,-60,10,30,50,,,,,,,,,,
1759512600,1.0455156347997492,1.046360582306831,1.038640846333154,1.038640846333154,0.9943282082466394,1.006717806843753,1.0191074054408666,1.0384735222170647,1.0195560033441924,0,0,0,0,-0.4852757600964079,-40,-60,10,30,50,,,,,,,,,,
1759757400,1.0513166172373507,1.0513166172373507,1.0450418052683628,1.0461490069201043,0.9967398881200704,1.0102978929683337,1.023855897816597,1.0401508215846038,1.0195560033441924,0,0,0,0,-0.3785038153790042,-40,-60,10,30,50,,,,,,,,,,
1759771800,1.0462879741146862,1.049233397778877,1.0461718293395674,1.046903808967037,0.9989094710981798,1.0136133910380063,1.0283173109778327,1.041773930868091,1.0326198466222474,0,0,0,0,-0.35248614211917295,-40,-60,10,30,50,,,,,,,,,,
1759843800,1.0504760194000358,1.0507880910683012,1.037176724137931,1.0394889142118817,1.0012871269594938,1.016604902405332,1.0319226778511703,1.041773930868091,1.0326198466222474,0,0,0,0,-0.35248614211917295,-40,-60,10,30,50,,,,,,,,,,
1759858200,1.0407842785355348,1.0437631850621663,1.028604786923526,1.0342072185311546,1.0035580713654626,1.019225942635148,1.0348938139048334,1.041773930868091,1.0326198466222474,0,0,0,0,-0.35248614211917295,-40,-60,10,30,50,,,,,,,,,,
1759930200,1.0384374160021503,1.0399856553702707,1.0346064192218039,1.037652021720594,1.0057854233685304,1.021955089712818,1.0381247560571056,1.041773930868091,1.0326198466222474,0,0,0,0,-0.35248614211917295,-40,-60,10,30,50,,,,,,,,,,
1759944600,1.0387722132471728,1.0415206255055272,1.0387722132471728,1.0415206255055272,1.008124160600534,1.0249194721842996,1.0417147837680651,1.041773930868091,1.0326198466222474,0,0,0,0,-0.35248614211917295,-40,-60,10,30,50,,,,,,,,,,
1760016600,1.0411008184189225,1.041820307581617,1.0357561019544268,1.037874352623283,1.0099443464928537,1.0272367032533698,1.044529060013886,1.041773930868091,1.0326198466222474,0,0,0,0,-0.35248614211917295,-40,-60,10,30,50,,,,,,,,,,
1760031000,1.038911907764367,1.0398090606142485,1.0382641577383631,1.0382641577383631,1.0116784532878125,1.0294457250828783,1.0472129968779442,1.041773930868091,1.0326198466222474,0,0,0,0,-0.35248614211917295,-40,-60,10,30,50,,,,,,,,,,
1760103000,1.0356149636673544,1.0366445123046524,1.0251089251224004,1.0300610193826274,1.012742062810901,1.0306934983885667,1.0486449339662325,1.0386547554464052,1.0326198466222474,0,0,0,0,-0.35248614211917295,-40,-60,10,30,50,,,,,,,,,,
1760117400,1.0266074393143985,1.0304226868886295,1.0254454068123682,1.0273013022002695,1.0136037523256534,1.0316664536338358,1.0497291549420182,1.0353300917076798,1.0326198466222474,0,0,0,0,22.94116799308413,-40,-60,10,30,50,,,,,22.94116799308413,,,,,
1760362200,1.0324086542777628,1.0339873389305438,1.0212441735389028,1.022307830137968,1.0140371629019858,1.0320901865489556,1.0320901865489556,1.0310753916616964,1.0326198466222474,0,0,0,0,15.441167993084129,-40,-60,10,30,50,,,,,,,,,,
1760376600,1.0209201272230435,1.0210860903433765,1.0014773693871155,1.0058631338674304,1.0132239310537658,1.0312215011459827,1.0312215011459827,1.0142313324499808,1.0326198466222474,0,0,0,1,7.7868531081188825,-40,-60,10,30,50,,,,,,,,,,
1760448600,1.0016143497757848,1.0016143497757848,0.9911647306812575,0.9958928571428572,1.011996583956157,1.0301194735654762,1.0301194735654762,1.005065879372788,1.0326198466222474,0,0,0,0,7.449319145322688,-40,-60,10,30,50,,,,,,,,,,
1760463000,0.9977678571428571,0.9998661252175465,0.9916063934279846,0.9937555753791258,1.0103699646141138,1.0286476570615544,1.0286476570615544,1.001785441364667,1.0131592599995607,0,0,0,0,4.921383419183233,-40,-60,10,30,50,,,,,,,,,,
1760535000,0.9912687099073415,1.0044001955642472,0.9891410769915443,0.9961583132314838,1.0088535149780722,1.0272148598244335,1.0272148598244335,1.001785441364667,1.0131592599995607,0,0,0,0,4.921383419183233,-40,-60,10,30,50,,,,,,,,,,
1760549400,0.993835432859823,0.997322623828648,0.9880723698905518,0.9946027922744101,1.007239655300277,1.0257155064972967,1.0257155064972967,1.0013261439876235,1.0131592599995607,0,0,0,0,4.883453309900196,-40,-60,10,30,50,,,,,,,,,,
1760621400,0.992680532000357,1.005084745762712,0.9762627164019275,0.9836211500801139,1.0045680057375652,1.0234046844839089,1.0234046844839089,0.9991186026179281,1.0131592599995607,0,0,0,0,4.883453309900196,-40,-60,10,30,50,,,,,,,,,,
1760635800,0.9850905692287152,0.9850905692287152,0.9791175030054766,0.9806049822064057,1.0016212506380757,1.0208856585606376,1.0208856585606376,0.9902644661979334,1.010553321709025,0,0,0,0,4.68472253779421,-40,-60,10,30,50,,,,,,,,,,
1760707800,0.9796936230851443,0.9797426650638885,0.9656801568907113,0.9692540771767223,0.9978101013321886,1.017874894622316,1.017874894622316,0.9857293699126304,1.010553321709025,0,0,0,0,4.595420783917661,-40,-60,10,30,50,,,,,,,,,,
1760722200,0.9685842876877145,0.9754032617413778,0.9681182652061625,0.9754032617413778,0.9948115917934903,1.0154031909801526,1.0154031909801526,0.9809034550425888,0.99556148586665,0,0,0,0,-7.762852769731613,-40,-60,10,30,50,,,,,,,,,,
1760967000,0.9857714539795464,0.9873800213295414,0.9844799217325565,0.9856463582633427,0.9923268264346995,1.0130340410827223,1.0130340410827223,0.9809034550425888,0.99556148586665,0,0,0,0,-7.762852769731613,-40,-60,10,30,50,,,,,,,,,,
1760981400,0.9850242189930232,0.9850242189930232,0.9776039815143974,0.9783188199751198,0.9891232188505638,1.0101318436294506,1.0101318436294506,0.9809034550425888,0.99556148586665,0,0,0,0,-7.762852769731613,-40,-60,10,30,50,,,,,,,,,,
1761053400,0.9820953731607871,0.9855843867819916,0.9810216388790352,0.9850044365572316,0.9867475963888575,1.0079350573704868,1.0079350573704868,0.9809034550425888,0.99556148586665,0,0,0,0,-7.762852769731613,-40,-60,10,30,50,,,,,,,,,,
1761067800,0.9848706686188384,0.9887171286425018,0.9843847041078876,0.9887171286425018,0.984727139950941,1.0060066448825757,1.0060066448825757,0.9809034550425888,0.99556148586665,0,0,0,0,-6.265459386675263,-40,-60,10,30,50,,,,,,,,,,
1761139800,0.9905819635717459,0.9905819635717459,0.9818731117824773,0.9835177040294992,0.9822986944268428,1.003796306920643,1.003796306920643,0.9809034550425888,0.99556148586665,0,0,0,0,-6.265459386675263,-40,-60,10,30,50,,,,,,,,,,
1761154200,0.9820500288799041,0.9827678095576479,0.9766595669151579,0.9767462501109434,0.9792696451685563,1.0011543324391574,1.0011543324391574,0.9809034550425888,0.99556148586665,0,0,0,0,-6.265459386675263,-40,-60,10,30,50,,,,,,,,,,
1761226200,0.9821769856438063,0.9821769856438063,0.9757441137272324,0.98080682424027,0.9767706087598075,0.9989342809030735,0.9989342809030735,0.9809034550425888,0.99556148586665,0,0,0,0,-6.265459386675263,-40,-60,10,30,50,,,,,,,,,,
1761240600,0.9809409569505532,0.9809409569505532,0.9785552546286019,0.9790259509420548,0.9740844208551698,0.9965474624325381,0.9965474624325381,0.9809034550425888,0.99556148586665,0,0,0,0,-6.265459386675263,-40,-60,10,30,50,,,,,,,,,,
1761312600,0.9762802039459099,0.9788007805570339,0.9762802039459099,0.9769411556028558,0.971350728881427,0.9941651215751632,0.9941651215751632,0.9809034550425888,0.99556148586665,0,0,0,0,-6.265459386675263,-40,-60,10,30,50,,,,,,,,,,
1761327000,0.9783158174803779,0.9807155206809416,0.9778694340961506,0.977998580553584,0.9687438545986367,0.9918641204872881,0.9918641204872881,0.9809034550425888,0.9936494533546674,0,0,0,0,-4.686461615220936,-40,-60,10,30,50,,,,,,,,,,
1761571800,0.9848283204684589,0.9848283204684589,0.9818383658969806,0.98307637781322,0.9667141780390035,0.9900259422087613,0.9900259422087613,0.9809034550425888,0.9936494533546674,0,0,0,0,-4.686461615220936,-40,-60,10,30,50,,,,,,,,,,
1761586200,0.9834307992202729,0.9834307992202729,0.978947834951026,0.9821080602302922,0.9644684681626312,0.9879584683728105,0.9879584683728105,0.9809034550425888,0.9936494533546674,0,0,0,0,-4.686461615220936,-40,-60,10,30,50,,,,,,,,,,
1761658200,0.9844054580896686,0.9844532045887406,0.9664405727712019,0.9740386319333688,0.9613932122280887,0.985216138934247,0.985216138934247,0.9809034550425888,0.9936494533546674,0,0,0,0,-4.686461615220936,-40,-60,10,30,50,,,,,,,,,,
1761672600,0.9743953220519181,0.9758257327548038,0.9725002214152866,0.9725002214152866,0.9581811031459454,0.9823544613066807,0.9823544613066807,0.9780387668519355,0.9936494533546674,0,0,0,0,-4.724159976940867,-40,-60,10,30,50,,,,,,,,,,
1761744600,0.9739500265816056,0.9752161383285303,0.9728268096990115,0.9740951029098651,0.955333434360826,0.9798354199279359,0.9798354199279359,0.9780387668519355,0.9936494533546674,0,0,0,0,-4.741810700559822,-40,-60,10,30,50,,,,,,,,,,
1761759000,0.9744499645138397,0.9796481852594076,0.9744499645138397,0.9796481852594076,0.9530866633841795,0.9777885538764265,0.9777885538764265,0.9780387668519355,0.9909987261917648,0,0,0,0,-4.949930179456875,-40,-60,10,30,50,,,,,,,,,,
1761831000,0.9828883712596308,0.9884800857295946,0.9773593364716431,0.983855820401592,0.9512686133827337,0.9760933367668088,0.9760933367668088,0.9780387668519355,0.9909987261917648,0,0,0,0,-4.949930179456875,-40,-60,10,30,50,,,,,,,,,,
1761845400,0.9847502347837752,0.9847502347837752,0.9798988225813672,0.9805255853516587,0.9489892902125265,0.9739491677164925,0.9739491677164925,0.978422235864031,0.9909987261917648,0,0,0,0,-4.949930179456875,-40,-60,10,30,50,,,,,,,,,,
1761917400,0.9916349809885932,0.9916349809885932,0.984156820622986,0.9894377275383163,0.9474905820914,0.972443827308661,0.9973970725259219,0.9809749077358423,0.9909987261917648,0,0,0,0,-4.949930179456875,-40,-60,10,30,50,,,,,,,,,,
1761931800,0.9893478358577913,0.9893478358577913,0.9790524139171087,0.9790524139171087,0.9450201970198344,0.970107552171049,0.970107552171049,0.9809749077358423,0.9909987261917648,0,0,0,0,-4.889116703671662,-40,-60,10,30,50,,,,,,,,,,
1762180200,0.9919985534107861,1.0014013833009359,0.9919985534107861,1.0010406768924485,0.9446730390815944,0.9697365339323444,0.9948000287830944,0.9897106951739053,0.9909987261917648,0,0,0,0,-4.889116703671662,-40,-60,10,30,50,,,,,,,,,,
1762194600,1.001176364129943,1.0026244343891404,0.9999094858797972,1.0014475707952593,0.9444372254423006,0.9694902085951449,0.9945431917479892,0.9957564033709109,0.9909987261917648,0,0,0,0,10.25833935029732,-40,-60,10,30,50,,,,,,,,,,
1762266600,1.0002715177844148,1.0002715177844148,0.992108229988726,0.9940881808745882,0.9439465414861656,0.9690183975925656,0.9940902536989655,0.9957564033709109,0.9909987261917648,0,0,0,0,10.25833935029732,-40,-60,10,30,50,,,,,,,,,,
1762281000,0.9939979240940475,0.9969744863400317,0.99349123124209,0.9935851102276834,0.9434966664118739,0.9685836591541325,0.993670651896391,0.9957564033709109,0.9909987261917648,0,0,0,0,10.25833935029732,-40,-60,10,30,50,,,,,,,,,,
1762353000,0.9962936177906345,1.001041100850987,0.9962936177906345,0.9993662290629244,0.9441011084822597,0.9690769386573922,0.9940527688325247,0.9957564033709109,0.9909987261917648,0,0,0,0,10.25833935029732,-40,-60,10,30,50,,,,,,,,,,
1762367400,0.9995473064735174,1.000317100792752,0.9978705088124689,0.9978705088124689,0.9451014128045104,0.9698220157811166,0.9945426187577228,0.9957564033709109,0.9909987261917648,0,0,0,0,10.38321103763555,-40,-60,10,30,50,,,,,,,,,,
1762439400,0.9956674790143515,0.9956674790143515,0.991475350683325,0.991475350683325,0.9455004881221054,0.9700317219082545,0.9945629556944036,0.9957564033709109,0.9909987261917648,0,0,0,0,10.38321103763555,-40,-60,10,30,50,,,,,,,,,,
1762453800,0.9915200721695986,0.9947714775083385,0.9915200721695986,0.9918860439956725,0.94628262844311,0.9705138323901278,0.9947450363371456,0.9957564033709109,0.9909987261917648,0,0,0,0,10.38321103763555,-40,-60,10,30,50,,,,,,,,,,
1762525800,0.9897885414784023,0.995984298154582,0.9871609403254974,0.9956682609872755,0.948807923574588,0.972103964476271,0.995400005377954,0.9955950015257891,0.9909987261917648,0,0,0,0,10.38321103763555,-40,-60,10,30,50,,,,,,,,,,
1762540200,0.9958038171727653,0.9970227354745579,0.9924146649810368,0.9924146649810368,0.9506838229304131,0.9732652863977931,0.9958467498651731,0.9955950015257891,0.9909987261917648,0,0,0,0,10.38321103763555,-40,-60,10,30,50,,,,,,,,,,
1762785000,1.0018961625282166,1.0018961625282166,0.992645399990976,0.9930038366057323,0.9533985849278671,0.9748814496721263,0.9963643144163855,0.9955950015257891,0.9909987261917648,0,0,0,0,10.38321103763555,-40,-60,10,30,50,,,,,,,,,,
1762799400,0.9930038366057323,0.9950810054605352,0.9888026006862922,0.9892113934907235,0.9561121551593601,0.9763583804342658,0.9763583804342658,0.9955950015257891,0.9909987261917648,0,0,0,0,10.38321103763555,-40,-60,10,30,50,,,,,,,,,,
1762871400,0.9912651958577218,0.9912651958577218,0.9811592247852872,0.9838202247191011,0.9579724511647415,0.9772558538674049,0.9772558538674049,0.9885317443863417,0.9909987261917648,0,0,0,0,2.8832110376355513,-40,-60,10,30,50,,,,,,,,,,
1762885800,0.9830097087378641,0.9830097087378641,0.9787348828845029,0.9813899127933111,0.9594020862194863,0.9778843380520014,0.9778843380520014,0.9859553547510351,0.9909987261917648,0,0,0,0,-4.6324687480113305,-40,-60,10,30,50,,,,,,,,,,
1762957800,0.9807450062983625,0.9860548807917228,0.9715031738171341,0.9715031738171341,0.9604266704540646,0.978007214174819,0.978007214174819,0.9816560190917686,0.9909987261917648,0,0,0,0,-4.6324687480113305,-40,-60,10,30,50,,,,,,,,,,
1762972200,0.9722234727411877,0.9722234727411877,0.9687176486474322,0.9687176486474322,0.9618637866522093,0.9782241909603363,0.9782241909603363,0.9754498935043642,0.9909987261917648,0,0,0,0,-4.8200243364243125,-40,-60,10,30,50,,,,,,,,,,
1763044200,0.9795973639071952,0.9850436039943969,0.9645793801391525,0.9645793801391525,0.962877735335504,0.9781452935742944,0.9781452935742944,0.9754498935043642,0.9909987261917648,0,0,0,0,-4.8200243364243125,-40,-60,10,30,50,,,,,,,,,,
1763058600,0.963628970315818,0.963628970315818,0.9383989145183175,0.948577631043372,0.9624187880035968,0.9770119583983214,0.9770119583983214,0.9587751889776106,0.9909987261917648,0,0,0,1,-4.9336072083499936,-40,-60,10,30,50,,,,,,,,,,
1763130600,0.9362835854594718,0.9573267103183564,0.9362835854594718,0.946386524180402,0.961246876345163,0.9755913918062755,0.9755913918062755,0.9587751889776106,0.9909987261917648,0,0,0,0,-5.030974377820119,-40,-60,10,30,50,,,,,,,,,,
1763145000,0.9502784947697323,0.9577975004528165,0.9485843714609287,0.9559263625646142,0.9613774105196647,0.9749980580843055,0.9749980580843055,0.9587751889776106,0.9746279469147627,0,0,0,0,-7.3054144258365845,-40,-60,10,30,50,,,,,,,,,,
1763389800,0.9478694469628286,0.9505049132817099,0.911074889069999,0.9127285895346732,0.9551402304158856,0.9710187464907775,0.9710187464907775,0.9457403337148195,0.9746279469147627,0,0,0,0,-7.38330449466427,-40,-60,10,30,50,,,,,,,,,,
1763404200,0.9103335898248314,0.9143167519123704,0.8999048438986814,0.9040648932795577,0.9470851476312014,0.9659667700209786,0.9659667700209786,0.9236412728621594,0.9685704525016791,0,0,0,0,-8.632261299306663,-40,-60,10,30,50,,,,,,,,,,
1763476200,0.910283671899742,0.9242760683373363,0.910283671899742,0.9233697376172566,0.9419496035487126,0.9622544721380393,0.9622544721380393,0.9236412728621594,0.9685704525016791,0,0,0,0,-8.632261299306663,-40,-60,10,30,50,,,,,,,,,,
1763490600,0.9241366808664914,0.9409527259554429,0.9241366808664914,0.9354108161971193,0.9385255183773282,0.9595622799555156,0.9595622799555156,0.9236412728621594,0.9607799301571982,0,0,0,0,-9.752560826097815,-40,-60,10,30,50,,,,,,,,,,
1763562600,0.9291075142417939,0.9306698002350177,0.8527215963078595,0.8715791378296468,0.926630629585697,0.952147136988394,0.952147136988394,0.9181655378460177,0.9607799301571982,0,0,0,0,-9.752560826097815,-40,-60,10,30,50,,,,,,,,,,
1763577000,0.8751074320351021,0.8922993345103898,0.8751074320351021,0.8882949809748143,0.9182072939270336,0.9462608367105005,0.9462608367105005,0.9049699071303104,0.9551786040140638,0,0,0,0,-10.831707613949794,-40,-60,10,30,50,,,,,,,,,,
1763649000,0.889546440187929,0.898095495983392,0.8629988236358701,0.8653941833642409,0.9066637815254229,0.9384072271922484,0.9384072271922484,0.9015756845210997,0.9551786040140638,0,0,0,0,-10.831707613949794,-40,-60,10,30,50,,,,,,,,,,
1763663400,0.865433327302334,0.865433327302334,0.8461155603818832,0.8560311284046692,0.8945034335909073,0.9299841383779903,0.9299841383779903,0.8714414066216609,0.9253601219764599,0,0,0,0,-15.46375876780307,-40,-60,10,30,50,,,,,,,,,,
1763735400,0.8418206399278955,0.8792558475571209,0.8418206399278955,0.8688191465342064,0.8843207001225282,0.9223930803086051,0.9223930803086051,0.8714414066216609,0.9253601219764599,0,0,0,0,-15.46375876780307,-40,-60,10,30,50,,,,,,,,,,
1763749800,0.8716582369942197,0.8924963924963925,0.8716582369942197,0.8809953119365308,0.876395926093988,0.9162297505369121,0.9162297505369121,0.8714414066216609,0.9184459401735763,0,0,0,0,-13.779121072563498,-40,-60,10,30,50,,,,,,,,,,
1763994600,0.8967036920447902,0.9233534010243508,0.8929696642362048,0.9233534010243508,0.8738893594902188,0.9139872620136341,0.9139872620136341,0.8987270680656477,0.9184459401735763,0,0,0,0,-13.779121072563498,-40,-60,10,30,50,,,,,,,,,,
1764009000,0.9234847463719279,0.9271951493375252,0.9190330697340042,0.9219921857457225,0.8710692406448964,0.9114925492601059,0.9114925492601059,0.906919624254748,0.9184459401735763,0,0,0,0,-13.420363875771422,-40,-60,10,30,50,,,,,,,,,,
1764081000,0.9194257514580529,0.9226910328764669,0.9046849757673667,0.9178553861288735,0.8683513973752909,0.9090765841036839,0.9090765841036839,0.906919624254748,0.9184459401735763,0,0,0,0,-13.420363875771422,-40,-60,10,30,50,,,,,,,,,,
1764095400,0.9182614916830621,0.9189334287759484,0.9131913370323967,0.9151146131805157,0.8657687343960172,0.9067543114380421,0.9067543114380421,0.906919624254748,0.9184459401735763,0,0,0,0,-12.748184159696729,-40,-60,10,30,50,,,,,,,,,,
1764167400,0.9182266009852216,0.9269381922115042,0.9164951221695158,0.9269381922115042,0.8642576533034093,0.9053153103137274,0.9053153103137274,0.9073037472887401,0.9184459401735763,0,0,0,0,-12.748184159696729,-40,-60,10,30,50,,,,,,,,,,
1764181800,0.9268902684114153,0.9334225792057118,0.9268902684114153,0.9334225792057118,0.8631473427599261,0.9042420728741436,0.9453368029883611,0.9201040563020816,0.9184459401735763,0,0,0,0,-4.3547602766661715,-40,-60,10,30,50,,,,,,,,,,
1764340200,0.940877020630526,0.9767711962833914,0.940877020630526,0.969160632877447,0.8652195010294496,0.9062081512046112,0.9471968013797728,0.9387800110701183,0.9184459401735763,0,0,0,0,3.375126543379579,-40,-60,10,30,50,,,,,,,,,,
1764599400,0.953322499097147,0.9697871572871574,0.953322499097147,0.957564825253664,0.8663707320987841,0.9072300170496855,0.9480893020005869,0.9409133941681295,0.9184459401735763,0,0,0,0,6.114744244615924,-40,-60,10,30,50,,,,,,,,,,
1764613800,0.9570668350320194,0.9605411499436303,0.9558823529411765,0.9584160202056649,0.8675358208621395,0.9082850806320262,0.9490343404019128,0.9469549636507703,0.9240795988293881,0,0,0,0,6.87724394876349,-40,-60,10,30,50,,,,,,,,,,
1764685800,0.9743751691780204,0.9748603351955307,0.9660741676441397,0.9739890907451652,0.8699266457740855,0.9106352328905172,0.9513438200069488,0.9581058748975197,0.9240795988293881,0,0,0,0,7.386584731399427,-40,-60,10,30,50,,,,,,,,,,
1764700200,0.9748444684879632,0.9844559585492229,0.9745739789018123,0.9816083663901911,0.8731004803875335,0.9137895454772588,0.954478610566984,0.9710848252732512,0.937587398583134,0,0,0,0,9.313184494734045,-40,-60,10,30,50,,,,,,,,,,
1764772200,0.9738762273669038,0.9890179134035467,0.966477426331441,0.9763843281903648,0.8758815650986373,0.9165029483038113,0.9571243315089852,0.9710848252732512,0.937587398583134,0,0,0,0,9.313184494734045,-40,-60,10,30,50,,,,,,,,,,
1764786600,0.9763382816014394,0.984667955577537,0.975,0.9764367299217556,0.8782660471450355,0.9189111104436081,0.9595561737421806,0.9710848252732512,0.9460188356954133,0,0,0,0,9.43355490474918,-40,-60,10,30,50,,,,,,,,,,
1764858600,0.979918955425484,0.9876142863576994,0.9780923187883158,0.985945945945946,0.8811876476618189,0.921990456235173,0.962793264808527,0.9728769172207464,0.9460188356954133,0,0,0,0,9.500886264797316,-40,-60,10,30,50,,,,,,,,,,
1764873000,0.9843686652551917,1.0009910802775024,0.9843531586779095,0.9977469358327326,0.8848666578318257,0.9260182724435417,0.9671698870552577,0.9865800764158117,0.9470582001561378,0,0,0,0,11.22986287650639,-40,-60,10,30,50,,,,,11.22986287650639,,,,,
1764945000,0.9979281145842717,0.9979281145842717,0.988099531193653,0.9940427836447332,0.8885586983407088,0.929924944051477,0.9712911897622452,0.9865800764158117,0.9470582001561378,0,0,0,0,11.310531177683865,-40,-60,10,30,50,,,,,,,,,,
1764959400,0.9933661266302631,0.9935480960115504,0.9804098582648731,0.983852052322959,0.891808575722783,0.9331747711074415,0.9745409664921,0.9865800764158117,0.9528072692228898,0,0,0,0,11.720358149983994,-40,-60,10,30,50,,,,,,,,,,
1765204200,0.9837189374464439,0.9952499434517077,0.9837189374464439,0.9952499434517077,0.8955864936827417,0.9371764103504157,0.9787663270180896,0.9865800764158117,0.9528072692228898,0,0,0,0,11.720358149983994,-40,-60,10,30,50,,,,,,,,,,
1765218600,0.9937118299027369,0.9969269703543022,0.9931751412429379,0.9969269703543022,0.8999086438422561,0.9416301059389389,0.9833515680356217,0.9875515911840588,0.9601939073066265,0,0,0,0,12.00819695750599,-40,-60,10,30,50,,,,,,,,,,
1765290600,0.9921529719491295,0.9992308736370629,0.9905357061993388,0.9971499660710246,0.9036764211287347,0.945668082196345,0.9876597432639553,0.9875515911840588,0.9601939073066265,0,0,0,0,12.00819695750599,-40,-60,10,30,50,,,,,,,,,,
1765305000,0.9984166478172358,0.9984166478172358,0.9893193338160753,0.9909494071861706,0.9082580467228167,0.9500615513366382,0.9918650559504596,0.9875515911840588,0.9628417060005863,0,0,0,0,11.870126034855632,-40,-60,10,30,50,,,,,,,,,,
1765377000,0.9947928458229567,0.9947928458229567,0.9880823401950162,0.9899363689697189,0.9128280655873123,0.954416380959075,0.9960046963308377,0.9875515911840588,0.9628417060005863,0,0,0,0,11.870126034855632,-40,-60,10,30,50,,,,,,,,,,
1765391400,0.9905234657039711,0.994731391002837,0.9888838680524175,0.9910810810810812,0.9170565971669512,0.9585928036940975,1.0001290102212437,0.9875515911840588,0.9667476509454179,0,0,0,0,11.810570358526956,-40,-60,10,30,50,,,,,,,,,,
1765463400,0.9895692833378293,0.9913521304386992,0.9836183618361837,0.9913521304386992,0.921279687093209,0.9627772253175858,1.0042747635419627,0.9875515911840588,0.9667476509454179,0,0,0,0,11.810570358526956,-40,-60,10,30,50,,,,,,,,,,
1765477800,0.9930649374043051,0.9978353026066563,0.9909739146132323,0.9946774921064503,0.9260505915102928,0.9674563503176001,1.0088621091249075,0.9875515911840588,0.9667476509454179,0,0,0,0,10.857458236184026,-40,-60,10,30,50,,,,,,,,,,
1765549800,0.9996373526745241,1.0013140604467805,0.9964144692052829,0.998138985974309,0.9309443008823337,0.9723554536478216,1.0137666064133095,0.9929787836297868,0.9667476509454179,0,0,0,0,10.967576034163748,-40,-60,10,30,50,,,,,,,,,,
1765564200,0.9973219554264445,0.9985928918342336,0.9945538712898248,0.9945538712898248,0.9352542510154835,0.9767197453311153,1.018185239646747,0.9929787836297868,0.9734298537623904,0,0,0,0,11.843910429449979,-40,-60,10,30,50,,,,,,,,,,
1765809000,0.9740294995927969,0.9740294995927969,0.9682237914177079,0.972607709750567,0.9381658367839851,0.9793891662730116,0.9793891662730116,0.9799050194124638,0.9734298537623904,0,0,0,0,11.843910429449979,-40,-60,10,30,50,,,,,,,,,,
1765823400,0.972423802612482,0.9731053562519841,0.966776956896161,0.966776956896161,0.940937099236268,0.981802495871162,0.981802495871162,0.9769926210314623,0.9734298537623904,0,0,0,0,11.495813131563732,-40,-60,10,30,50,,,,,,,,,,
1765895400,0.9707777475269989,0.9789702683103699,0.9680137731061979,0.9684782608695652,0.9437163797260839,0.9842857624178006,0.9842857624178006,0.9769926210314623,0.9734298537623904,0,0,0,0,11.495813131563732,-40,-60,10,30,50,,,,,,,,,,
1765909800,0.9676601141407736,0.9728703201302225,0.9673096078964049,0.9728605029853447,0.9468998449834464,0.9871891849916197,0.9871891849916197,0.9769926210314623,0.9734298537623904,0,0,0,0,10.946682820975612,-40,-60,10,30,50,,,,,,,,,,
1765981800,0.9744565217391303,0.9871789063561819,0.9704710144927535,0.9804809564784204,0.9504222296233732,0.9905800117205842,1.030737793817795,0.9769926210314623,0.9734298537623904,0,0,0,0,10.946682820975612,-40,-60,10,30,50,,,,,,,,,,
1765996200,0.9797101449275362,0.9797101449275362,0.9710197428002173,0.9732446013853049,0.9531836586922728,0.9932138522138371,0.9932138522138371,0.9769926210314623,0.9734298537623904,0,0,0,0,10.944361365818102,-40,-60,10,30,50,,,,,,,,,,
1766068200,0.9739404869251578,0.9785794813979707,0.9709044908285895,0.9754335260115607,0.9559873067227083,0.9959453276088795,1.0359033484950508,0.9769926210314623,0.9734298537623904,0,0,0,0,10.944361365818102,-40,-60,10,30,50,,,,,,,,,,
1766082600,0.9749841957915649,0.9749841957915649,0.9708299467172401,0.9715806568025983,0.9580374880786707,0.997996184510491,0.997996184510491,0.9769926210314623,0.9734298537623904,0,0,0,0,10.944361365818102,-40,-60,10,30,50,,,,,,,,,,
1766154600,0.9794141652307972,0.9805983680870354,0.9767695099818512,0.9788083677451558,0.9604393929394429,1.000496648589124,1.040553904238805,0.9769926210314623,0.9734298537623904,0,0,0,0,10.944361365818102,-40,-60,10,30,50,,,,,,,,,,
1766169000,0.9797159322956845,0.9801089918256131,0.9769426289034133,0.978165145943983,0.9625860925734827,1.0027578947779263,1.0429296969823698,0.9769926210314623,0.9734298537623904,0,0,0,0,10.271023018618315,-40,-60,10,30,50,,,,,,,,,,
1766413800,0.9819386458522417,0.9819386458522417,0.9772747932006182,0.9799682034976153,0.9641692605319001,1.0044871066110528,1.0448049526902055,0.9769926210314623,0.9734298537623904,0,0,0,0,10.271023018618315,-40,-60,10,30,50,,,,,,,,,,
1766428200,0.9790597320009085,0.9790597320009085,0.9688521612786051,0.9688521612786051,0.964849666729408,1.0051916860151142,1.0051916860151142,0.9769926210314623,0.9734298537623904,0,0,0,0,10.271023018618315,-40,-60,10,30,50,,,,,,,,,,
1766500200,0.9709656867206699,0.9709656867206699,0.9589538685070831,0.9618001996189094,0.9653263007700259,1.0056774345501487,1.0056774345501487,0.9673427664698903,0.9734298537623904,0,0,0,0,2.7125994621755365,-40,-60,10,30,50,,,,,,,,,,
1766514600,0.9614372561473551,0.9639974607780901,0.9606677856916027,0.9606677856916027,0.9644501727548987,1.0043335227600907,1.0043335227600907,0.9673427664698903,0.9734298537623904,0,0,0,0,2.5725570683577548,-40,-60,10,30,50,,,,,,,,,,
1766586600,0.959065386705307,0.962152385258874,0.959065386705307,0.9601446000903749,0.9633215599889062,1.002489641188069,1.002489641188069,0.9668158905651949,0.9734298537623904,0,0,0,0,-4.970956400348743,-40,-60,10,30,50,,,,,,,,,,
1766759400,0.9563411440697096,0.9606733945784496,0.9559953013463449,0.9604560673242241,0.962452577351449,1.0013101856528641,1.0013101856528641,0.9649713422128026,0.9734298537623904,0,0,0,0,-5.004828441911835,-40,-60,10,30,50,,,,,,,,,,
1766773800,0.9605935845812785,0.9611492591254065,0.9577986625700343,0.9583333333333334,0.9616441725563146,1.0003602872575448,1.0003602872575448,0.9648757027983387,0.9734298537623904,0,0,0,0,-5.004828441911835,-40,-60,10,30,50,,,,,,,,,,
1767018600,0.9582580411998554,0.9605417607223475,0.9126722385362549,0.9312866817155756,0.9578269308201711,0.994703093443944,0.994703093443944,0.9575124787092402,0.9734298537623904,0,0,0,0,-5.004828441911835,-40,-60,10,30,50,,,,,,,,,,
1767033000,0.9314190256896474,0.9389836627854499,0.9299069641405474,0.9332430602572782,0.9540881810063128,0.9897259520573047,0.9897259520573047,0.9439296941863593,0.9734298537623904,0,0,0,0,-5.369751308351699,-40,-60,10,30,50,,,,,,,,,,
1767105000,0.9426970354302241,0.943455875711318,0.9341279516005238,0.9341279516005238,0.9506394461699641,0.9837957277898759,0.9837957277898759,0.9439296941863593,0.9734298537623904,0,0,0,0,-5.369751308351699,-40,-60,10,30,50,,,,,,,,,,
1767119400,0.9352115219648741,0.9372543705109093,0.9321291487920523,0.9343032712814026,0.9475779270988741,0.9773428678681411,0.9773428678681411,0.942578184452957,0.9608971076644385,0,0,0,0,-7.002585176789625,-40,-60,10,30,50,,,,,,,,,,
1767191400,0.9354079971051203,0.9444042668595191,0.9238776249094858,0.9277883482830479,0.943705019324527,0.9707114943143604,0.9707114943143604,0.9364686923523999,0.9608971076644385,0,0,0,0,-7.002585176789625,-40,-60,10,30,50,,,,,,,,,,
1767205800,0.9298658934396521,0.9301272472037313,0.9151512403065621,0.9187913982397242,0.9386316916939875,0.963729829604486,0.963729829604486,0.9329684998833979,0.9608971076644385,0,0,0,0,-7.118343914226911,-40,-60,10,30,50,,,,,,,,,,
1767364200,0.9291153009427122,0.9380378657487091,0.9253460403902882,0.9332970076737955,0.9346831848162624,0.959479874399352,0.959479874399352,0.9329684998833979,0.9608971076644385,0,0,0,0,-7.118343914226911,-40,-60,10,30,50,,,,,,,,,,
1767378600,0.932207237887663,0.9424640116252667,0.932207237887663,0.9378177196804648,0.9311766682737224,0.9555030938526506,0.9555030938526506,0.9329684998833979,0.9608971076644385,0,0,0,0,-7.118343914226911,-40,-60,10,30,50,,,,,,,,,,
1767623400,0.9449632786290687,0.9545784224841343,0.9449632786290687,0.9471634898356499,0.9285648650473496,0.9520492763358305,0.9520492763358305,0.9367345105361687,0.9608971076644385,0,0,0,0,-7.118343914226911,-40,-60,10,30,50,,,,,,,,,,
1767637800,0.9470300615718943,0.9485021268893112,0.9459814353633688,0.9475828354155351,0.9259859095288447,0.9484494286079678,0.9484494286079678,0.9386366805569073,0.9608971076644385,0,0,0,0,-7.118343914226911,-40,-60,10,30,50,,,,,,,,,,
1767709800,0.9524802756869503,0.9574053073259243,0.9461419893009338,0.9472443799854968,0.923322167684304,0.945219848155638,0.945219848155638,0.9421591308296768,0.9608971076644385,0,0,0,0,-7.118343914226911,-40,-60,10,30,50,,,,,,,,,,
1767724200,0.9472443799854968,0.9472443799854968,0.93956691129836,0.9432425092785371,0.9202638597852745,0.9418911304275381,0.9418911304275381,0.9421591308296768,0.9608971076644385,0,0,0,0,-7.118343914226911,-40,-60,10,30,50,,,,,,,,,,
1767796200,0.9455054404262042,0.9461569707090309,0.9414424598688672,0.9429242301092747,0.9180254896174179,0.9399441156871096,0.9399441156871096,0.9421591308296768,0.9608971076644385,0,0,0,0,-7.118343914226911,-40,-60,10,30,50,,,,,,,,,,
1767810600,0.9423398202916873,0.9430909008723952,0.9416180527291639,0.9416180527291639,0.9153128795653265,0.9374935805222608,0.9374935805222608,0.9421591308296768,0.9608971076644385,0,0,0,0,-6.163685950876786,-40,-60,10,30,50,,,,,,,,,,
1767882600,0.948724929666939,0.960395142287475,0.9458748866727108,0.9551386623164764,0.9139520326762058,0.9361644505411503,0.9583768684060947,0.9423338691458155,0.9608971076644385,0,0,0,0,-6.163685950876786,-40,-60,10,30,50,,,,,,,,,,
1767897000,0.9553199202465107,0.9600362483008609,0.9543289945122226,0.9544712497732631,0.9131480091369066,0.9354141321909457,0.9576802552449848,0.9480811424954627,0.9608971076644385,0,0,0,0,-6.123883238843351,-40,-60,10,30,50,,,,,,,,,,
1767969000,0.9632886149383612,0.9632886149383612,0.9452160144763627,0.9496292277084465,0.9123392344057721,0.9346385404261498,0.9346385404261498,0.9480811424954627,0.9608971076644385,0,0,0,0,-6.123883238843351,-40,-60,10,30,50,,,,,,,,,,
1767983400,0.9500813890396094,0.9525057616702065,0.946778204838345,0.9489717514124294,0.9112929178832987,0.9336781810649193,0.9336781810649193,0.9480811424954627,0.9608971076644385,0,0,0,0,-6.123883238843351,-40,-60,10,30,50,,,,,,,,,,
1768228200,0.9503533248776953,0.9503533248776953,0.931744017403916,0.9447131684824375,0.9099268053255168,0.932453751514331,0.932453751514331,0.9480811424954627,0.9608971076644385,0,0,0,0,-6.123883238843351,-40,-60,10,30,50,,,,,,,,,,
1768242600,0.9402829890149631,0.9437155008596507,0.9401129943502825,0.940590923487625,0.9087749646880953,0.9313642540790862,0.9313642540790862,0.9480811424954627,0.9608971076644385,0,0,0,0,-6.123883238843351,-40,-60,10,30,50,,,,,,,,,,
1768314600,0.9421009845542409,0.9435086927071574,0.9368506640166231,0.9390943157704637,0.9083903689877546,0.9307373067517654,0.9307373067517654,0.9480811424954627,0.9608971076644385,0,0,0,0,-6.123883238843351,-40,-60,10,30,50,,,,,,,,,,
1768329000,0.9402203359219795,0.9432633716993906,0.9369637857852433,0.9391367166335561,0.9079513378108075,0.9301034918040874,0.9301034918040874,0.9480811424954627,0.9608971076644385,0,0,0,0,-6.228097828838527,-40,-60,10,30,50,,,,,,,,,,
1768401000,0.9402102793195253,0.9417755745831455,0.9374999999999999,0.9376520407243896,0.9068871262501159,0.9290759576317937,0.9290759576317937,0.9440259115295853,0.9608971076644385,0,0,0,0,-6.228097828838527,-40,-60,10,30,50,,,,,,,,,,
1768415400,0.9378378378378378,0.9378856808251881,0.9372720313414689,0.9373564512497184,0.9067013605679396,0.9285900933609679,0.9285900933609679,0.9430044679969264,0.957997256572975,0,0,0,0,-6.587884792229625,-40,-60,10,30,50,,,,,,,,,,
1768487400,0.9480122324159022,0.9480122324159022,0.9324263447157402,0.9359326459862229,0.9067034645103841,0.9281969758568478,0.9281969758568478,0.9430044679969264,0.957997256572975,0,0,0,0,-6.587884792229625,-40,-60,10,30,50,,,,,,,,,,
1768501800,0.9359805510534847,0.9511359538406058,0.9359805510534847,0.9414629746550013,0.9074737359054114,0.928385707994193,0.928385707994193,0.9430044679969264,0.957997256572975,0,0,0,0,-6.587884792229625,-40,-60,10,30,50,,,,,,,,,,
1768573800,0.9453265968964273,0.9545680126325288,0.9429757285933412,0.9482291290205999,0.9085811644571653,0.9289828179772752,0.9493844714973851,0.9430044679969264,0.957997256572975,0,0,0,0,-6.587884792229625,-40,-60,10,30,50,,,,,,,,,,
1768588200,0.9464221178171304,0.9507544953465257,0.9431078147612155,0.9488536155202821,0.9098164588757659,0.9296884142732386,0.9495603696707112,0.9430044679969264,0.957997256572975,0,0,0,0,-6.587884792229625,-40,-60,10,30,50,,,,,,,,,,
1768919400,0.9487529583105772,0.9513601889277442,0.9361083340907025,0.9363615716556892,0.9101551011726908,0.9295664938911117,0.9295664938911117,0.9430044679969264,0.957997256572975,0,0,0,0,-6.587884792229625,-40,-60,10,30,50,,,,,,,,,,
1768933800,0.936588689529866,0.9369123858836355,0.911101000909918,0.9119359534206695,0.9080751377740728,0.9276875898542779,0.9276875898542779,0.9366740375620247,0.957997256572975,0,0,0,0,-6.587884792229625,-40,-60,10,30,50,,,,,,,,,,
1769005800,0.927640245287304,0.9340833824796988,0.9232233502538071,0.9232233502538071,0.9078604712369228,0.9270049950430034,0.9270049950430034,0.9339579671544312,0.957997256572975,0,0,0,0,-6.587884792229625,-40,-60,10,30,50,,,,,,,,,,
1769020200,0.9227701232777376,0.9229933942629626,0.9161652264398498,0.9188297006421272,0.9077654301852681,0.9262878334091915,0.9262878334091915,0.9275892484322167,0.9500995607244336,0,0,0,0,-7.477437097158708,-40,-60,10,30,50,,,,,,,,,,
1769092200,0.9234873835579271,0.9252564508111528,0.9091976339910598,0.9116346240635436,0.906859696305747,0.9250552007367958,0.9250552007367958,0.9275892484322167,0.9500995607244336,0,0,0,0,-7.477437097158708,-40,-60,10,30,50,,,,,,,,,,
1769106600,0.9110930589403375,0.9160649819494585,0.909722849146881,0.9127353166899915,0.9046793709995973,0.923225291259063,0.923225291259063,0.9214510036609166,0.9463828926919456,0,0,0,0,-8.617853700020856,-40,-60,10,30,50,,,,,,,,,,
1769178600,0.9179158389019325,0.9196066047099161,0.9127055846737756,0.9149830508474576,0.9025966977093396,0.9214775578324653,0.9214775578324653,0.9214510036609166,0.9463828926919456,0,0,0,0,-8.617853700020856,-40,-60,10,30,50,,,,,,,,,,
1769193000,0.9154840459188286,0.9162485875706214,0.9138833724499007,0.9141929080573852,0.9007185664946196,0.9198583923153361,0.9198583923153361,0.9213866431050104,0.9410742762648746,0,0,0,0,-9.439530951482553,-40,-60,10,30,50,,,,,,,,,,
1769437800,0.9106789122996578,0.9152679656212033,0.9009780502095822,0.9045452497860265,0.8982337980568964,0.9177931344354426,0.9177931344354426,0.912073061694377,0.9410742762648746,0,0,0,0,-9.453255896236112,-40,-60,10,30,50,,,,,,,,,,
1769452200,0.9045452497860265,0.9056416726748377,0.9012256669069936,0.9020014424810674,0.8962819269868104,0.9159959173120642,0.9159959173120642,0.9089654889032541,0.935610257502749,0,0,0,0,-10.264016324524665,-40,-60,10,30,50,,,,,,,,,,
1769524200,0.9076798122913095,0.9095010376251917,0.9024456276509341,0.9095010376251917,0.8949376130421158,0.9146762251702617,0.9146762251702617,0.9089654889032541,0.935610257502749,0,0,0,0,-10.264016324524665,-40,-60,10,30,50,,,,,,,,,,
1769538600,0.909681494180276,0.9106909156550386,0.9027715085311908,0.9035198555956679,0.8933240795342873,0.9131296536765352,0.9131296536765352,0.9089654889032541,0.9279390686692752,0,0,0,0,-10.969305121694095,-40,-60,10,30,50,,,,,,,,,,
1769610600,0.9066763031890867,0.909017022621574,0.8862362090793996,0.8929427189294271,0.8904516467928987,0.9107768924978145,0.9107768924978145,0.9049564238980671,0.9279390686692752,0,0,0,0,-10.969305121694095,-40,-60,10,30,50,,,,,,,,,,
1769625000,0.8937112889371129,0.8959406925232799,0.8819673613308621,0.8835464774729993,0.8872908373531389,0.9081686796857633,0.9081686796857633,0.9005600866343536,0.9266924756929676,0,0,0,1,-10.794152899419636,-40,-60,10,30,50,,,,,,,,,,
1769697000,0.8881543198695888,0.8913220523029589,0.8735850765190618,0.8756551599493946,0.8834718885007289,0.9051461460298857,0.9051461460298857,0.8896703791071852,0.9266924756929676,0,0,0,0,-10.872510467004306,-40,-60,10,30,50,,,,,,,,,,
1769711400,0.8759770478471061,0.8853155065721127,0.872434680408643,0.873938189047533,0.8800370697523515,0.9023036169025832,0.9023036169025832,0.8848406079688508,0.9078536410741499,0,0,0,0,-20.14473568975472,-40,-60,10,30,50,,,,,,,,,,
1769783400,0.8820524412296565,0.8860021688053498,0.8765041165294489,0.8788220947563344,0.8767965477476822,0.8996451493873214,0.8996451493873214,0.8848406079688508,0.9078536410741499,0,0,0,0,-20.14473568975472,-40,-60,10,30,50,,,,,,,,,,
1769797800,0.8776984915545119,0.9034735082885407,0.8776984915545119,0.9006963914262459,0.87585369542604,0.8986149136565648,0.8986149136565648,0.8863113497795251,0.9078536410741499,0,0,0,0,-19.037647349094307,-40,-60,10,30,50,,,,,,,,,,
1770042600,0.8939874852634443,0.9078033501293749,0.8897169082564639,0.8955440602595518,0.8745076033352295,0.8972830916738741,0.8972830916738741,0.8863113497795251,0.9078536410741499,0,0,0,0,-19.037647349094307,-40,-60,10,30,50,,,,,,,,,,
1770057000,0.8952264270804973,0.9001814882032668,0.8895245879307997,0.8941390277146752,0.8732046549255638,0.8959744779176053,0.8959744779176053,0.8863113497795251,0.9078536410741499,0,0,0,0,-18.665416871317767,-40,-60,10,30,50,,,,,,,,,,
1770129000,0.8973007361628647,0.8973007361628647,0.8693476480756983,0.8711349581666061,0.8695292546993026,0.8930474317384315,0.8930474317384315,0.8863113497795251,0.9078536410741499,0,0,0,0,-18.665416871317767,-40,-60,10,30,50,,,,,,,,,,
1770143400,0.8709530738450346,0.8831888137286057,0.869992269564822,0.8815221833704191,0.8672805061828528,0.8910521810017014,0.8910521810017014,0.8863113497795251,0.9078536410741499,0,0,0,0,-18.24224359301611,-40,-60,10,30,50,,,,,,,,,,
1770215400,0.8796708791708338,0.8870395634379263,0.8762450538954837,0.8779445202364711,0.863315593359435,0.8878780012980075,0.8878780012980075,0.8863113497795251,0.9078536410741499,0,0,0,0,-18.24224359301611,-40,-60,10,30,50,,,,,,,,,,
1770229800,0.8798544793087767,0.8877977814148027,0.8790498725882782,0.8877977814148027,0.8607058153324615,0.8856726644544847,0.8856726644544847,0.8863113497795251,0.9078536410741499,0,0,0,0,-18.505239476175714,-40,-60,10,30,50,,,,,,,,,,
1770301800,0.877349069450749,0.8799492615747033,0.8541157294213528,0.8556038384935725,0.8545913587960816,0.8811098883527905,0.8811098883527905,0.8816185795414923,0.9078536410741499,0,0,0,0,-18.548573122557013,-40,-60,10,30,50,,,,,,,,,,
1770316200,0.8561017562918704,0.8561017562918704,0.8332201240773445,0.8442674871052392,0.847418184203042,0.8758586533143139,0.8758586533143139,0.8551386181214081,0.9018479872517731,0,0,0,0,-18.28285894441792,-40,-60,10,30,50,,,,,,,,,,
1770388200,0.865643949678704,0.8896336216656854,0.8647178789938818,0.8810796123539535,0.8445587468417737,0.873417023514452,0.873417023514452,0.8682341314591048,0.9018479872517731,0,0,0,0,-18.28285894441792,-40,-60,10,30,50,,,,,,,,,,
1770402600,0.8808984693415453,0.8878229784153128,0.8714790326963138,0.8834516756365609,0.8416788724165726,0.8709096023581632,0.8709096023581632,0.8709816282121434,0.9018479872517731,0,0,0,0,-18.054555940823057,-40,-60,10,30,50,,,,,,,,,,
1770647400,0.8820438485232832,0.8872010488720106,0.8778370557916628,0.8856923146514679,0.83981070119269,0.86923953689711,0.86923953689711,0.8709816282121434,0.9018479872517731,0,0,0,0,-18.054555940823057,-40,-60,10,30,50,,,,,,,,,,
1770661800,0.886642240014475,0.8881552168603861,0.8853704876504116,0.8881552168603861,0.8385694707854187,0.8680535480714183,0.8680535480714183,0.8747894880258471,0.9018479872517731,0,0,0,0,-18.054555940823057,-40,-60,10,30,50,,,,,,,,,,
1770733800,0.8864947710061305,0.8895094815548849,0.8831402947406374,0.8872241527144726,0.8379512679999546,0.8672859486072424,0.8672859486072424,0.8769791892171617,0.9018479872517731,0,0,0,0,-18.054555940823057,-40,-60,10,30,50,,,,,,,,,,
1770748200,0.8872641935192707,0.8875552747946935,0.8758234816352314,0.8775491788485833,0.8366063386952852,0.8659249234357831,0.8659249234357831,0.8769791892171617,0.9018479872517731,0,0,0,0,-18.054555940823057,-40,-60,10,30,50,,,,,,,,,,
1770820200,0.8838260555103518,0.8846918489065607,0.879746835443038,0.8845319840983014,0.8361528648799058,0.8652573394113743,0.8652573394113743,0.8769791892171617,0.9018479872517731,0,0,0,0,-18.054555940823057,-40,-60,10,30,50,,,,,,,,,,
1770834600,0.8834583069834674,0.8849957104799747,0.8807298017432146,0.8817738439306358,0.8353791713514156,0.8643630776654045,0.8643630776654045,0.8769791892171617,0.9018479872517731,0,0,0,0,-17.85168902567758,-40,-60,10,30,50,,,,,,,,,,
1770906600,0.8799783744818885,0.885198685927726,0.8767474266193195,0.8767474266193195,0.8342929303538469,0.8632104303857797,0.8632104303857797,0.8769791892171617,0.9018479872517731,0,0,0,0,-17.85168902567758,-40,-60,10,30,50,,,,,,,,,,
1770921000,0.8767418861817854,0.8823159219634991,0.8767418861817854,0.8823159219634991,0.8338752588015288,0.8625936234223588,0.8625936234223588,0.8769791892171617,0.9018479872517731,0,0,0,0,-17.42133722459845,-40,-60,10,30,50,,,,,,,,,,
1770993000,0.8788992470419504,0.8895763281775386,0.8788992470419504,0.8867966823582156,0.835015395287046,0.8630050931337028,0.8630050931337028,0.8774347143066992,0.9018479872517731,0,0,0,0,-17.42133722459845,-40,-60,10,30,50,,,,,,,,,,
1771007400,0.8867467718794836,0.8973922394479792,0.8867467718794836,0.8927179027559937,0.8368740544115368,0.8640104363505768,0.8911468182896168,0.8855203771796994,0.9018479872517731,0,0,0,0,-17.25265490353299,-40,-60,10,30,50,,,,,,,,,,
1771338600,0.8875341790308844,0.895596017580052,0.8875341790308844,0.8951544219821596,0.8387941955677112,0.8651565892295188,0.8915189828913264,0.8875377755268028,0.9018479872517731,0,0,0,0,-17.230679085743756,-40,-60,10,30,50,,,,,,,,,,
1771353000,0.8953337218163073,0.899449590549067,0.8953337218163073,0.8983703438395415,0.8411240183913116,0.8666543259437253,0.892184633496139,0.892208206962457,0.9018479872517731,0,0,0,0,-17.064282755789176,-40,-60,10,30,50,,,,,,,,,,
1771425000,0.8957698512278186,0.9044888450855658,0.8957698512278186,0.9044888450855658,0.8437864572565105,0.8685758651023603,0.8933652729482101,0.8957010157271947,0.9018479872517731,0,0,0,0,-17.051481602509227,-40,-60,10,30,50,,,,,,,,,,
1771439400,0.9024685273957259,0.9032258064516129,0.9010309278350516,0.9015688032272523,0.8460631885467775,0.8702004272660793,0.894337665985381,0.8965327139355772,0.9018479872517731,0,0,0,0,-16.93549772401388,-40,-60,10,30,50,,,,,,,,,,
1771511400,0.8991385498923188,0.9010220548682086,0.8988351254480288,0.8988351254480288,0.8481539214960342,0.8716446798353369,0.8951354381746396,0.8965327139355772,0.9018479872517731,0,0,0,0,-16.93549772401388,-40,-60,10,30,50,,,,,,,,,,
1771525800,0.900528721211578,0.9027087530781286,0.9000537345513165,0.902341825997403,0.8506556929306284,0.8734576409295952,0.8962595889285621,0.8965327139355772,0.9018479872517731,0,0,0,0,-16.93432852751624,-40,-60,10,30,50,,,,,,,,,,
1771597800,0.9038874955213185,0.905293353054547,0.9030520646319569,0.9037521854126508,0.8532794326104125,0.875407301461224,0.8975351703120356,0.8993122500108592,0.9018479872517731,0,0,0,0,-16.864925915915087,-40,-60,10,30,50,,,,,,,,,,
1771612200,0.9046487649616713,0.9063311542939017,0.9025898377990859,0.9028586790931087,0.8559382712471956,0.8773555246415531,0.8987727780359106,0.8994156779662841,0.9018479872517731,0,0,0,0,-16.864925915915087,-40,-60,10,30,50,,,,,,,,,,
1771857000,0.9010211393765676,0.90294262552067,0.8963820938240686,0.8963820938240686,0.8581296569632586,0.8788250790425857,0.8995205011219127,0.8994156779662841,0.9018479872517731,0,0,0,0,-16.864925915915087,-40,-60,10,30,50,,,,,,,,,,
1771871400,0.8966010733452594,0.8966010733452594,0.8954248366013072,0.8955330767164982,0.8608674031214214,0.8805429830318116,0.9002185629422017,0.8994156779662841,0.9018479872517731,0,0,0,0,-16.864925915915087,-40,-60,10,30,50,,,,,,,,,,
1771943400,0.894310035842294,0.8998119795863551,0.8936036601776263,0.89628302731751,0.8645120975229147,0.8826978350021826,0.9008835724814505,0.8994156779662841,0.9018479872517731,0,0,0,0,-16.864925915915087,-40,-60,10,30,50,,,,,,,,,,
1771957800,0.896601137432269,0.896601137432269,0.8939828080229226,0.8939828080229226,0.8683703819681302,0.884821287291321,0.884821287291321,0.8983357660105165,0.9018479872517731,0,0,0,0,-16.864925915915087,-40,-60,10,30,50,,,,,,,,,,
1772029800,0.8980415004705777,0.902209895320748,0.8971451620131762,0.9015622901651821,0.8718429431114662,0.8871626901039749,0.9024824370964836,0.8983357660105165,0.9018479872517731,0,0,0,0,-16.864925915915087,-40,-60,10,30,50,,,,,,,,,,
1772044200,0.900666994941582,0.9036678758565095,0.900666994941582,0.9036678758565095,0.873616434460448,0.8887724413855909,0.9039284483107337,0.8983478281094659,0.9018479872517731,0,0,0,0,-16.864925915915087,-40,-60,10,30,50,,,,,,,,,,
1772116200,0.9046936581870297,0.9067955949503089,0.9025755879059351,0.9048984896696993,0.8763246733805133,0.890948696383824,0.9055727193871347,0.9009097089730788,0.9018479872517731,0,0,0,0,-16.831349148017576,-40,-60,10,30,50,,,,,,,,,,
1772130600,0.9052122081297898,0.9052122081297898,0.9032460264159392,0.9034510541157513,0.878661779959715,0.8928799336030124,0.9070980872463099,0.9009097089730788,0.9018479872517731,0,0,0,0,-16.81063505680163,-40,-60,10,30,50,,,,,,,,,,
1772202600,0.9022960211251846,0.9026081510311814,0.8993162622335433,0.90136814808191,0.8803927926173044,0.8943978212823739,0.9084028499474434,0.9009097089730788,0.9018479872517731,0,0,0,0,-16.81063505680163,-40,-60,10,30,50,,,,,,,,,,
1772217000,0.9007824726134586,0.901834451901566,0.8824214202561118,0.8826215417673919,0.8807936954963627,0.8945282742376217,0.8945282742376217,0.9009097089730788,0.9018479872517731,0,0,0,0,-16.81063505680163,-40,-60,10,30,50,,,,,,,,,,
1772461800,0.8996661553730939,0.9130748422001803,0.8996661553730939,0.9104847801578354,0.8833908320340796,0.8969829910104797,0.9105751499868798,0.902436850660314,0.9018479872517731,0,0,0,0,-9.31063505680163,-40,-60,10,30,50,,,,,,,,,,
1772476200,0.910574971815107,0.9156072491209089,0.9098940725715574,0.9098940725715574,0.8859123254901221,0.8993708195313636,0.912829313572605,0.9050969355399702,0.9018479872517731,0,0,0,0,-9.220533510912265,-40,-60,10,30,50,,,,,,,,,,
1772548200,0.9155850049922847,0.9155850049922847,0.8849959154034673,0.9047039191809859,0.887518144320741,0.9009798564827991,0.9144415686448572,0.9050969355399702,0.9018479872517731,0,0,0,0,-9.220533510912265,-40,-60,10,30,50,,,,,,,,,,
1772562600,0.9048435104176061,0.9048435104176061,0.9017184610527265,0.9023763358434413,0.8888380840352212,0.9023060378019555,0.9157739915686898,0.9050969355399702,0.9018479872517731,0,0,0,0,-9.220533510912265,-40,-60,10,30,50,,,,,,,,,,
1772634600,0.9096646231518212,0.910261605655365,0.9063498492417082,0.9079942383867483,0.890939421732932,0.9043675344340926,0.9177956471352532,0.9050969355399702,0.9018479872517731,0,0,0,0,-9.220533510912265,-40,-60,10,30,50,,,,,,,,,,
1772649000,0.9075524349626428,0.9104672644527554,0.9075524349626428,0.9095169430425379,0.8927456664875384,0.9063115627330008,0.9198774589784633,0.9050969355399702,0.9018479872517731,0,0,0,0,-9.220533510912265,-40,-60,10,30,50,,,,,,,,,,