time,open,high,low,close,MA,200-Week SMA,Weekly RSI,RSI + Below MA,AB4 Buy Signal,StochRSI %K
1381757400,40.35001,41.55,40.31,41.49001,32.69786264999998,32.69786264999998,58.665034365374254,0,0,56.190513605308695
1382362200,41.42999,42.09,41.23,42.02,32.77456269999998,32.77456269999998,61.44451635329724,0,0,79.70871634418357
1382967000,42.15,42.99,42.09,42.51,32.85476269999999,32.85476269999999,63.86387864403146,0,0,90.88584345512061
1383575400,42.61,43.1,42.13,42.67,32.935262649999984,32.935262649999984,64.64404270205594,0,0,91.63244778456135
1384180200,42.65,43.43,42.4,43.33,33.01806264999999,33.01806264999999,67.73819509278127,0,0,91.6389566366001
1384785000,43.46,43.46,42.73,43.16,33.10241269999999,33.10241269999999,66.13278647539249,0,0,93.43229664603875
1385389800,43.3,43.34,42.96,43.01,33.186462699999986,33.186462699999986,64.67624194288595,0,0,93.5700307520268
1385994600,43.03,43.13,42.44,43.08,33.27196269999999,33.27196269999999,65.06295125094246,0,0,91.21886264743402
1386599400,43.26,43.38,42.14,42.27,33.351112699999995,33.351112699999995,57.25237789562347,0,0,83.318077371455
1387204200,42.35,42.78,41.69,42.55,33.42826269999999,33.42826269999999,59.081031836207174,0,0,78.94363399581303
1387809000,42.645,42.92,42.36,42.84,33.50731269999999,33.50731269999999,60.944518180571514,0,0,76.75803663514478
1388413800,42.84,43.065,42.34,42.37,33.581212699999995,33.581212699999995,56.4570223972072,0,0,77.61252058238205
1389018600,42.48,42.55,42.03,42.4,33.65581269999999,33.65581269999999,56.67630439615367,0,0,76.33079466152607
1389623400,42.4,42.54,42.03,42.07,33.72731269999999,33.72731269999999,53.48551314379784,0,0,66.91960042540275
1390314600,42.19,42.38,41.44,41.48,33.79516269999999,33.79516269999999,48.25480825769454,0,0,46.637062894235804
1390833000,41.5,41.705,40.32,40.76,33.85841269999999,33.85841269999999,42.759166101328596,0,0,27.03217235278584
1391437800,40.71,40.96,39.83,40.93,33.92286274999999,33.92286274999999,44.37013431623533,0,0,18.508843829457334
1392042600,40.9,41.95,40.832,41.84,33.99251274999999,33.99251274999999,52.13565058984852,0,0,33.229223327659945
1392733800,41.79,41.8799,41.35,41.6,34.06036274999999,34.06036274999999,50.1474257313697,0,0,44.811753902663064
1393252200,41.63,42.518,41.62,42.35,34.133962749999995,34.133962749999995,55.817811793940834,0,0,58.372715632638865
1393857000,42.01,42.78,41.87,42.66,34.21356269999999,34.21356269999999,57.94696772926463,0,0,66.48818531020834
1394458200,42.54,42.97,42.39,42.58,34.29011269999999,34.29011269999999,57.181148792801864,0,0,76.05633802816895
1395063000,42.72,43,42.38,42.5,34.36951269999999,34.36951269999999,56.37874044449107,0,0,79.90595816008876
1395667800,42.52,42.98,42.4005,42.75,34.451512649999984,34.451512649999984,58.34588025850448,0,0,83.42077192676929
1396272600,42.99,43.32,42.85,42.95,34.53591259999998,34.53591259999998,59.903695831492854,0,0,87.39860261673532
1396877400,42.85,43.63,42.695,42.75,34.617312599999984,34.617312599999984,57.58444383090187,0,0,85.50104574154886
1397482200,42.98,43.67,42.81,43.63,34.70216259999999,34.70216259999999,64.15958027111624,0,0,88.39957313292786
1398087000,43.52,43.82,43.44,43.79,34.79171259999999,34.79171259999999,65.21539725793377,0,0,91.6828529657477
1398691800,43.89,44.38,43.79,44.2,34.88546259999999,34.88546259999999,67.83060954119404,0,0,98.08346989268044
1399296600,44.03,44.52,43.81,44.51,34.975612599999984,34.975612599999984,69.68636375320159,0,0,98.35961890950107
1399901400,44.57,44.7,43.94,44.28,35.06441259999999,35.06441259999999,66.6158839601791,0,0,94.99080390404532
1400506200,44.17,44.34,43.96,44.28,35.15006264999999,35.15006264999999,66.6158839601791,0,0,92.13038074511468
1401197400,44.39,45.075,44.2755,45.04,35.24036264999999,35.24036264999999,71.43861294981433,0,0,91.86377908317422
1401715800,44.96,45.239,44.72,45.23,35.33106264999999,35.33106264999999,72.50787932516356,0,0,95.39417346003263
1402320600,45.13,45.27,44.609,44.71,35.42061264999999,35.42061264999999,65.30229080172549,0,0,93.11422372772529
1402925400,44.7,45.71,44.57,45.22,35.51306264999999,35.51306264999999,68.59830354235048,0,0,88.54699369016242
1403530200,45.22,45.23,44.395,44.655,35.602887649999985,35.602887649999985,61.61533843042326,0,0,78.0100651587317
1404135000,44.5,45.15,44.5,45.09,35.691887699999995,35.691887699999995,64.60291781093098,0,0,77.61450355881134
1404739800,45,45.31,44.95,45.26,35.78058769999999,35.78058769999999,65.72564784338354,0,0,77.54428408560678
1405344600,45.38,45.49,44.72,45.2,35.86883769999999,35.86883769999999,64.94271354438933,0,0,82.30819084653363
1405949400,45.03,45.05,44.69,44.79,35.95258774999999,35.95258774999999,59.70858357823053,0,0,75.65326186929546
1406554200,44.75,44.825,43.08,43.47,36.03028779999999,36.03028779999999,46.66774204413944,0,0,52.23801869353929
1407159000,43.53,43.9099,42.97,43.87,36.10868779999999,36.10868779999999,50.21610826108865,0,0,35.71565943521221
1407763800,44.03,44.795,43.99,44.52,36.188237799999996,36.188237799999996,55.40808391750059,0,0,34.748318577521225
1408368600,44.63,45.145,44.58,44.84,36.26838779999999,36.26838779999999,57.74449065552742,0,0,52.554744525547505
1408973400,45.05,45.185,44.9161,45.13,36.35018779999999,36.35018779999999,59.80014236613304,0,0,67.88321167883223
1409664600,45.18,45.58,45.01,45.58,36.43253779999999,36.43253779999999,62.82249820841175,0,0,80.77858880778592
1410183000,45.43,45.52,44.96,45.05,36.514237749999985,36.514237749999985,57.35325552800352,0,0,83.3333333333333
1410787800,45.19,45.73,45.14,45.43,36.597337749999994,36.597337749999994,60.03944077362248,0,0,86.7661059980958
1411392600,45.4,45.55,44.77,45.1,36.68033774999999,36.68033774999999,56.699459579706314,0,0,80.73891886173705
1411997400,44.83,45.46,44.695,45.44,36.76348774999999,36.76348774999999,59.216780310627165,0,0,85.26570048309186
1412602200,45.56,46.11,45.16,45.61,36.845837749999994,36.845837749999994,60.454706432753824,0,0,83.58103326256197
1413207000,45.59,45.66,43.685,44.63,36.92218774999999,36.92218774999999,50.868923258659855,0,0,75.47847626080807
1413811800,44.55,45.948,44.51,45.91,37.00473779999999,37.00473779999999,59.82844293297404,0,0,76.85774946921443
1414416600,45.79,46.84,45.74,46.71,37.09173779999999,37.09173779999999,64.22013466392585,0,0,81.04588072000304
1415025000,46.64,47.74,46.64,47.74,37.18527529999999,37.18527529999999,68.92979156697956,0,0,96.75713337393081
1415629800,47.66,48.26,47.55,47.76,37.27742529999998,37.27742529999998,69.01507770210107,0,0,95.23728837491701
1416234600,47.68,48.74,47.68,48.45,37.372225249999985,37.372225249999985,71.88263835532055,0,0,94.44471469572409
1416839400,48.54,49.42,48.34,49.3,37.47382524999998,37.47382524999998,74.95730340678692,0,0,93.74724303051045
1417444200,49.08,49.19,48.54,48.85,37.57157524999998,37.57157524999998,70.55834456201329,0,0,94.07723987029048
1418049000,48.8,49.01,47.9,47.91,37.66322524999999,37.66322524999999,62.329654792247524,0,0,87.21301947108391
1418653800,48.11,49.05,47.38,48.62,37.75732524999999,37.75732524999999,65.59355784893009,0,0,83.2606800348735
1419258600,48.75,49.63,48.74,49.46,37.85687524999999,37.85687524999999,69.01418823931515,0,0,85.62048849902556
1419863400,49.4,49.45,48.05,48.35,37.950725249999984,37.950725249999984,60.46027435959686,0,0,87.22010759776293
1420468200,48.26,49.67,47.81,49.11,38.04762524999999,38.04762524999999,63.77124406628954,0,0,88.75101031712067
1421073000,49.09,49.56,48.46,49.27,38.14872524999999,38.14872524999999,64.44623543849227,0,0,87.47640056125734
1421764200,49.46,50.22,49.0601,49.65,38.248525249999986,38.248525249999986,66.06342563361198,0,0,91.32580429474153
1422282600,49.63,49.72,47.95,48.02,38.33827519999999,38.33827519999999,54.59252800110492,0,0,78.07566505776019
1422887400,48.11,49.49,47.68,49.07,38.43237519999999,38.43237519999999,59.47405647903958,0,0,69.59582174992512
1423492200,48.99,49.73,48.57,49.5,38.52567519999999,38.52567519999999,61.30851437684167,0,0,64.4726131462893
1424183400,49.43,49.78,49.1,49.6,38.61917524999999,38.61917524999999,61.74223535929366,0,0,73.5646654601726
1424701800,49.52,50.11,49.52,50.01,38.71162524999999,38.71162524999999,63.546510141186985,0,0,81.80751173708921
1425306600,50.05,50.14,48.645,48.76,38.798225249999994,38.798225249999994,55.02606330253542,0,0,73.1220657276995
1425907800,48.95,49.115,47.91,48.28,38.87907524999999,38.87907524999999,52.13526267719384,0,0,57.629107981220606
1426512600,48.43,49.05,47.84,48.94,38.96217519999999,38.96217519999999,55.590020809127296,0,0,45.070422535211186
1427117400,48.89,49.36,48.3,48.71,39.04552524999999,39.04552524999999,54.123933272872144,0,0,42.39029980407377
1427722200,48.81,49.2399,48.3345,49.13,39.13462524999999,39.13462524999999,56.38594904838607,0,0,50.85579091345979
1428327000,49.05,49.77,48.92,49.6,39.22807524999999,39.22807524999999,58.83219657575969,0,0,57.74278215223106
1428931800,49.47,49.75,48.79,49.06,39.31770029999999,39.31770029999999,55.01425075655522,0,0,62.335958005249445
1429536600,49.14,49.55,49.06,49.19,39.41060029999999,39.41060029999999,55.758601826314234,0,0,63.12335958005254
1430141400,49.26,49.28,48.18,48.81,39.49730029999999,39.49730029999999,52.99809971054644,0,0,53.238162302882905
1430746200,48.81,49.36,48.34,49.17,39.584450249999996,39.584450249999996,55.25802928712642,0,0,55.317627979429425
1431351000,49.03,49.75,48.51,49.75,39.67640025,39.67640025,58.70316572645354,0,0,63.18251443384002
1431955800,49.7,49.715,49.19,49.25,39.7639502,39.7639502,54.78670990704049,0,0,68.30564392600445
1432647000,49.19,49.25,48.695,48.79,39.85375019999999,39.85375019999999,51.38982113763235,0,0,61.88405797101441
1433165400,48.89,48.99,47.56,47.59,39.94215019999999,39.94215019999999,43.766323509362216,0,0,34.59049544994938
1433770200,47.56,48.465,47.46,48.06,40.034750249999995,40.034750249999995,47.07776176813229,0,0,22.813721499262424
1434375000,47.87,49.22,47.68,48.66,40.13030025,40.13030025,51.04134293730048,0,0,26.361622873250727
1434979800,48.93,49.05,48.33,48.43,40.221600249999995,40.221600249999995,49.510576931860435,0,0,39.97113997113987
1435584600,48.18,48.425,47.59,48.17,40.31075024999999,40.31075024999999,47.766598042200485,0,0,41.55844155844145
1436189400,47.85,49.295,47.8,49.18,40.40665024999999,40.40665024999999,54.475091860072716,0,0,49.06204906204899
1436794200,49.41,50.1699,49.41,50.07,40.50280024999999,40.50280024999999,59.42085100596103,0,0,67.16944076625244
1437399000,50.1,50.33,49.62,49.68,40.603700249999996,40.603700249999996,56.523048743296506,0,0,82.70810264637774
1438003800,49.48,50.49,49.33,50.31,40.70695024999999,40.70695024999999,59.92309395515438,0,0,89.24161314028431
1438608600,50.3,50.95,49.94,50.16,40.80740019999999,40.80740019999999,58.745127685704475,0,0,82.92507305501269
1439213400,50.3,50.51,49.51,50.16,40.90385019999999,40.90385019999999,58.74512768570447,0,0,82.92906654562292
1439818200,50,50.225,47.71,47.71,40.98505019999999,40.98505019999999,42.805387159622306,0,0,53.96370582616988
1440423000,45.4,47.89,43.72,47.64,41.06570024999999,41.06570024999999,42.45097088057263,0,0,46.24858483898532
1441027800,47.52,47.58,46.05,46.52,41.14335019999999,41.14335019999999,37.150819259102484,0,0,33.36979395784042
1441719000,47.27,47.94,46.47,47.1,41.2214502,41.2214502,41.24212029973554,0,0,46.56523743660674
1442237400,47.08,48.62,46.7601,47.19,41.3021002,41.3021002,41.87442768849009,0,0,44.49054863992623
1442842200,47.31,47.96,46.73,47.48,41.38765019999999,41.38765019999999,43.96684074971224,0,0,48.91655140617794
1443447000,47.36,47.86,46.48,47.84,41.46815014999999,41.46815014999999,46.53961368941096,0,0,52.328261871830314
1444051800,48.19,49.61,48.0401,49.46,41.55540019999999,41.55540019999999,56.27005390913621,0,0,62.79391424619639
1444656600,49.48,49.695,48.61,49.63,41.646100149999995,41.646100149999995,57.15141817582389,0,0,72.706316274781
1445261400,49.63,51.13,49.48,50.74,41.736950099999994,41.736950099999994,62.470192616975766,0,0,85.29033510470505
1445866200,50.74,50.84,49.87,49.88,41.82390004999999,41.82390004999999,56.60735165362005,0,0,86.53682829267018
1446474600,49.91,50.19,48.82,49.18,41.90900004999999,41.90900004999999,52.30447965779796,0,0,83.8506522717049
1447079400,48.94,49.22,47.79,47.83,41.987450049999985,41.987450049999985,45.172925016268834,0,0,70.76023391812863
1447684200,47.67,49.88,47.67,49.08,42.07085009999999,42.07085009999999,51.7349651222944,0,0,67.16149347728292
1448289000,49.09,50.07,49.09,49.96,42.15955009999999,42.15955009999999,55.75021273937911,0,0,70.67026540710748
1448893800,49.97,50.48,49.14,50.44,42.24935009999999,42.24935009999999,57.8118553586492,0,0,80.98751067047787
1449498600,50.63,50.74,49.34,49.48,42.33370009999999,42.33370009999999,52.53952055649362,0,0,78.40670794284884
1450103400,49.48,51.365,49.29,49.34,42.41510009999999,42.41510009999999,51.79763403260619,0,0,69.85205621629605
1450708200,49.67,51.02,49.47,50.87,42.50415009999999,42.50415009999999,58.66672507107331,0,0,71.00192847509891
1451313000,50.65,51.29,50.43,50.49,42.59055004999999,42.59055004999999,56.5126853373601,0,0,76.83384510406005
1451917800,49.83,50.29,48.92,49.02,42.66830004999999,42.66830004999999,49.01526827609605,0,0,69.49694114844397
1452522600,49.32,49.9489,47.92,48.3,42.741799999999984,42.741799999999984,45.80957591613222,0,0,45.22465049775875
1453213800,48.79,49.39,47.385,49.29,42.819450049999986,42.819450049999986,50.59427988938558,0,0,33.81674951210718
1453732200,48.49,50.83,48.41,50.76,42.90285004999999,42.90285004999999,56.70678438499883,0,0,49.904461413971
1454337000,50.65,51.1361,49.37,49.63,42.98075004999999,42.98075004999999,51.438424787401864,0,0,63.02345058626464
1454941800,49.3,50.3,48.88,50.07,43.06295004999999,43.06295004999999,53.25935784707611,0,0,69.55611390284757
1455633000,50.5,51.1399,50.09,50.84,43.14560004999999,43.14560004999999,56.344418618208884,0,0,70.22613065326637
1456151400,51.13,51.96,50.58,51.09,43.22970004999999,43.22970004999999,57.32918663852405,0,0,78.41832111376559
1456756200,51.06,52.1699,50.91,52.04,43.319500049999995,43.319500049999995,60.93535746016161,0,0,88.35928716858636
1457361000,51.82,52.65,51.4901,52.45,43.41160005,43.41160005,62.41178458627622,0,0,91.49004860476377
1457962200,52.42,53.155,52.1541,52.65,43.507250049999996,43.507250049999996,63.14355100152971,0,0,94.91145762636596
1458567000,52.67,52.94,52.15,52.32,43.59940004999999,43.59940004999999,61.032256479300564,0,0,90.99258644800722
1459171800,52.38,53.77,52.38,53.62,43.70170004999999,43.70170004999999,65.87319479306373,0,0,91.47572458014902
1459776600,53.69,53.748,52.95,53.41,43.79830004999999,43.79830004999999,64.47969191492125,0,0,92.51370851762523
1460381400,53.47,53.64,52.64,53.035,43.89182504999999,43.89182504999999,61.95910913862457,0,0,93.50039154267806
1460986200,52.95,53.355,51.54,51.96,43.98207504999999,43.98207504999999,55.28700310384518,0,0,84.83424693291562
1461591000,51.67,52.72,51.66,52.3,44.06972504999999,44.06972504999999,56.86898879587573,0,0,77.57186074326872
1462195800,52.45,53.26,52.28,53.24,44.16112499999999,44.16112499999999,60.97949473771759,0,0,77.79616371990055
1462800600,53.27,54.06,53.145,53.24,44.250674999999994,44.250674999999994,60.97949473771759,0,0,81.96868840926159
1463405400,53.14,53.695,51.72,52.16,44.33624999999999,44.33624999999999,54.10826432989054,0,0,75.15749876554061
1464010200,52.25,53.085,52.11,53,44.42319999999999,44.42319999999999,58.06608668418355,0,0,68.61705732981676
1464701400,53.08,53.58,52.54,53.56,44.51224999999999,44.51224999999999,60.51114795624712,0,0,68.60275731551675
1465219800,53.65,54.22,53.355,54.13,44.60474999999999,44.60474999999999,62.88341654685422,0,0,83.4567966508508
1465824600,54.13,54.22,53.12,53.47,44.69260004999998,44.69260004999998,58.50106807568665,0,0,84.28169514687643
1466429400,53.81,54.14,52.88,53.1,44.78009999999998,44.78009999999998,56.13907560980152,0,0,75.64235217917528
1467034200,53.02,55.265,52.65,54.89,44.877249949999985,44.877249949999985,63.761903005830185,0,0,73.38558883435176
1467725400,54.82,55.74,54.82,55.69,44.976899999999986,44.976899999999986,66.559188260464,0,0,82.31712164648155
1468243800,55.7,56.02,55.36,55.7,45.07649999999999,45.07649999999999,66.5939012350303,0,0,93.86651752423559
1468848600,55.7,55.74,55.03,55.5,45.17419994999998,45.17419994999998,65.13756643512795,0,0,93.35317460317454
1469453400,55.45,55.54,54.03,54.7,45.26857494999999,45.26857494999999,59.529611764259855,0,0,83.65825688073393
1470058200,54.66,54.89,54.23,54.59,45.35897499999998,45.35897499999998,58.78024958065381,0,0,74.95393794385689
1470663000,54.82,55.18,54.36,55.09,45.45517494999999,45.45517494999999,61.17277768216888,0,0,71.61368323732313
1471267800,55.16,55.25,54.49,54.92,45.55122489999999,45.55122489999999,59.899742961215445,0,0,73.17829457364344
1471872600,54.92,55.13,54.16,54.31,45.64602484999998,45.64602484999998,55.44132057073809,0,0,69.68556077638337
1472477400,54.41,54.95,54.11,54.82,45.74412484999999,45.74412484999999,58.239931218252686,0,0,65.40061022840153
1473168600,54.83,54.96,52.69,52.69,45.83457479999999,45.83457479999999,45.41157879389491,0,0,40.9900565514066
1473687000,52.63,53.76,52.48,52.79,45.92647479999999,45.92647479999999,46.01281591243927,0,0,25.15374904879368
1474291800,52.8,53.68,52.55,53.34,46.014824799999985,46.014824799999985,49.31907695396415,0,0,11.412597025935113
1474896600,53.2,53.39,52.64,53.21,46.10067484999999,46.10067484999999,48.56205432672511,0,0,17.89077212806036
1475501400,53.12,53.16,51.96,52.33,46.181424899999996,46.181424899999996,43.67496284953091,0,0,18.009518243299716
1476106200,52.45,52.635,51.87,52.37,46.26347484999999,46.26347484999999,43.95107322181258,0,0,13.92765406341629
1476711000,52.39,52.58,51.82,52.23,46.34877484999999,46.34877484999999,43.153717389083,0,0,10.54022564572147
1477315800,52.29,52.8975,52.29,52.67,46.43987484999999,46.43987484999999,46.44233693734492,0,0,15.118946270048355
1477920600,52.71,52.93,51.57,51.61,46.518874849999996,46.518874849999996,40.38150869251474,0,0,11.465200853599951
1478529000,52.05,52.855,50.2145,50.54,46.591974849999986,46.591974849999986,35.364467863986675,0,0,10.133507914285426
1479133800,50.54,50.99,50.255,50.5,46.66207484999999,46.66207484999999,35.18846234694371,0,0,4.4069353963669275
1479738600,50.57,51.23,50.34,51.22,46.73437489999999,46.73437489999999,40.891021469250184,0,0,10.863183673408338
1480343400,51.21,51.46,49.98,50.57,46.80137489999999,46.80137489999999,37.668735661680216,0,0,12.657611907644094
1480948200,50.58,52.05,50.48,52.04,46.874174899999986,46.874174899999986,47.70524888010804,0,0,24.556184252828633
1481553000,51.91,52.69,51.76,52.05,46.94637489999998,46.94637489999998,47.76686443594742,0,0,35.991585389175775
1482157800,52.105,52.285,51.81,52.06,47.01537494999999,47.01537494999999,47.83305747749904,0,0,50.781194275170215
1482849000,52.02,52.15,51.6,51.71,47.08282494999999,47.08282494999999,45.65242335513458,0,0,53.90375293601105
1483453800,51.75,52.15,51.6,52.12,47.150324949999984,47.150324949999984,48.60805438426025,0,0,58.081650510135056
1483972200,51.92,51.96,51.35,51.52,47.21549994999997,47.21549994999997,44.770829505255264,0,0,56.74404171489916
1484663400,51.56,52.77,51.51,52.58,47.28189994999998,47.28189994999998,51.98267298042549,0,0,69.21152684504143
1485181800,52.58,53.1,52.24,52.38,47.34494994999998,47.34494994999998,50.63906593676764,0,0,72.42068665797485
1485786600,52.23,53.15,52.17,53,47.411649949999976,47.411649949999976,54.56007334950664,0,0,86.77560298155926
1486391400,52.97,53.69,52.71,53.62,47.47619989999998,47.47619989999998,58.14094228197014,0,0,90.10147442383622
1486996200,53.7,54.52,53.3,54.46,47.543449949999975,47.543449949999975,62.45757773795403,0,0,97.35325348178264
1487687400,54.62,55.31,54.5601,55.28,47.615399949999976,47.615399949999976,66.12952521129458,0,0,98.74292328724069
1488205800,55.19,55.48,54.88,55.14,47.684949949999975,47.684949949999975,64.96129690969127,0,0,97.31124804424472
1488810600,54.95,55.12,54.64,55.05,47.75439994999997,47.75439994999997,64.17641034102135,0,0,94.88511001193929
1489411800,55,55.5,54.9,54.98,47.819599949999976,47.819599949999976,63.53343434980938,0,0,90.89602044541802
1490016600,55.03,55.27,54.515,54.7,47.88459994999997,47.88459994999997,60.90488498716931,0,0,86.5309236947791
1490621400,54.5,54.92,54.4111,54.58,47.95724994999998,47.95724994999998,59.76369192801099,0,0,82.00803212851402
1491226200,54.66,54.9,54.4,54.7,48.02734999999998,48.02734999999998,60.55954625205399,0,0,79.75903614457833
1491831000,54.72,55.12,54.62,54.84,48.09804999999997,48.09804999999997,61.51592083996813,0,0,80.8835341365462
1492435800,54.93,55.64,54.92,55,48.175900049999974,48.175900049999974,62.631170875702935,0,0,83.10763635656433
1493040600,55.16,55.8,54.89,55.18,48.25345004999998,48.25345004999998,63.898680957664695,0,0,83.84004256542178
1493645400,55.26,55.36,54.48,55.22,48.329400049999975,48.329400049999975,64.18936827507666,0,0,83.8152602405299
1494250200,55.26,55.275,54.88,54.96,48.39705009999998,48.39705009999998,60.76444692131511,0,0,79.91922758030442
1494855000,54.93,55.45,54.86,55.35,48.46480009999998,48.46480009999998,63.87786112327415,0,0,79.61252418269197
1495459800,55.36,56.51,55.35,56.5,48.539650099999974,48.539650099999974,71.14811039626025,0,0,84.78053344376458
1496151000,56.38,57.29,56.29,57.27,48.61725009999997,48.61725009999997,74.8046759244612,0,0,93.61134160940664
1496669400,57.2,57.36,56.52,56.67,48.69275004999998,48.69275004999998,67.61383207360659,0,0,91.84107133913635
1497274200,56.69,57.2299,55.445,55.95,48.771050099999975,48.771050099999975,60.1424926701635,0,0,76.12067084385434
1497879000,56.08,56.3,55.42,55.49,48.84745004999998,48.84745004999998,55.89306120061858,0,0,55.29279279279289
1498483800,55.66,55.89,54.64,54.94,48.92460009999997,48.92460009999997,51.2320447414147,0,0,35.81081081081087
1499088600,54.98,55.205,54.36,54.51,48.998300099999966,48.998300099999966,47.870917590829954,0,0,20.022522522522515
1499693400,54.56,54.7984,53.86,54.72,49.068300099999966,49.068300099999966,49.60962446050976,0,0,15.93822393822389
1500298200,54.82,55.16,54.61,55.08,49.13880009999997,49.13880009999997,52.53250136469163,0,0,21.47619047619043
1500903000,55.06,55.87,54.57,55.34,49.214350099999976,49.214350099999976,54.58154324353472,0,0,33.904761904761905
1501507800,55.2,55.525,54.94,55.02,49.29040009999997,49.29040009999997,51.6276283603597,0,0,36.76190476190481
1502112600,55.03,55.47,54.98,55.12,49.36315004999997,49.36315004999997,52.49288615086212,0,0,37.142857142857174
1502717400,55.24,55.94,55.11,55.2,49.43169999999997,49.43169999999997,53.21389353494176,0,0,35.809523809523846
1503322200,55.16,55.57,54.44,54.67,49.494949999999974,49.494949999999974,48.01480945180718,0,0,32.47619047619049
1503927000,54.62,54.98,54.35,54.97,49.557249999999975,49.557249999999975,50.93685674922017,0,0,31.047619047619076
1504618200,54.81,55.44,54.76,55.09,49.619349999999976,49.619349999999976,52.09674800161119,0,0,30.00000000000004
1505136600,55.19,55.78,54.995,55.22,49.678799999999974,49.678799999999974,53.38250134320441,0,0,35.73814116287188
1505741400,55.27,55.3899,53.88,53.92,49.73259999999998,49.73259999999998,41.41218787669001,0,0,25.98638472259088
1506346200,54.01,54.52,53.72,53.98,49.78744999999998,49.78744999999998,42.05798010773316,0,0,18.176002912209004
1506951000,53.98,54.4875,53.71,53.81,49.841099999999976,49.841099999999976,40.68946416557526,0,0,6.218344345963264
1507555800,53.88,54.71,53.56,54.57,49.90259999999998,49.90259999999998,48.722467104997946,0,0,19.54433047812103
1508160600,54.51,54.62,53.73,53.9,49.95934999999998,49.95934999999998,43.17126831431977,0,0,20.402331336121875
1508765400,53.86,54.13,52.99,53.1,50.01064999999998,50.01064999999998,37.65461615511914,0,0,20.150500878317384
1509370200,52.98,53.4,52.61,53.14,50.064499999999974,50.064499999999974,38.08066731153525,0,0,11.310147920317378
1509978600,53.03,54.33,52.43,54.28,50.12389999999998,50.12389999999998,48.81611654491171,0,0,24.117094060596916
1510583400,54.31,55.1135,54.16,54.76,50.18734999999998,50.18734999999998,52.546737306382276,0,0,45.00141166807836
1511188200,54.67,55.11,54.64,54.77,50.253799999999984,50.253799999999984,52.62420984396715,0,0,62.9796884523253
1511793000,54.74,56.21,54.72,56.19,50.33094999999997,50.33094999999997,62.08915663520488,0,0,78.56780404044083
1512397800,56.25,56.99,56.08,56.59,50.40924999999997,50.40924999999997,64.2554998773629,0,0,86.84990530499825
1513002600,56.53,57.035,56.2653,56.88,50.48444999999998,50.48444999999998,65.78214903767186,0,0,95.7776876743675
1513607400,57,57.31,56.48,56.87,50.56079999999998,50.56079999999998,65.67798051830206,0,0,92.9485900365267
1514298600,56.83,57.2,56.76,56.89,50.63349999999998,50.63349999999998,65.79464461423893,0,0,93.0037141856974
1514903400,56.95,57.02,56.47,56.93,50.70484999999998,50.70484999999998,66.04324695963254,0,0,91.53005464480869
1515421800,56.85,57.269,56.325,56.65,50.77519999999998,50.77519999999998,62.61275316044243,0,0,90.02732240437153
1516113000,56.76,58.0895,56.725,58.03,50.85284999999997,50.85284999999997,70.69271847446302,0,0,92.54573165580187
1516631400,58,58.735,57.97,58.71,50.932649999999974,50.932649999999974,73.70797681455576,0,0,95.00918983583942
1517236200,58.81,58.95,56.43,56.47,51.00024999999998,51.00024999999998,53.999185554895995,0,0,86.83844995183394
1517841000,56.23,56.57,52.66,53.71,51.05504999999997,51.05504999999997,39.85749700067644,0,0,60.39952710625027
1518445800,54.02,55.835,53.89,55.6,51.11489999999998,51.11489999999998,49.59269789713408,0,0,42.778650176701426
1519137000,55,55,53.67,54.35,51.167699999999975,51.167699999999975,44.466141309167796,0,0,31.080268287052885
1519655400,54.44,54.85,52.82,53.74,51.21539999999998,51.21539999999998,42.1749212327698,0,0,30.259671436142085
1520260200,53.45,54.61,53.45,54.6,51.26584999999997,51.26584999999997,46.37052267661982,0,0,24.960254372019147
1520861400,54.62,54.91,53.2,53.25,51.310699999999976,51.310699999999976,41.30420662973177,0,0,19.130895601483903
1521466200,53.21,53.31,50.81,50.86,51.34359999999998,51.34359999999998,34.183601265549626,1,1,13.612275376981293
1522071000,51.24,52.9501,51.08,52.63,51.381549999999976,51.381549999999976,42.13910732519295,0,0,10.7843137254902
1522675800,52.47,53.225,51.11,52.42,51.41749999999998,51.41749999999998,41.498202279750636,0,0,14.25061425061424
1523280600,52.58,52.92,52.2299,52.59,51.456899999999976,51.456899999999976,42.263748216037754,0,0,21.33497133497134
1523885400,52.73,53.46,50.34,50.49,51.48324999999998,51.48324999999998,35.99723151361869,0,0,14.462783974979095
1524490200,50.53,50.94,49.76,50.77,51.513824999999976,51.513824999999976,37.33146294590551,0,0,11.533229630843701
1525095000,50.86,51.0852,48.755,49.69,51.53682499999998,51.53682499999998,34.3564358930368,1,1,7.301176453228955
1525699800,49.8,49.89,48.96,49.54,51.558224999999986,51.558224999999986,33.951738769564415,1,1,10.068718249842414
1526304600,49.61,49.97,49.0599,49.54,51.57992499999998,51.57992499999998,33.951738769564415,1,1,10.101172874844176
1526909400,49.73,50.2,49.48,49.88,51.605374999999974,51.605374999999974,35.93553137173109,0,0,13.048922606426094
1527600600,49.7,50.555,49.47,49.66,51.63632499999998,51.63632499999998,35.19882987715454,0,0,14.601825081912288
1528119000,49.76,50.86,49.55,50.83,51.67112499999998,51.67112499999998,42.00784910996905,0,0,22.143444514615172
1528723800,50.87,51.57,50.74,51.54,51.70622499999999,51.70622499999999,45.73421080243082,0,0,31.221229352829635
1529328600,51.37,51.72,50.56,51.63,51.74017499999998,51.74017499999998,46.20607590511122,0,0,46.688467396599755
1529933400,51.51,52.04,51.3,51.53,51.772174999999976,51.772174999999976,45.730261490119545,0,0,55.11092732811854
1530538200,51.3,52.425,50.9,52.22,51.805374999999984,51.805374999999984,49.58778071064757,0,0,64.57669146298262
1531143000,52.26,52.795,51.96,52.74,51.84382499999998,51.84382499999998,52.33736689544664,0,0,72.44066595820048
1531747800,52.7,53,52.07,52.86,51.88097499999998,51.88097499999998,52.97478572600254,0,0,81.86326602904708
1532352600,52.76,53.76,52.32,53.38,51.92237499999998,51.92237499999998,55.73722222942317,0,0,88.1174440154249
1532957400,53.24,54.55,53,54.29,51.96662499999998,51.96662499999998,60.149090078563226,0,0,91.72285831073184
1533562200,54.32,54.51,53.13,53.24,52.00477499999998,52.00477499999998,53.520290581920015,0,0,88.16208705848938
1534167000,53.33,55.08,53,55.02,52.05672499999998,52.05672499999998,61.30550220278459,0,0,90.36066919428187
1534771800,55.09,55.31,53.895,54.06,52.097474999999974,52.097474999999974,55.87020613367132,0,0,84.72150813195843
1535376600,54.15,54.32,53.555,53.78,52.13282499999998,52.13282499999998,54.35648254594377,0,0,83.80019969631418
1536067800,53.71,54.51,53.49,54.37,52.16597499999998,52.16597499999998,57.00017915805629,0,0,78.69260527650937
1536586200,54.5,55.11,54.24,54.76,52.20097499999998,52.20097499999998,58.70292218309961,0,0,81.96765935004935
1537191000,54.72,55.33,54.51,55.02,52.23382499999999,52.23382499999999,59.84453937485807,0,0,88.53421880172125
1537795800,54.83,54.95,53.59,53.93,52.25697499999998,52.25697499999998,53.204272683283136,0,0,83.43979734866554
1538400600,54.01,54.38,53.09,53.44,52.279924999999984,52.279924999999984,50.49197343172076,0,0,73.07822750984731
1539005400,53.39,54.315,51.92,52.38,52.30227499999998,52.30227499999998,45.131917211690755,0,0,46.40779012729791
1539610200,52.23,54.85,52.23,54.69,52.33262499999998,52.33262499999998,56.07519936492538,0,0,50.68591691325253
1540215000,54.79,55.52,53.59,53.83,52.35447499999999,52.35447499999999,51.9231722217965,0,0,49.25898772672963
1540819800,54.2,55.58,53.945,55.11,52.388274999999986,52.388274999999986,57.023694382616554,0,0,73.81523235172094
1541428200,55.2,57,55.12,56.82,52.42682499999998,52.42682499999998,62.71468051733146,0,0,78.89023947143217
1542033000,56.66,56.98,55.39,56.06,52.46077499999998,52.46077499999998,58.97666723402514,0,0,88.37040861695569
1542637800,56.08,56.385,54.42,54.79,52.48647499999997,52.48647499999997,53.263509476314134,0,0,78.1496062992126
1543242600,54.87,56.4,54.59,56.26,52.527674999999974,52.527674999999974,58.298989377315245,0,0,74.47506561679789
1543847400,56.46,56.615,54.245,54.72,52.55592499999998,52.55592499999998,51.980499591854105,0,0,65.6824146981627
1544452200,55.03,55.68,53.88,54.5,52.58092499999998,52.58092499999998,51.12799318508248,0,0,63.77952755905509
1545057000,54.37,54.5,50.18,50.18,52.58382499999997,52.58382499999997,37.96203577847286,0,0,35.3018372703412
1545661800,50.05,51.15,48.33,50.57,52.58662499999998,52.58662499999998,39.47726313099022,0,0,25.541206138160078
1546266600,50.7,51.26,49.95,51.26,52.59912499999998,52.59912499999998,42.1685116275529,0,0,19.876970396001553
1546871400,51.13,51.79,50.73,51.63,52.61587499999998,52.61587499999998,43.61636840326675,0,0,32.56439830834298
1547476200,51.5,52.61,51.3,52.45,52.63342499999998,52.63342499999998,46.79548553372044,0,0,39.79238754325264
1548167400,52.31,52.74,51.55,51.73,52.64852499999997,52.64852499999997,44.426828805600955,0,0,41.59938485198004
1548685800,51.62,53.55,51.445,53.22,52.668974999999975,52.668974999999975,50.06037547651057,0,0,47.71241830065361
1549290600,53.21,53.79,53.11,53.79,52.689924999999974,52.689924999999974,52.062386201189405,0,0,52.864282968089206
1549895400,53.84,54.62,53.55,54.35,52.71637499999998,52.71637499999998,54.01292575576462,0,0,62.99084611743374
1550586600,54.48,54.84,54.04,54.43,52.74257499999998,52.74257499999998,54.29900781398774,0,0,68.73273036092489
1551105000,54.54,54.7,53.85,54.24,52.76972499999998,52.76972499999998,53.44857642499314,0,0,71.51871606764323
1551709800,54.34,54.44,53.45,53.71,52.79242499999997,52.79242499999997,51.046851315977456,0,0,69.9658016495675
1552311000,53.8,54.95,53.8,54.7,52.81717499999998,52.81717499999998,55.10501015836484,0,0,74.31234493395027
1552915800,54.71,55.44,54.33,55.08,52.84632499999998,52.84632499999998,56.59247437423847,0,0,82.1800026652475
1553520600,54.98,56.165,54.85,56.11,52.88292499999998,52.88292499999998,60.420358772662674,0,0,93.63379907497914
1554125400,56.22,56.23,55.05,55.59,52.92292499999998,52.92292499999998,57.65603226834807,0,0,94.68121591857432
1554730200,55.56,56.24,55.49,56.2,52.96362499999997,52.96362499999997,59.969725524424256,0,0,96.12699536063212
1555335000,56.18,57.15,56.17,56.87,53.00467499999998,53.00467499999998,62.399875962425945,0,0,94.76554653268681
1555939800,56.86,57.2,56.27,56.98,53.047424999999976,53.047424999999976,62.79917633275757,0,0,96.88831986188818
1556544600,56.95,57.82,56.69,57.41,53.093624999999975,53.093624999999975,64.39112528976878,0,0,94.98651328323733
1557149400,56.99,57.415,56.19,57.31,53.13427499999998,53.13427499999998,63.708332309511114,0,0,92.97261305277662
1557754200,56.72,58.265,56.56,57.75,53.172674999999984,53.172674999999984,65.44459860449224,0,0,90.68161983394334
1558359000,57.62,57.94,57.3542,57.52,53.211874999999985,53.211874999999985,63.728266380519344,0,0,87.6679167410759
1559050200,57.53,57.67,55.52,55.61,53.23837499999998,53.23837499999998,51.62104339459155,0,0,72.89719626168225
1559568600,55.69,58.86,55.68,58.63,53.28072499999998,53.28072499999998,63.44612441802096,0,0,75.04531497828788
1560173400,58.71,59.27,58.47,59.09,53.32537499999998,53.32537499999998,64.85523115346578,0,0,79.10591678188887
1560778200,59.11,59.43,58.27,58.72,53.380424999999974,53.380424999999974,62.759579649533386,0,0,92.84545621136783
1561383000,58.81,59.1,57.775,58.07,53.43257499999998,53.43257499999998,59.14397546155518,0,0,84.36447727054174
1561987800,58.37,59.715,58.08,59.4,53.49697499999998,53.49697499999998,63.746289832721764,0,0,83.21056555096048
1562592600,59.4,59.9676,58.91,59.83,53.56062499999998,53.56062499999998,65.11454187090283,0,0,86.82673013959982
1563197400,59.93,60.56,59.77,59.94,53.62437499999997,53.62437499999997,65.47352562219126,0,0,92.6243087537723
1563802200,60.05,60.39,59.36,60.37,53.68882499999998,53.68882499999998,66.90711712083444,0,0,93.61849885567945
1564407000,60.37,61.02,58.85,59.23,53.74577499999997,53.74577499999997,59.81604420153172,0,0,83.7943722943722
1565011800,58.85,59.77,57.35,59.32,53.795074999999976,53.795074999999976,60.17489908467004,0,0,77.59187109187101
1565616600,59.16,60.45,58.61,60.21,53.84797499999997,53.84797499999997,63.633495686701636,0,0,73.93939393939388
1566221400,60.69,60.93,59.28,59.62,53.892374999999966,53.892374999999966,59.918561757241164,0,0,76.30303030303024
1566826200,60.02,61.15,59.78,60.72,53.94657499999997,53.94657499999997,64.12385634027453,0,0,84.06017546692497
1567517400,60.46,61.9199,60.35,61.44,54.00787499999997,54.00787499999997,66.5944231200927,0,0,86.40565691646259
1568035800,61.41,61.685,60.58,61.04,54.07392499999996,54.07392499999996,63.959266131260534,0,0,88.47242185462518
1568640600,60.75,61.11,60.32,60.32,54.13012499999997,54.13012499999997,59.40275526937481,0,0,79.34846739114366
1569245400,60.37,61.37,60.32,61.12,54.18592499999997,54.18592499999997,62.59164649376777,0,0,76.07752175467006
1569850200,61.16,61.69,59.79,61.4,54.240724999999976,54.240724999999976,63.667350876615714,0,0,78.70339978263566
1570455000,61.26,61.34,60.31,60.84,54.29752499999998,54.29752499999998,59.954070859334806,0,0,82.49633471191932
1571059800,60.92,60.9766,60.13,60.74,54.354524999999974,54.354524999999974,59.289085129052836,0,0,79.724574571289
1571664600,60.75,61.55,60.665,61.09,54.40562499999997,54.40562499999997,60.922776718613974,0,0,77.46340182498533
1572269400,61.09,61.488,60.75,61.15,54.45892499999997,54.45892499999997,61.21014922080418,0,0,79.72457457128901
1572877800,61.22,61.252,60.29,60.76,54.517624999999974,54.517624999999974,58.21345172906207,0,0,79.87045668395375
1573482600,60.79,61.62,60.57,61.33,54.58277499999996,54.58277499999996,61.20304456468804,0,0,79.98307138109551
1574087400,61.27,61.99,61.06,61.3,54.642824999999974,54.642824999999974,60.95585957869622,0,0,77.11171843727652
1574692200,61.42,62.14,61.07,62,54.69902499999996,54.69902499999996,64.55324532533868,0,0,83.59475043132552
1575297000,61.88,62.91,61.59,62.67,54.76422499999997,54.76422499999997,67.62768740082826,0,0,86.97141143510522
1575901800,62.63,63.02,62.29,62.78,54.82777499999997,54.82777499999997,68.11662860685864,0,0,92.98171612019547
1576506600,62.96,63.36,62.7,63.1,54.88907499999996,54.88907499999996,69.55711986872282,0,0,92.53147952838363
1577111400,63.22,63.27,62.8,63.25,54.949874999999956,54.949874999999956,70.2359549949636,0,0,94.06850459482041
1577716200,63.14,63.24,62.0851,62.38,55.00157499999996,55.00157499999996,61.6493801398279,0,0,87.39495798319335
1578321000,62.29,62.845,61.96,62.66,55.05262499999995,55.05262499999995,63.208334422955424,0,0,82.59865349648634
1578925800,62.68,63.96,62.65,63.82,55.10847499999996,55.10847499999996,68.85656199758824,0,0,82.40728016734613
1579617000,63.73,64.24,63.39,63.59,55.16482499999996,55.16482499999996,66.67104333528826,0,0,86.07237489722125
1580135400,63.05,64.21,63,63.18,55.21262499999996,55.21262499999996,62.841920173189905,0,0,84.35116942635875
1580740200,63.41,64.52,63.13,64.26,55.266875000000006,55.266875000000006,68.0477308725865,0,0,83.52076288515843
1581345000,64.29,64.81,64.03,64.79,55.32565,55.32565,70.25041781108277,0,0,88.84876224826644
1582036200,64.7,64.84,63.94,64.65,55.389100000000006,55.389100000000006,68.89927097957056,0,0,96.11842491877297
1582554600,63.77,64.26,56.04,57.99,55.41755,55.41755,34.70407941807697,0,0,72.22031258980952
1583159400,58.11,63.25,58.11,61.54,55.459050000000005,55.459050000000005,49.182015579357966,0,0,59.877545294212005
1583760600,58.14,60.65,51.91,56.61,55.47590000000001,55.47590000000001,36.934328851817135,0,0,40.33622184724276
1584365400,51.35,57.45,49.955,50.4,55.46710000000001,55.46710000000001,27.60797861774708,1,1,33.94638715500631
1584970200,50.01,54.99,47.66,53.51,55.46965000000001,55.46965000000001,36.285105524709856,0,0,24.46346127219682
1585575000,54.03,55.76,52.68,55.35,55.478600000000014,55.478600000000014,40.80581316954186,0,0,27.267386530467906
1586179800,56.73,59.02,55.92,58.13,55.49860000000002,55.49860000000002,46.93224778423966,0,0,46.58517656189368
1586784600,57.94,60.7,57.14,60.5,55.53375000000002,55.53375000000002,51.53720340655532,0,0,60.14745828482733
1587389400,59.9,60.3199,57.84,58.71,55.56180000000001,55.56180000000001,48.13949828616867,0,0,66.66666666666667
1587994200,59.07,59.64,57.38,57.62,55.57545000000001,55.57545000000001,46.14449822050645,0,0,65.67714396585176
1588599000,57.51,58.255,56.73,58.12,55.58760000000001,55.58760000000001,47.22493246831785,0,0,61.059371362048886
1589203800,57.86,58.55,55.985,57.39,55.59605000000001,55.59605000000001,45.780857539885744,0,0,58.49825378346915
1589808600,58.3,58.6,57.15,57.47,55.60590000000001,55.60590000000001,45.975823301155266,0,0,58.20721769499418
1590499800,58.28,59.495,57.665,59.23,55.62855000000001,55.62855000000001,50.21706989778736,0,0,61.14523285224717
1591018200,59.26,60.73,59.2287,60.42,55.65770000000001,55.65770000000001,52.90899107601815,0,0,69.54913792557184
1591623000,60.43,61.1,57.615,58.12,55.67285000000002,55.67285000000002,47.55648476489511,0,0,76.45783805676906
1592227800,57.58,60.67,57.19,59.62,55.69635000000001,55.69635000000001,51.03550604259946,0,0,82.88760474255984
1592832600,59.1,59.59,57.08,57.13,55.71045000000001,55.71045000000001,45.62474324331225,0,0,79.09226190476191
1593437400,57.5,59.5708,57.45,58.99,55.73130000000001,55.73130000000001,49.89782253312208,0,0,78.13000744636732
1594042200,59.44,60.41,58.86,60.29,55.769300000000015,55.769300000000015,52.69586211706689,0,0,76.58828715464703
1594647000,60.58,61.86,59.91,61.59,55.81330000000002,55.81330000000002,55.37945602394708,0,0,84.90260241976019
1595251800,61.46,62.83,60.78,62.13,55.857250000000015,55.857250000000015,56.48379839724037,0,0,89.8469156744028
1595856600,62.07,62.98,61.9203,62.7,55.90470000000001,55.90470000000001,57.67459017402078,0,0,93.72498449171398
1596461400,62.73,63.57,62.22,63.51,55.960600000000014,55.960600000000014,59.375824936734574,0,0,94.99322107287217
1597066200,63.58,64.499,63.22,64.16,56.01955000000002,56.01955000000002,60.739563803225714,0,0,97.0748095466668
1597671000,64.31,64.96,63.7878,64.3,56.07990000000002,56.07990000000002,61.04290582749931,0,0,95.61721776912202
1598275800,64.41,65.81,64.21,65.77,56.145400000000016,56.145400000000016,64.1730297098734,0,0,95.72816603194353
1598880600,65.53,67.61,64.73,65.54,56.21505000000002,56.21505000000002,63.315829134185485,0,0,90.5026852250674
1599571800,65.38,65.725,63.89,64.65,56.285600000000024,56.285600000000024,59.97723806514028,0,0,83.92450958315798
1600090200,64.97,65.46,63.25,63.69,56.35155000000002,56.35155000000002,56.515573536434744,0,0,71.6682494460273
1600695000,62.88,63.56,61.83,63.04,56.41065000000001,56.41065000000001,54.23318068721712,0,0,63.75435264324161
1601299800,63.56,64.61,63.21,64.1,56.47830000000001,56.47830000000001,57.264216848549864,0,0,61.6086584262437
1601904600,64.25,66.03,63.92,65.74,56.546800000000005,56.546800000000005,61.51134871809563,0,0,66.89383908920213
1602509400,66.02,66.845,65.57,66.17,56.6174,56.6174,62.56192332395693,0,0,75.12667621092815
1603114200,66.17,66.45,64.96,65.39,56.684050000000006,56.684050000000006,59.39487971295788,0,0,75.80787080172148
1603719000,64.89,65.02,61.49,62.26,56.7368,56.7368,48.73364981386379,0,0,53.79224677433273
1604327400,63.15,65.42,62.76,65.09,56.80165000000001,56.80165000000001,56.360793498359826,0,0,46.300522812020525
1604932200,66.64,67.617,64.85,67.53,56.88170000000001,56.88170000000001,61.65741555936577,0,0,56.661761416751354
1605537000,68.15,68.18,66.395,66.5,56.95130000000001,56.95130000000001,58.433271605418746,0,0,77.43049242684349
1606141800,66.62,67.2,66.114,66.92,57.02400000000001,57.02400000000001,59.36633647125527,0,0,84.87795571709228
1606746600,66.75,67.64,66.23,67.63,57.09715,57.09715,60.961668139202445,0,0,82.61086198305918
1607351400,67.5,67.88,66.89,67.32,57.16565000000001,57.16565000000001,59.85665990694179,0,0,86.69656203288476
1607956200,67.65,68.08,67.04,67.93,57.233000000000004,57.233000000000004,61.34158827068606,0,0,91.72894867962121
1608561000,66.62,66.7733,65.945,66.72,57.290200000000006,57.290200000000006,56.8493985371153,0,0,87.19481813652207
1609165800,66.97,67.605,66.715,67.45,57.35175000000001,57.35175000000001,58.809257709731206,0,0,87.84255107125057
1609770600,67.42,67.4425,65.92,66.9,57.411,57.411,56.71904058699323,0,0,82.71051320378669
1610375400,66.53,66.97,65.36,65.63,57.464250000000014,57.464250000000014,52.113100049481304,0,0,77.27952167414044
1611066600,65.85,65.98,64.88,65.07,57.51610000000001,57.51610000000001,50.17813572515514,0,0,65.42102640757338
1611585000,64.87,66.83,64.06,64.09,57.56365000000001,57.56365000000001,46.89650814986123,0,0,51.420029895366106
1612189800,64.36,65.9577,63.94,65.76,57.618950000000005,57.618950000000005,52.5869705109104,0,0,49.24241170662822
1612794600,65.97,66.41,65.365,65.69,57.67320000000001,57.67320000000001,52.33382327394873,0,0,45.16270483163413
1613485800,65.81,65.945,64.88,64.94,57.7229,57.7229,49.57991948700944,0,0,40.06968135719089
1614004200,64.77,65.64,63.28,63.3,57.7635,57.7635,44.113476165124325,0,0,21.75838574423472
1614609000,63.75,64.89,62.99,64.7,57.810900000000004,57.810900000000004,49.25682027544112,0,0,19.198952399780847
1615213800,64.72,66.235,64.61,66.15,57.86684999999999,57.86684999999999,53.98074252607023,0,0,32.03148875791314
1615815000,66.388,66.82,65.83,66.38,57.922,57.922,54.70111497205732,0,0,54.0929927963327
1616419800,65.91,68.62,65.86,68.58,57.98239999999999,57.98239999999999,60.991238520439595,0,0,75.99107131432902
1617024600,68.38,69.335,67.53,67.98,58.03594999999999,58.03594999999999,58.60127124995539,0,0,81.51176708569012
1617629400,68.27,69.4,68.15,68.92,58.0972,58.0972,61.16852986894868,0,0,90.14860764772128
1618234200,69.01,69.95,68.57,69.81,58.166500000000006,58.166500000000006,63.47785823258593,0,0,89.71493608800085
1618839000,69.82,70.47,68.95,69.57,58.2369,58.2369,62.40016900649891,0,0,92.82270688454922
1619443800,69.53,69.63,68.44,69.58,58.310100000000006,58.310100000000006,62.4287910006164,0,0,91.35267482123463
1620048600,69.73,70.855,69.45,70.64,58.390750000000004,58.390750000000004,65.43259328630509,0,0,91.1119629034067
1620653400,70.94,71.64,69.53,70.91,58.47170000000001,58.47170000000001,66.17442257215339,0,0,92.30955597111199
1621258200,70.95,71.48,69.86,71.02,58.5514,58.5514,66.48994189421968,0,0,93.88647785915252
1621863000,71.11,71.48,70.59,70.81,58.62875000000001,58.62875000000001,65.23882422004623,0,0,91.59922928709051
1622554200,71.08,71.685,70.33,71.52,58.71125000000001,58.71125000000001,67.46767524865041,0,0,93.77978396549292
1623072600,71.53,71.62,70.44,70.94,58.79035000000001,58.79035000000001,63.86516715056304,0,0,92.65898220619772
1623677400,70.88,71.12,68.78,68.8,58.85835000000001,58.85835000000001,52.6867334265159,0,0,79.43273255379185
1624282200,68.76,69.76,68.72,69.68,58.93340000000001,58.93340000000001,56.09027603774559,0,0,68.59174637539361
1624887000,69.73,70.17,69.32,69.93,59.00820000000001,59.00820000000001,57.035852126329615,0,0,58.022335771285235
1625578200,69.77,70.275,69.31,70.15,59.0835,59.0835,57.89513355199896,0,0,59.97273942455775
1626096600,70.03,71.31,69.771,71.04,59.16260000000001,59.16260000000001,61.26980083407843,0,0,64.82069523199566
1626701400,70.8,71.54,70.1,71.4,59.25000000000001,59.25000000000001,62.57639718085651,0,0,75.97253672098454
1627306200,71.29,71.98,70.89,71.51,59.337650000000004,59.337650000000004,62.98727962291426,0,0,86.02122924156832
1627911000,71.51,71.66,70.55,70.94,59.42330000000001,59.42330000000001,59.350924178424904,0,0,82.01286022332086
1628515800,71.17,72.58,71.005,72.51,59.51300000000001,59.51300000000001,65.29418983332059,0,0,84.3359506161399
1629120600,72.51,73.25,71.7,72.76,59.607300000000016,59.607300000000016,66.14307132582951,0,0,85.15597032155642
1629725400,72.77,72.9,71.29,71.78,59.70070000000001,59.70070000000001,59.95260084754195,0,0,84.97314010987972
1630330200,71.8,73.04,71.7299,72.83,59.79915000000001,59.79915000000001,63.85584146740437,0,0,82.48712288447389
1631021400,72.71,72.71,71.74,71.88,59.88715000000001,59.88715000000001,58.317626162692086,0,0,76.01177336276669
1631539800,72.16,72.68,71.15,71.36,59.97015000000001,59.97015000000001,55.48115036529275,0,0,72.92126563649735
1632144600,70.43,70.97,69.67,70.62,60.04940000000001,60.04940000000001,51.63244227890334,0,0,56.65930831493743
1632749400,70.51,70.84,68.37,69.02,60.113550000000004,60.113550000000004,44.452248077216666,0,0,37.84680756100793
1633354200,69,70.75,68.32,70.05,60.18085,60.18085,49.336629048826865,0,0,30.11785162604204
1633959000,70.16,71.245,69.585,70.81,60.2505,60.2505,52.645396885107296,0,0,32.97268313769823
1634563800,70.5,71.4,69.93,71.29,60.3226,60.3226,54.659451800548,0,0,48.61392832995275
1635168600,71.24,71.91,70.74,71.25,60.3944,60.3944,54.45161458948047,0,0,56.72751859364445
1635773400,71.4,73.12,71.105,73,60.47475,60.47475,61.371901565764375,0,0,71.53482082488173
1636381800,73.03,73.18,72.08,72.84,60.55570000000001,60.55570000000001,60.467339039071184,0,0,82.01487491548346
1636986600,72.97,73.38,71.9647,72.05,60.625800000000005,60.625800000000005,56.07280262039944,0,0,86.77599702822387
1637591400,72.14,73.22,71.7,71.96,60.69205000000001,60.69205000000001,55.57725046474124,0,0,79.11191463091984
1638196200,72.04,72.42,69.92,71.57,60.76755,60.76755,53.37590044560549,0,0,69.96047430830036
1638801000,72.08,74.24,72.07,74.19,60.86995000000001,60.86995000000001,63.760608817109556,0,0,78.44047110351455
1639405800,74.17,76.78,74.06,75.2,60.96795000000001,60.96795000000001,66.82794249478644,0,0,81.56951049527366
1640010600,74.12,75.505,74.03,75.25,61.07245000000001,61.07245000000001,66.97695767934675,0,0,87.46472536366154
1640615400,75.3,77.23,75.3,77.11,61.1893,61.1893,72.01351808418543,0,0,87.29732311292592
1641220200,76.66,78.18,76.02,77.42,61.30340000000001,61.30340000000001,72.75922781961361,0,0,90.95339383990422
1641825000,77.3,77.46,75.875,77.03,61.42230000000001,61.42230000000001,70.22412579137254,0,0,92.52180529469194
1642516200,76.46,76.98,75.68,75.96,61.54780000000001,61.54780000000001,63.669571809265925,0,0,84.01190130456195
1643034600,75.66,76.16,73.76,75.68,61.66305000000001,61.66305000000001,62.03775349515441,0,0,76.49242361284236
1643639400,75.22,77.21,75.05,75.89,61.78040000000001,61.78040000000001,62.80766231865377,0,0,71.71105730427756
1644244200,76.19,76.86,75.0311,75.25,61.89370000000001,61.89370000000001,58.88790771623671,0,0,68.84584342211454
1644849000,75.25,76.32,74.04,76.03,62.021400000000014,62.021400000000014,62.00050799622705,0,0,70.2582728006456
1645540200,76.09,76.15,72.19,75.91,62.14710000000001,62.14710000000001,61.23242778108663,0,0,70.33898305084735
1646058600,74.78,76.31,74.055,75.87,62.278,62.278,60.961327992876974,0,0,72.84100080710242
1646663400,75.46,75.79,71.34,71.44,62.3875,62.3875,39.894817616087416,0,0,48.6713488051578
1647264600,71.89,74.26,71.43,74.19,62.51075,62.51075,51.1745350641077,0,0,38.387517758614926
1647869400,74.04,75.185,73.54,75.04,62.63655,62.63655,54.04523479353411,0,0,32.40740740740735
1648474200,75.07,76.735,74.63,76.65,62.771499999999996,62.771499999999996,58.96644745676033,0,0,57.79727095516565
1649079000,76.52,78.96,75.54,78.72,62.91095,62.91095,64.26507729895772,0,0,76.19184663320596
1649683800,78.86,79.39,78.135,78.84,63.04745,63.04745,64.5508533507629,0,0,89.21655817050332
1650288600,78.66,81.34,77.965,79.24,63.185500000000005,63.185500000000005,65.54011292786248,0,0,89.67269852138048
1650893400,79.49,79.9,77.54,77.64,63.316050000000004,63.316050000000004,58.50686422180777,0,0,78.38923395445131
1651498200,78.18,78.29,75.49,76.72,63.438550000000006,63.438550000000006,54.86127907190921,0,0,65.26666666666661
1652103000,76.13,77.37,75,76.95,63.5596,63.5596,55.60602670736445,0,0,57.633333333333304
1652707800,76.9,77.645,69.575,70.7,63.6488,63.6488,37.49986335033852,0,0,39.82075364782545
1653312600,71.48,75,71.27,75,63.756899999999995,63.756899999999995,49.64765632122357,0,0,37.25786938659865
1654003800,74.6,74.96,72.46,73.82,63.854549999999996,63.854549999999996,46.95080095555575,0,0,30.58506870661562
1654522200,74.33,74.555,70.97,71.92,63.94795,63.94795,42.909096520386846,0,0,34.04164895877598
1655127000,70.85,71.34,68.22,68.83,64.017,64.017,37.287334625342574,0,0,20.220996634636936
1655818200,69.13,72.88,68.8,72.85,64.11094999999999,64.11094999999999,47.01347952535792,0,0,19.957008696733777
1656336600,72.92,73.32,71.3302,73.22,64.20814999999999,64.20814999999999,47.81568535660917,0,0,26.0162601626016
1657027800,72.73,73.48,71.58,72.9,64.3008,64.3008,47.15080656915337,0,0,36.35670731707316
1657546200,72.81,73.55,71.695,72.94,64.39169999999999,64.39169999999999,47.24954653802381,0,0,36.58536585365854
1658151000,73.07,73.405,72.1,73.2,64.48259999999999,64.48259999999999,47.93052884616268,0,0,36.53455284552846
1658755800,73.29,75.225,72.645,74.49,64.58539999999999,64.58539999999999,51.29041894358851,0,0,42.53814455952776
1659360600,74.39,75.66,73.94,74.64,64.69139999999999,64.69139999999999,51.680852735266036,0,0,51.7975159516528
1659965400,74.93,75.5956,74.35,75.51,64.80705,64.80705,53.98467097717632,0,0,64.92757029596284
1660570200,75.47,77.4,75.35,76.91,64.91815,64.91815,57.49660268928967,0,0,77.76759851683663
1661175000,76.68,76.7,74.36,74.45,65.02125,65.02125,50.240707038748425,0,0,79.13799845510464
1661779800,74.01,74.7463,72.33,72.56,65.1085,65.1085,45.49081298371634,0,0,69.11440123745736
1662471000,72.6,74.475,72.05,73.98,65.19430000000001,65.19430000000001,49.364251262127944,0,0,59.29557007988381
1662989400,74.04,74.515,70.895,71.33,65.27065000000002,65.27065000000002,43.195370800747874,0,0,47.96659404502541
1663594200,70.6,72.08,68.655,69.38,65.34360000000001,65.34360000000001,39.303173559545975,0,0,34.97118178953174
1664199000,69.23,70.15,66.6827,66.73,65.39595000000001,65.39595000000001,34.72403518367847,0,0,14.20326327722965
1664803800,67.21,69.265,66.24,66.5,65.45485000000001,65.45485000000001,34.34996840833766,0,0,3.6871810976433843
1665408600,66.62,69.26,66.175,67.53,65.52000000000001,65.52000000000001,37.592255783120876,0,0,4.947453698000904
1666013400,68.24,69.62,67.61,68.91,65.61365000000002,65.61365000000002,41.743582235684414,0,0,12.922091572138292
1666618200,69.4,73.3,69.25,73.17,65.72665000000002,65.72665000000002,52.293342433748194,0,0,32.917594654788424
1667223000,72.96,73.27,70.485,71.85,65.82960000000001,65.82960000000001,49.31336829567777,0,0,45.74610244988861
1667831400,72,73.88,71.85,73.52,65.93905000000001,65.93905000000001,52.96521454262406,0,0,59.435783221974724
1668436200,73.45,74.7701,72.895,74.68,66.05020000000002,66.05020000000002,55.370503413883654,0,0,63.91982182628059
1669041000,74.82,76.35,74.665,76.25,66.17280000000001,66.17280000000001,58.46631741872015,0,0,78.97571272132846
1669645800,75.97,77.29,75.225,77.19,66.29265000000001,66.29265000000001,60.24444758352186,0,0,90.19771820426466
1670250600,76.36,76.59,75.38,75.89,66.40315000000001,66.40315000000001,56.63337876882903,0,0,94.07639630167442
1670855400,76.03,77.62,74.21,74.86,66.50570000000002,66.50570000000002,53.8778342984026,0,0,87.46312971325038
1671460200,74.31,75.25,73.81,75.18,66.60945000000001,66.60945000000001,54.616637985410435,0,0,80.65657360683917
1672151400,75.28,75.86,74.0101,74.55,66.71100000000001,66.71100000000001,52.82266888981696,0,0,75.91379059268967
1672756200,74.59,76.075,73.52,75.78,66.82135000000002,66.82135000000002,55.87035130902123,0,0,78.59327217125382
1673274600,75.73,76.245,74.14,74.74,66.92155000000001,66.92155000000001,52.76645522957459,0,0,77.3117809815057
1673965800,74.86,75.42,71.6,72.62,67.00925000000001,67.00925000000001,47.03065517181943,0,0,69.60307785995857
1674484200,72.76,73.35,72.35,72.86,67.09300000000002,67.09300000000002,47.72344752797426,0,0,56.00545001748511
1675089000,72.71,74.66,72.71,73.4,67.18205,67.18205,49.32928905774,0,0,44.67837249520759
1675693800,73.28,73.63,72.145,72.97,67.26590000000002,67.26590000000002,48.063189909736536,0,0,35.5808808395764
1676298600,73.19,73.8275,72.309,73.68,67.34995,67.34995,50.33008216260779,0,0,32.72130351138198
1676989800,73.38,74.01,72.27,72.71,67.4286,67.4286,47.293039439850325,0,0,25.249169435215993
1677508200,73.06,73.255,70.93,72.54,67.50425,67.50425,46.76048484274159,0,0,25.68526767609053
1678113000,72.34,72.98,70.845,71.11,67.57325,67.57325,42.43203335026166,0,0,15.47191570868376
1678714200,71.04,72.7079,71,72.11,67.64505000000001,67.64505000000001,46.183633685970925,0,0,15.549598545312806
1679319000,72.04,73.14,71.48,72.97,67.72230000000002,67.72230000000002,49.24687758030887,0,0,20.644959227370038
1679923800,73.22,74.74,73.21,74.71,67.8178,67.8178,54.846905652495515,0,0,43.19917088059762
1680528600,74.76,75.63,74.4825,75.36,67.90145000000001,67.90145000000001,56.766022517024645,0,0,64.84567901234557
1681133400,75.1,75.82,74.64,75.18,67.98190000000001,67.98190000000001,56.05550303582667,0,0,78.48765432098759
1681738200,75.33,76.97,75.24,76.57,68.07115,68.07115,60.19849419368024,0,0,85.7860922146636
1682343000,76.57,77.585,76.14,77.44,68.168,68.168,62.57665515783374,0,0,90.53194340710239
1682947800,77.31,77.82,76.225,77.18,68.2569,68.2569,61.3960065865038,0,0,94.04747506779536
1683552600,76.91,77.145,76.055,77.12,68.34335000000002,68.34335000000002,61.109470446281925,0,0,92.87906505145918
1684157400,77.24,77.34,75.41,75.92,68.42325000000001,68.42325000000001,55.52779722775864,0,0,84.5161290322582
1684762200,75.72,75.85,72.63,73.43,68.48855000000002,68.48855000000002,46.11532073464152,0,0,66.59498207885318
1685453400,73.002,73.66,72.2438,73.61,68.56045000000002,68.56045000000002,46.81713633700206,0,0,49.82078853046604
1685971800,73.5,74.03,72.28,73.11,68.62940000000002,68.62940000000002,45.061457266629965,0,0,36.391875746714526
1686576600,73.2,75.05,72.72,74.67,68.70170000000002,68.70170000000002,51.20922284963521,0,0,41.975670685348156
1687267800,74.05,74.39,73.26,73.78,68.77250000000002,68.77250000000002,47.91493773645718,0,0,40.85434583959062
1687786200,73.78,74.28,73,74.17,68.83975000000001,68.83975000000001,49.44954534962521,0,0,41.5443855230945
1688391000,74.06,74.75,73.41,73.46,68.89985000000001,68.89985000000001,46.74909736924414,0,0,30.8771306141835
1688995800,73.57,74.41,73.105,74.28,68.96605000000001,68.96605000000001,50.13598614195,0,0,30.956565402962696
1689600600,74,75.8354,73.75,75.63,69.04260000000002,69.04260000000002,55.18913286122515,0,0,39.684133758951795
1690205400,75.61,76.395,75.32,76.1,69.11750000000002,69.11750000000002,56.829388890896396,0,0,55.46549023827464
1690810200,76,76.23,74.58,74.65,69.18375000000002,69.18375000000002,50.66751599322919,0,0,57.677271259997944
1691415000,74.79,75.53,74.52,74.8,69.25355000000002,69.25355000000002,51.25631363345604,0,0,54.15493777956567
1692019800,74.9,75.1,72.56,73.02,69.31495000000001,69.31495000000001,44.472986006778854,0,0,36.180382770268125
1692624600,72.83,73,71.97,72.42,69.37160000000002,69.37160000000002,42.434398282046025,0,0,25.186463293687112
1693229400,72.66,73.355,71.9,72.14,69.42655000000002,69.42655000000002,41.47885290268416,0,0,10.24657125841822
1693920600,72.01,72.28,71.21,71.7,69.48125000000002,69.48125000000002,39.95621398018445,0,0,8.319698296141121
1694439000,71.8,72.755,71.6435,72.05,69.53485000000002,69.53485000000002,41.78680642800749,0,0,10.330060651697401
1695043800,71.8,71.92,70.1,70.14,69.57905000000001,69.57905000000001,35.437371143364516,0,0,8.762113681525275
1695648600,69.92,70.0699,68.445,68.81,69.61310000000002,69.61310000000002,31.81246925201438,1,1,7.142399500358407
1696253400,68.65,68.735,65.18,66.67,69.63310000000001,69.63310000000001,27.0227400624823,1,1,6.170799294969218
1696858200,66.42,67.825,65.95,66.8,69.65320000000001,69.65320000000001,27.7345410833954,1,1,10.773970919076449
1697463000,67.19,68.55,66.9106,67.27,69.67405000000002,69.67405000000002,30.37849364217149,1,1,15.455491157675672
1698067800,67.19,68.235,66.375,66.58,69.69070000000002,69.69070000000002,28.71736452679791,1,1,15.18799227225435
1698672600,66.83,69.34,66.83,68.75,69.72255000000001,69.72255000000001,39.85584417004336,0,0,21.14224310390153
1699281000,68.77,69.315,68.27,68.96,69.75405000000002,69.75405000000002,40.819594081710214,0,0,27.104237585929344
1699885800,68.9,70.59,68.84,69.49,69.78240000000001,69.78240000000001,43.28947406702304,0,0,37.425670694429385
1700490600,69.2,70.475,69.13,70.41,69.81650000000002,69.81650000000002,47.393709199570885,0,0,47.98161831459717
1701095400,70.34,70.98,69.57,70.95,69.85535,69.85535,49.69499405392349,0,0,59.334718522902826
1701700200,70.56,71.28,70.007,70.11,69.8846,69.8846,46.30185761865783,0,0,66.54636105812412
1702305000,70.5,72.47,70.385,71.24,69.91685000000001,69.91685000000001,51.13541354664862,0,0,71.88784933539223
1702909800,71.01,71.7,70.12,71.22,69.9497,69.9497,51.04783030618611,0,0,75.97857728159646
1703601000,71.07,72.065,71.07,72.03,70.0199,70.0199,54.4505201543406,0,0,85.60585276634659
1704205800,71.77,73.09,71.59,72.01,70.07225,70.07225,54.350063170855094,0,0,87.72131842163526
1704724200,72.02,72.995,71.98,72.8,70.15320000000001,70.15320000000001,57.671973461763265,0,0,92.08303567369381
1705415400,72.81,72.85,71.68,72.05,70.26145000000001,70.26145000000001,53.67836183446741,0,0,88.93235274767831
1705933800,71.74,72.74,71.56,72.63,70.35705000000002,70.35705000000002,56.204086570664614,0,0,91.20010873547722
1706538600,72.83,74.48,72.565,74.17,70.45115000000001,70.45115000000001,62.11137719996068,0,0,91.20322109153078
1707143400,74.19,74.24,73,73.11,70.52605,70.52605,56.46577976556255,0,0,89.01206190705143
1707748200,73.19,73.785,72.355,73.28,70.58995,70.58995,57.138651550471316,0,0,84.20330834907021
1708439400,73.8,75.16,73.68,74.78,70.67030000000001,70.67030000000001,62.627494264337976,0,0,83.45346280554605
1708957800,74.8,74.905,73.94,74.46,70.75450000000001,70.75450000000001,60.837587768058405,0,0,86.63307289449217
1709562600,74.17,75.83,74.15,75.16,70.83970000000001,70.83970000000001,63.30800004953715,0,0,89.88990597144429
1710163800,75.33,76.28,75.08,75.53,70.9304,70.9304,64.57985816789885,0,0,87.93207248376002
1710768600,74.89,76.265,74.89,75.64,71.02125000000001,71.02125000000001,64.9686346547019,0,0,88.6429894737468
1711373400,75.64,76.605,75.265,76.36,71.10690000000001,71.10690000000001,67.4843775874736,0,0,91.00289577931852
1711978200,76.35,76.46,73.9918,74.33,71.17645000000002,71.17645000000002,55.40358816530274,0,0,80.02995312897248
1712583000,74.2,74.694,73.295,73.38,71.25275,71.25275,50.81870849604769,0,0,62.18493062587262
1713187800,73.83,74.48,72.93,74.44,71.32685000000001,71.32685000000001,55.26692340707427,0,0,49.355797819623284
1713792600,74.59,76.475,74.255,75.59,71.41915,71.41915,59.54220478110812,0,0,57.68087215064412
1714397400,75.61,76.03,74.71,75.88,71.5036,71.5036,60.56572088719539,0,0,73.30282360714345
1715002200,76.05,77.71,75.43,77.62,71.59025000000001,71.59025000000001,66.10621473186438,0,0,87.04719152279347
1715607000,77.77,78.61,76.87,78.21,71.67335000000001,71.67335000000001,67.76028230511906,0,0,91.6218733696516
1716211800,78.19,78.19,76.86,77.1,71.74820000000001,71.74820000000001,61.663291659394176,0,0,88.44664553203769
1716903000,76.85,77.38,75.73,77.34,71.82140000000001,71.82140000000001,62.45001677627169,0,0,81.553817978481
1717421400,77.09,78.335,76.865,77.66,71.89215000000002,71.89215000000002,63.52482023594911,0,0,78.1103286384976
1718026200,77.78,77.8,76.355,76.95,71.95610000000002,71.95610000000002,59.4582832402764,0,0,77.23004694835682
1718631000,76.66,78.17,76.495,77.67,72.02295000000002,72.02295000000002,62.10736248151812,0,0,79.16666666666667
1719235800,77.27,78.01,76.375,76.58,72.07700000000001,72.07700000000001,56.12804747495377,0,0,72.82863849765259
1719840600,76.98,77.43,75.89,77.38,72.13620000000003,72.13620000000003,59.23041211175173,0,0,75.35211267605631
1720445400,77.44,77.86,76.89,77.45,72.20020000000002,72.20020000000002,59.50027964481516,0,0,74.06103286384975
1721050200,77.4,79.15,76.915,78.09,72.27220000000003,72.27220000000003,61.97834069152392,0,0,80.29357818939359
1721655000,78.27,78.88,77.28,78.49,72.34945000000003,72.34945000000003,63.48227341755639,0,0,83.01750602607656
1722259800,78.34,79.75,77.24,79.26,72.42525000000003,72.42525000000003,66.24978416143523,0,0,86.58427702242506
1722864600,79.12,79.395,77.44,79.15,72.49230000000003,72.49230000000003,65.48626064362337,0,0,87.63524760715774
1723469400,79.11,80.81,78.35,80.51,72.56400000000004,72.56400000000004,70.07783728425406,0,0,90.16112569262185
1724074200,80.6,82.2899,80.565,81.84,72.64625000000004,72.64625000000004,73.75500718753209,0,0,91.11575434832064
1724679000,81.93,82.765,81.69,82.51,72.74750000000003,72.74750000000003,75.39538942293503,0,0,94.53713948612365
1725370200,82.53,83.63,82.43,82.99,72.83700000000003,72.83700000000003,76.5273016094619,0,0,93.74939880642178
1725888600,83,83.995,82.08,83.93,72.91900000000004,72.91900000000004,78.60324476904006,0,0,95.76818619477444
1726493400,84.15,84.53,82.43,83.05,73.00175000000004,73.00175000000004,72.1683871589726,0,0,91.2665541433911
1727098200,82.44,83.5,82.38,83.02,73.08225000000003,73.08225000000003,71.9521325345726,0,0,88.19718147615022
1727703000,83.32,83.48,80.95,81.47,73.15145000000004,73.15145000000004,61.66991312339987,0,0,76.65895061728394
1728307800,81.5,81.72,80.475,81.64,73.22305000000004,73.22305000000004,62.30614533791912,0,0,69.7597521168638
1728912600,81.6,83.19,81.47,82.24,73.29460000000005,73.29460000000005,64.54313122368546,0,0,65.56129411081658
1729517400,82.21,82.39,80.99,81.06,73.36630000000005,73.36630000000005,57.33639663119292,0,0,61.50036589865383
1730122200,81.38,81.56,79.955,80.15,73.42980000000006,73.42980000000006,52.470654926961146,0,0,54.08200610003424
1730730600,80.27,81.21,79.355,80.82,73.49940000000005,73.49940000000005,55.46717373062908,0,0,46.66367424381672
1731335400,80.71,81.45,79.915,79.96,73.57105000000004,73.57105000000004,51.02075470546924,0,0,37.88075132329339
1731940200,80.14,81.91,79.525,81.84,73.65490000000004,73.65490000000004,58.796658359402855,0,0,40.5812940560422
1732545000,82.38,83.3,82.04,83.22,73.75055000000005,73.75055000000005,63.391087242523355,0,0,49.58569798164563
1733149800,83.14,83.285,82.045,82.38,73.83365000000005,73.83365000000005,59.07317055954063,0,0,60.38647342995165
1733754600,82.5,83.11,81.63,82.04,73.91540000000005,73.91540000000005,57.36978258888438,0,0,61.6747181964573
1734359400,82.07,82.48,79.35,79.94,73.99040000000005,73.99040000000005,48.13709333172506,0,0,40.57604188038972
1734964200,79.05,79.74,78.155,79.3,74.07040000000005,74.07040000000005,45.722096774659136,0,0,28.231969659146642
1735569000,78.96,79.14,78.045,78.33,74.13855000000004,74.13855000000004,42.26144840058573,0,0,12.685213751605126
1736173800,78.42,78.435,76.24,76.34,74.18950000000004,74.18950000000004,36.206817009169804,0,0,9.360703486584969
1736778600,76.4,77.4,75.805,77.24,74.24380000000004,74.24380000000004,40.36782094709145,0,0,8.602106080518782
1737469800,77.39,77.95,76.8,77.9,74.29040000000003,74.29040000000003,43.28912212875472,0,0,16.171498657272934
1737988200,78.69,80.16,78.6,78.98,74.34540000000004,74.34540000000004,47.79588679793705,0,0,29.8198799199466
1738593000,78.41,80.165,78.195,79.35,74.39755000000004,74.39755000000004,49.28290249877935,0,0,39.20391372025793
1739197800,79.56,81.49,79.06,80.61,74.45155000000004,74.45155000000004,54.079876685127196,0,0,51.25639315098951
1739889000,80.35,82.25,79.9,82.18,74.51460000000003,74.51460000000003,59.25162176071482,0,0,65.4881031798977
1740407400,81.85,83.88,81.62,83.08,74.58210000000003,74.58210000000003,61.90060769900024,0,0,79.75299666581991
1741012200,82.68,84.14,81.81,82.86,74.64320000000002,74.64320000000002,60.85910655504503,0,0,86.59755170411177
1741613400,82.99,84.35,78.88,79.51,74.68620000000003,74.68620000000003,47.698488975139455,0,0,72.69821331155748
1742218200,79.65,80.91,78.99,79.33,74.72775000000001,74.72775000000001,47.10901169381952,0,0,56.41798498111964
1742823000,79.03,81.1,78.425,80.41,74.77575000000003,74.77575000000003,51.02025559308942,0,0,46.16734932709186
1743427800,80.53,82.82,78.46,78.46,74.81045000000002,74.81045000000002,44.60631280964897,0,0,42.07138677589228
1744032600,76.6,80.86,75.605,80.35,74.85750000000002,74.85750000000002,51.031831465739515,0,0,46.407180987703576
1744637400,80.69,82.255,79.82,81.87,74.92285000000001,74.92285000000001,55.50228973983602,0,0,52.32377207271494
1745242200,81.94,82.71,80,80.84,74.97865000000002,74.97865000000002,52.03558431354,0,0,61.921097770154404
1745847000,80.91,82.15,79.79,81.56,75.03680000000003,75.03680000000003,54.1896057664364,0,0,66.5332570992949
1746451800,81.58,81.95,80.82,80.91,75.09060000000002,75.09060000000002,51.92259891785882,0,0,62.87402325138178
1747056600,80.97,82.07,79.26,82.07,75.14575000000002,75.14575000000002,55.50044630527452,0,0,67.5624166190204
1747661400,81.85,82.84,80.76,81.6,75.19675000000002,75.19675000000002,53.754930889179796,0,0,67.71488469601674
1748352600,81.9,83.19,81.4,82.83,75.25335000000001,75.25335000000001,57.52024453496444,0,0,75.03335239184294
1748871000,82.59,82.925,81.21,81.69,75.30710000000002,75.30710000000002,53.197023118889895,0,0,73.58490566037736
1749475800,81.56,82.155,80.77,80.96,75.34935000000002,75.34935000000002,50.57563807172018,0,0,71.1454164284353
1750080600,81.16,81.85,80.38,81.02,75.39065000000002,75.39065000000002,50.790276503307254,0,0,67.40283772037105
1750685400,80.53,81.48,79.975,80.55,75.43450000000003,75.43450000000003,48.99532647704137,0,0,65.94011909244301
1751290200,80.51,82.475,80.39,82.18,75.48125000000003,75.48125000000003,54.94253260885445,0,0,74.42320369149637
1751895000,82.1,82.1568,80.37,80.81,75.52590000000002,75.52590000000002,49.697423361576384,0,0,73.5003295978906
1752499800,80.83,81.4941,79.68,80.89,75.57355000000003,75.57355000000003,49.997609568857,0,0,65.5941176700812
1753104600,80.955,81.86,80.42,81.5,75.62795000000001,75.62795000000001,52.33342734874076,0,0,55.69852108671694
1753709400,81.07,81.49,79.65,80.16,75.68365000000001,75.68365000000001,47.12551194607699,0,0,40.45801526717549
1754314200,80.06,82.79,80.06,82.48,75.74580000000002,75.74580000000002,55.40074473567745,0,0,53.94402035623407
1754919000,82.52,82.795,81.65,82.02,75.80185000000002,75.80185000000002,53.609199027430165,0,0,58.35453774385067
1755523800,82.06,83.895,81.86,82.47,75.85775000000001,75.85775000000001,55.13758929129195,0,0,72.864648426378
1756128600,82.09,82.23,80.02,80.78,75.90540000000001,75.90540000000001,48.65447001379788,0,0,54.42655181818449
1756819800,80.92,81.28,79.905,80.87,75.94475000000001,75.94475000000001,48.998392514989185,0,0,40.59678052610914
1757338200,80.78,80.845,79.54,80.32,75.98215,75.98215,46.92963317186207,0,0,24.4232313110536
1757943000,80.29,80.74,79.31,79.38,76.01880000000001,76.01880000000001,43.54568925532726,0,0,16.05895302526906
1758547800,78.54,78.93,77.485,77.96,76.04880000000001,76.04880000000001,38.97381675657987,0,0,8.949153910100643
1759152600,78.09,78.54,77.575,78.03,76.08110000000002,76.08110000000002,39.312072846378804,0,0,5.813118020903976
1759757400,77.86,78.77,77.16,78.1,76.10065000000002,76.10065000000002,39.67217998510925,0,0,9.956525952203615
1760362200,77.73,79.78,77.44,79.73,76.12330000000001,76.12330000000001,47.48624073826843,0,0,20.20605100373284
1760967000,79.895,80.25,78.99,79.09,76.14250000000001,76.14250000000001,45.02050480242437,0,0,26.924028705765963
1761571800,79.3,79.33,75.81,76.28,76.13835,76.13835,36.14590288190114,0,0,24.20945971693672
1762180200,76.12,76.85,75.16,76.71,76.13480000000001,76.13480000000001,38.15495072932413,0,0,17.40473759776522
1762785000,76.48,77.79,75.925,77.26,76.13595000000001,76.13595000000001,40.723925640975125,0,0,15.866384367488322
1763389800,77.28,78.4,76.225,77.9,76.14565000000002,76.14565000000002,43.65683171885776,0,0,24.384659416142018
1763994600,77.8,79.39,76.895,79.37,76.16410000000002,76.16410000000002,49.800656269604254,0,0,38.318885449752024
1764599400,79.26,79.55,78.01,78.46,76.17695000000002,76.17695000000002,46.42572468728489,0,0,48.27900382261151
1765204200,78.31,79.46,77.65,79.42,76.19780000000002,76.19780000000002,50.25563269654351,0,0,62.80099629217485
1765809000,79.63,79.97,78.755,78.78,76.21155,76.21155,47.80220431075999,0,0,64.57671917936374
1766413800,77.97,78.41,77.38,78.23,76.22315000000002,76.22315000000002,45.73581356360891,0,0,66.7076435857996
1767018600,78.17,78.48,77.3,77.69,76.23225000000002,76.23225000000002,43.73674919352707,0,0,58.29806611224959
1767623400,77.56,79.335,76.51,79.25,76.27130000000002,76.27130000000002,50.47176669331568,0,0,63.4577603143419
1768228200,79.53,82.51,79.255,82.11,76.31090000000003,76.31090000000003,59.93968293877713,0,0,74.87225407517295
1768919400,81.95,82.94,81.445,82.91,76.35025000000003,76.35025000000003,62.12095211375641,0,0,91.50861786458142
1769437800,83.05,83.51,81.95,83.51,76.38455000000003,76.38455000000003,63.71664132464967,0,0,98.05740633871369
1770042600,83.76,88.09,83.29,87.94,76.43065000000003,76.43065000000003,72.82053720641255,0,0,99.48476769315494
1770647400,87.91,90.055,86.73,89.51,76.48400000000002,76.48400000000002,75.19586972048269,0,0,98.3276218124815
1771338600,89.63,90.14,87.175,87.89,76.52725000000004,76.52725000000004,68.53968040814016,0,0,92.93775476253539
1771857000,87.68,90.06,87.68,90.01,76.58910000000003,76.58910000000003,72.02903180771168,0,0,93.00652622169896
1772461800,89.44,89.79,84.62,85.78,76.63440000000003,76.63440000000003,58.16647051035249,0,0,83.62945307722438
1773063000,85.27,86.485,83.69,84.74,76.67335000000004,76.67335000000004,55.34613450459234,0,0,75.81315725116166
1773667800,85.21,85.675,81.06,81.29,76.72630000000002,76.72630000000002,47.17454889532993,0,0,54.48764979212521
1774272600,81.78,82.3151,80.51,81.78,76.76020000000003,76.76020000000003,48.341158037374115,0,0,44.705306921007576
1774877400,81.905,82.605,80.92,81.89,76.80055000000003,76.80055000000003,48.61550210070222,0,0,37.73538762533627
1775482200,81.86,83.6393,80.97,82.37,76.85280000000003,76.85280000000003,49.86665621396716,0,0,40.376620200538035
1776087000,82.135,82.54,80.455,82.46,76.92095000000003,76.92095000000003,50.111935740494914,0,0,37.303113218261615
1776691800,82.55,83.86,81.735,83.23,76.97285000000004,76.97285000000004,52.26380236209903,0,0,33.69671388933945
1777296600,83.097,85.0556,82.27,84.17,77.02760000000004,77.02760000000004,54.825533461874365,0,0,32.15167691958303
1777901400,83.535,84.8,83.135,84.18,77.08400000000003,77.08400000000003,54.85329021436214,0,0,35.15745998967483
1778506200,84.08,85.59,82.825,84.64,77.14250000000004,77.14250000000004,56.18688016597149,0,0,40.01032524522463
1779111000,84.75,86.695,83.44,84.8,77.20050000000003,77.20050000000003,56.66635767236772,0,0,42.17862674238517
1779802200,84.79,85.16,82.85,82.91,77.24260000000004,77.24260000000004,49.74151974235739,0,0,37.87798204611316
1780320600,82.505,84.39,81.48,83.44,77.28660000000004,77.28660000000004,51.53028571004003,0,0,34.133075884452545
1780925400,82.97,85.96,82.93,85.82,77.33815000000003,77.33815000000003,58.64780299560732,0,0,47.837867085049105
1781530200,85.472,86.35,83.125,83.3,77.37010000000004,77.37010000000004,50.236127803053705,0,0,54.51564853345784
1782135000,82.66,85.2194,82.15,84.71,77.42140000000003,77.42140000000003,54.194793665178466,0,0,66.58653846153845
1782739800,84.905,85.135,82.77,84.99,77.48355000000004,77.48355000000004,54.961002225581865,0,0,62.15277777777777
1783344600,84.8,85.958,83.115,83.15,77.52940000000004,77.52940000000004,49.143426259163476,0,0,61.35149572649576