time,open,high,low,close,Reversal Support,Reversal Robust Fit,Reversal Resistance,Fast Trackline,Slow Trackline,Reversal Support,Reversal Robust Fit,Reversal Resistance,Fast Trackline,Slow Trackline,Reversal Support,Reversal Robust Fit,Reversal Resistance,Fast Trackline,Slow Trackline,SRI Bias Histogram
1749835800,377.74,383.55,374,383.15,372.28425489096213,416.58374117647077,460.8832274619794,380.7401248342051,335.02926136904335,354.099499413517,371.396682352941,371.396682352941,383.73347440516517,388.8471541441077,379.5710808368189,388.35510588235303,397.13913092788715,383.73347440516517,388.9081072410162,-10
1750080600,387.63,388.15,377.48,381.37,372.28425489096213,416.58374117647077,460.8832274619794,380.7401248342051,335.02926136904335,354.3971768757846,371.49423529411746,371.49423529411746,383.73347440516517,388.8471541441077,379.15283233243264,387.4454117647059,387.4454117647059,383.73347440516517,388.9081072410162,-10
1750095000,381.38,383.1,378.14,382.15,371.98952317347255,414.8216705882352,457.6538180029978,380.7401248342051,335.02926136904335,355.2098264673852,371.9284941176471,371.9284941176471,383.73347440516517,388.8471541441077,378.93753083374,387.03051764705856,387.03051764705856,383.73347440516517,388.9081072410162,-15
1750167000,375.255,378.48,367.12,371.11,371.98952317347255,414.8216705882352,457.6538180029978,380.7401248342051,335.02926136904335,354.73215047571694,371.3623999999997,371.3623999999997,379.9221504613723,388.8471541441077,376.39772115338155,384.44959999999975,384.44959999999975,379.9221504613723,388.9081072410162,-10
1750181400,371.04,376.63,367.5,375.2,371.11972502112735,412.72861176470616,412.72861176470616,380.7401248342051,335.02926136904335,354.42222709985066,370.98602352941214,370.98602352941214,379.9221504613723,388.8471541441077,374.8996927079145,382.33216470588224,382.33216470588224,379.9221504613723,388.9081072410162,-5
1750253400,371.44,374.77,367.77,369.7,371.11972502112735,412.72861176470616,412.72861176470616,380.7401248342051,335.02926136904335,354.43019500019767,370.69214117647044,370.69214117647044,379.9221504613723,388.8471541441077,372.6115751435404,379.8156470588234,379.8156470588234,379.9221504613723,388.9081072410162,-10
1750267800,369.69,372.15,367.43,369.09,369.80173698736763,408.9472941176471,408.9472941176471,380.7401248342051,335.02926136904335,355.01667204959284,370.69044705882357,370.69044705882357,378.22543032483094,388.8471541441077,369.83443337849087,377.2776705882352,377.2776705882352,378.22543032483094,388.9081072410162,-15
1750426200,372.5,376.1,366.16,367.66,369.80173698736763,408.9472941176471,408.9472941176471,380.7401248342051,335.02926136904335,354.9968124260776,370.37148235294103,370.37148235294103,378.22543032483094,388.8471541441077,367.2967206037532,374.9078588235291,374.9078588235291,378.22543032483094,388.9081072410162,-15
1750440600,367.57,371.45,365.11,369.92,369.38467304298393,403.7730117647061,403.7730117647061,380.7401248342051,335.02926136904335,355.6313915537803,370.4649176470588,370.4649176470588,376.444019833693,388.8471541441077,366.1082288207618,373.8322352941178,373.8322352941178,376.444019833693,388.9081072410162,-5
1750685400,362.47,370.3,358.8,368.055,369.38467304298393,403.7730117647061,403.7730117647061,380.1342946035827,335.02926136904335,355.4776497755118,370.1211411764708,370.1211411764708,375.66793789162665,388.8471541441077,364.69237807985587,372.59622352941153,372.59622352941153,375.66793789162665,388.9081072410162,-10
1750699800,368.27,370,365.96,367.23,367.7467014296958,400.4494588235293,400.4494588235293,379.4204164176125,335.02926136904335,354.74307278727855,369.4220235294116,369.4220235294116,375.221334202474,385.75541244240026,363.06330495507734,371.21707058823546,371.21707058823546,375.221334202474,385.70580989123346,-40
1750771800,373.665,384.22,371,380.39,367.7467014296958,400.4494588235293,400.4494588235293,379.4204164176125,335.02926136904335,355.8729941154709,370.1725294117644,384.4720647080579,375.221334202474,385.75541244240026,363.4581557187142,371.605258823529,379.7523619283439,375.221334202474,385.70580989123346,-10
1750786200,380.51,383.25,375.7,377.13,367.3657433375141,396.743694117647,396.743694117647,379.4204164176125,335.02926136904335,356.3917462434787,370.4833647058826,370.4833647058826,375.221334202474,385.75541244240026,363.300733101866,371.42662352941176,379.5525139569575,375.221334202474,385.70580989123346,-25
1750858200,384.915,388.6,379.37,384.81,367.3657433375141,396.743694117647,396.743694117647,379.4204164176125,335.02926136904335,358.42478465494753,371.89154117647064,385.35829769799375,375.221334202474,385.75541244240026,363.5997701417827,371.5630705882348,379.52637103468686,375.221334202474,385.70580989123346,-20
1750872600,384.71,389.49,382.73,388.52,367.3970844907487,394.8018117647056,422.20653903866247,379.4204164176125,335.02926136904335,361.0376394842028,373.74465882352916,386.4516781628555,379.6093887574295,385.75541244240026,364.6069314002088,372.74902352941143,380.89111565861407,379.6093887574295,385.70580989123346,-20
1750944600,386.19,392.68,384.39,386.22,367.3970844907487,394.8018117647056,422.20653903866247,379.4204164176125,335.02926136904335,363.8115744946333,375.5529294117642,387.29428432889506,379.6093887574295,385.75541244240026,365.12730606901863,373.2851411764704,381.4429762839222,379.6093887574295,385.70580989123346,-10
1750959000,386.17,388.44,384.15,386.49,367.14483687127944,392.9368941176473,418.72895136401513,379.4204164176125,335.02926136904335,367.0276905443118,377.5373411764702,388.0469918086286,379.93640468296917,385.75541244240026,366.71266406192154,374.83725882352917,382.9618535851368,379.93640468296917,385.70580989123346,-15
1751031000,385.225,397.98,383.4,394.18,367.14483687127944,392.9368941176473,418.72895136401513,379.4204164176125,335.02926136904335,369.1358239566983,379.47090588235255,389.8059878080068,385.8512366909275,385.75541244240026,369.91580792077633,378.0853529411764,386.25489796157643,385.8512366909275,385.70580989123346,10
1751045400,394.09,395.14,383.69,383.69,366.74297363954724,390.6675529411765,414.59213224280575,379.4204164176125,335.02926136904335,370.9223799768881,380.7319058823527,390.54143178781726,385.8512366909275,385.75541244240026,371.70232948370756,379.7441764705881,387.7860234574687,385.8512366909275,385.70580989123346,-15
1751290200,389.6,405.18,384.33,402.41,366.74297363954724,390.6675529411765,414.59213224280575,379.4204164176125,335.02926136904335,373.9817922716204,383.61631764705885,393.2508430224973,386.6184691568508,385.75541244240026,374.9768046109196,383.54827058823525,392.1197365655509,386.6184691568508,385.70580989123346,10
1751304600,402.47,407.37,399.53,404.33,367.748813787698,389.8437882352939,411.93876268288983,389.16106193024143,335.02926136904335,376.5452481781812,386.40618823529417,396.2671282924071,394.29214993136145,385.75541244240026,378.28270489705574,387.8870470588234,397.49138922059103,394.29214993136145,385.70580989123346,10
1751376600,395.7,397.81,376.81,380.3,367.748813787698,389.8437882352939,411.93876268288983,389.16106193024143,335.02926136904335,376.60600254834003,386.46765882352895,386.46765882352895,391.52142368833773,385.75541244240026,378.73975346809016,388.2976352941177,388.2976352941177,391.52142368833773,385.70580989123346,-10
1751391000,380.41,382.14,372.93,373.21,366.4891787871274,386.6221882352944,386.6221882352944,389.16106193024143,335.02926136904335,375.8163421129441,385.6137411764709,385.6137411764709,387.46857450678107,385.75541244240026,378.5603801775482,388.06448235294135,388.06448235294135,387.46857450678107,385.70580989123346,-15
1751463000,382.98,398.025,379.9,396.74,366.4891787871274,386.6221882352944,386.6221882352944,389.16106193024143,335.02926136904335,376.6438716882741,386.68629411764715,396.7287165470202,387.46857450678107,385.75541244240026,379.89769254157545,389.6942941176469,399.49089569371836,387.46857450678107,385.70580989123346,10
1751477400,396.79,405.26,394.41,402.28,367.4941160250208,385.54119999999995,403.5882839749791,389.16106193024143,335.02926136904335,377.6737604464143,388.14188235294137,398.61000425946844,391.06514872740075,385.75541244240026,382.1552776671265,392.8738,403.59232233287355,391.06514872740075,385.70580989123346,10
1751549400,400.61,414.66,400.28,403.92,368.1537446272338,385.4049176470587,402.65609066688364,389.16106193024143,335.02926136904335,378.61074410259175,389.32690588235255,400.04306766211334,392.3635210965853,385.75541244240026,384.87305998707603,396.5962235294118,408.3193870717476,392.3635210965853,385.70580989123346,10
1751895000,402.67,405.61,396.1,402.14,368.1537446272338,385.4049176470587,402.65609066688364,389.16106193024143,335.02926136904335,379.4501421890515,390.2871058823529,401.12406957565423,392.3635210965853,385.75541244240026,387.16769345958943,399.5100352941178,411.8523771286462,392.3635210965853,385.70580989123346,0
1751909400,402.11,403.2,395.33,395.75,368.25442324279777,384.58717647058836,400.91992969837895,389.16106193024143,335.02926136904335,380.0777870258354,391.00954117647035,401.9412953271053,392.3635210965853,385.75541244240026,388.9287350847656,401.5830235294119,414.2373119740582,392.3635210965853,385.70580989123346,10
1751981400,399.49,402.19,393.17,397.58,368.25442324279777,384.58717647058836,400.91992969837895,389.16106193024143,335.02926136904335,380.7219093148219,391.72915294117644,402.73639656753096,392.3635210965853,385.75541244240026,389.845028892414,402.39787058823543,414.95071228405686,392.3635210965853,385.70580989123346,10
1751995800,397.43,399.49,395.3,396.8,368.3895816116383,383.93494117647043,399.4803007413026,389.16106193024143,335.02926136904335,381.2143151714472,391.98121176470596,402.7481083579647,392.3635210965853,385.75541244240026,390.7651621000369,403.34619999999984,415.9272378999628,392.3635210965853,385.70580989123346,10
1752067800,401.71,406,396,401.97,368.3895816116383,383.93494117647043,399.4803007413026,389.16106193024143,335.02926136904335,381.9658995936329,392.83254117647095,403.699182759309,393.0587485530166,385.75541244240026,392.1494949242009,404.8132823529412,417.4770697816815,393.0587485530166,385.70580989123346,10
1752082200,401.71,416.35,401.3,415.54,369.5568984165466,385.34199999999976,401.12710158345294,389.9380785780324,335.02926136904335,383.2302022522066,394.8372588235297,406.44431539485277,403.1775433952031,385.75541244240026,394.2103688691481,407.29034117647035,420.3703134837926,403.1775433952031,385.70580989123346,15
1752154200,412.5,419.5,411.26,419.47,369.5568984165466,385.34199999999976,401.12710158345294,400.12107296531576,335.02926136904335,384.58263264563436,397.0081411764706,409.4336497073068,404.98726956014957,385.75541244240026,396.46155042072473,410.0646235294116,423.6676966380985,404.98726956014957,385.70580989123346,10
1752168600,419.34,422.4,416.88,421.74,370.94298081462915,387.1522823529409,403.3615838912527,406.1424248963647,335.02926136904335,386.57851214983145,399.9642941176469,413.3500760854623,412.14739059012896,394.9243587746168,398.8607743589324,412.9873529411763,427.1139315234202,412.14739059012896,395.0052449450359,60
1752240600,430.74,438.85,423.41,431.76,370.94298081462915,387.1522823529409,403.3615838912527,412.2172516894815,335.02926136904335,388.69913905376524,403.50327058823524,418.30740212270524,419.7125769765483,394.9243587746168,401.77992513793515,416.89557647058814,432.0112278032411,419.7125769765483,395.0052449450359,25
1752255000,431.77,435,425.92,434.58,372.9792544846832,390.32404705882334,407.66883963296345,414.8781622830899,347.4632901276991,390.8647514948505,407.064082352941,423.2634132110315,420.12584971482386,407.1654760050013,404.5681261222046,420.1779058823527,435.78768564250083,420.12584971482386,407.09415602039047,45
1752499800,447.07,456.44,440.65,448.7,372.9792544846832,390.32404705882334,407.66883963296345,428.83543640572634,347.4632901276991,393.13991765914636,411.32924705882334,429.5185764585003,434.13828902090785,407.1654760050013,408.2650959347372,426.054305882353,443.8435158299688,434.13828902090785,407.09415602039047,25
1752514200,448.82,451.98,445,451.24,375.3690180540906,394.5937176470586,413.81841724002663,433.5307623767459,347.4632901276991,395.5157061492392,415.5017764705886,435.487846791938,438.60843330136106,423.9200848617869,412.1226971013903,431.75456470588256,451.3864323103748,438.60843330136106,423.9381448760768,45
1752586200,445.05,456.66,441.04,448.13,375.3690180540906,394.5937176470586,413.81841724002663,433.5307623767459,347.4632901276991,397.76535075025754,419.0052941176471,440.2452374850367,438.60843330136106,423.9200848617869,415.7242388543023,436.5827058823533,457.4411729104043,438.60843330136106,423.9381448760768,25
1752600600,448.15,451.3,441.25,441.91,377.67188009620713,398.07983529411706,418.487790492027,433.5307623767459,347.4632901276991,399.93467023333824,422.08942352941204,444.24417682548585,438.60843330136106,424.3664359430879,419.0238575227048,440.7486588235292,462.47346012435355,438.60843330136106,424.4061345277857,75
1752672600,448.48,455.04,445.6,453.5,377.67188009620713,398.07983529411706,418.487790492027,433.85062862307245,347.4632901276991,402.4276907596486,425.8900000000002,449.3523092403518,439.65336915513905,424.3664359430879,422.9161348346477,445.89825882352926,468.8803828124108,439.65336915513905,424.4061345277857,40
1752687000,453.59,457.22,450.45,455.86,380.7755378057236,402.989129411764,425.2027210178044,439.05629800713865,347.4632901276991,405.3964848212645,430.29231764705867,455.18815047285284,446.29637442458414,429.03227623286733,426.70789340870886,450.7143764705883,474.7208595324678,446.29637442458414,429.06069634722957,60
1752759000,451.57,456.03,446.6,450.53,380.7755378057236,402.989129411764,425.2027210178044,439.05629800713865,347.4632901276991,408.2461461968209,434.220870588235,460.1955949796491,446.29637442458414,429.03227623286733,430.1178877115588,454.8700705882351,479.62225346491135,446.29637442458414,429.06069634722957,40
1752773400,450.68,455.38,448.82,451.47,383.52420594628495,407.08597647058775,430.64774699489055,439.05629800713865,347.4632901276991,411.01628693331,437.9978941176465,464.979501301983,446.29637442458414,430.5599707876625,433.05625768217993,458.0144470588235,482.9726364354671,446.29637442458414,430.5685037509989,60
1752845400,451.88,454.34,426.41,428.54,383.52420594628495,407.08597647058775,430.64774699489055,439.05629800713865,347.4632901276991,412.64555216634346,439.8974352941179,467.1493184218923,442.59657267991645,430.5599707876625,433.2888712320722,457.95592941176494,457.95592941176494,442.59657267991645,430.5685037509989,10
1752859800,428.52,429.77,422.31,423.12,384.9857364279606,408.8096941176463,432.633651807332,439.05629800713865,377.2409122614349,413.8133022600118,441.19587058823544,441.19587058823544,437.18467463135096,430.5599707876625,432.91395817448176,457.36974117647065,457.36974117647065,437.18467463135096,430.5685037509989,25
1753104600,430,437,425.55,431.2,384.9857364279606,408.8096941176463,432.633651807332,439.05629800713865,377.2409122614349,415.33784185635693,442.9611764705887,470.5845110848205,437.18467463135096,430.5599707876625,432.59871637560474,455.72296470588253,455.72296470588253,437.18467463135096,430.5685037509989,10
1753119000,431.37,433.86,425.02,425.96,386.78131754877364,410.9576941176466,435.1340706865196,439.05629800713865,377.2409122614349,416.5820895967595,444.3542000000001,472.1263104032407,437.18467463135096,430.5599707876625,431.62329174497876,452.65960000000024,452.65960000000024,437.18467463135096,430.5685037509989,15
1753191000,428.845,433.9,413.6,422.46,386.78131754877364,410.9576941176466,435.1340706865196,439.05629800713865,377.2409122614349,417.2626361191093,444.97336470588243,444.97336470588243,434.640115116511,430.5599707876625,429.76877373564423,449.53912941176486,449.53912941176486,434.640115116511,430.5685037509989,10
1753205400,422.4,430.2,422.21,426.23,389.5068463376264,413.9114823529405,438.31611836825454,439.05629800713865,377.2409122614349,418.06156069932865,445.69841176470624,473.3352628300838,434.640115116511,430.5599707876625,428.6454879862555,447.8341647058822,447.8341647058822,434.640115116511,430.5685037509989,15
1753277400,422.83,423.97,406.1,409.82,389.5068463376264,413.9114823529405,438.31611836825454,436.5766415011297,377.2409122614349,417.7800927685563,445.2564705882357,445.2564705882357,428.01299609128154,430.5599707876625,424.7343343467004,443.6786117647059,443.6786117647059,428.01299609128154,430.5685037509989,-10
1753291800,409.765,413.21,407.58,412.8,391.47894060426836,415.8368941176469,440.1948476310255,425.31830996533466,377.2409122614349,417.6254747518813,444.91196470588227,444.91196470588227,421.0777820847614,430.5599707876625,420.6705175200787,439.18640000000005,439.18640000000005,421.0777820847614,430.5685037509989,-5
1753363800,414.39,415.4,406.15,413.63,391.47894060426836,415.8368941176469,440.1948476310255,425.31830996533466,377.2409122614349,417.49009981362633,444.5891529411765,444.5891529411765,421.0777820847614,430.5599707876625,416.658717390732,434.38242352941205,434.38242352941205,421.0777820847614,430.5685037509989,-10
1753378200,413.68,419.95,413.39,414.87,393.03970775662833,417.49971764705856,441.9597275374888,425.31830996533466,377.2409122614349,417.19560482799835,443.84695294117637,443.84695294117637,421.0777820847614,430.5599707876625,413.21999063577334,429.9236941176471,429.9236941176471,421.0777820847614,430.5685037509989,-5
1753450200,405.7,408.02,402.22,406.23,393.03970775662833,417.49971764705856,441.9597275374888,419.6229617324491,377.2409122614349,416.23659618914695,442.4945176470589,442.4945176470589,415.0298216429457,430.5599707876625,407.4046243978318,423.4968235294117,423.4968235294117,415.0298216429457,430.5685037509989,-10
1753464600,406.12,410.9,405.31,405.74,394.856979014783,419.10621176470596,419.10621176470596,419.6229617324491,377.2409122614349,415.1202239916434,440.81102352941207,440.81102352941207,415.0298216429457,427.7708550379165,402.0706266400491,417.89376470588206,417.89376470588206,415.0298216429457,427.7131465163517,-35
1753709400,416.7,417.06,404.57,406.21,394.856979014783,419.10621176470596,419.10621176470596,419.6229617324491,377.2409122614349,413.9852633017213,439.054823529412,439.054823529412,415.0298216429457,427.7708550379165,396.9483899330841,413.0492941176473,413.0492941176473,415.0298216429457,427.7131465163517,-20
1753723800,406.14,407.42,403.47,403.75,396.28452505234793,420.39301176470605,420.39301176470605,418.16482395269344,377.2409122614349,412.59179923670644,436.9630705882353,436.9630705882353,413.4341763881022,427.7708550379165,391.5658972770698,408.2179529411765,408.2179529411765,413.4341763881022,427.7131465163517,-15
1753795800,405.93,407.09,390.49,395.75,396.28452505234793,420.39301176470605,420.39301176470605,418.16482395269344,377.2409122614349,410.47233861731854,434.25562352941176,434.25562352941176,404.131101069333,427.7708550379165,384.5160227043375,402.40592941176493,402.40592941176493,404.131101069333,427.7131465163517,-20
1753810200,395.72,400.8,393.32,394.65,396.1010651735542,420.21178823529425,420.21178823529425,411.6999757551285,377.2409122614349,408.21122376452075,431.3273882352936,431.3273882352936,403.46130653427184,423.5873637826933,378.64905697712095,397.65898823529415,397.65898823529415,403.46130653427184,423.67414163909916,-40
1753882200,396.38,403.77,394.38,402.39,396.1010651735542,420.21178823529425,420.21178823529425,411.6999757551285,377.2409122614349,406.6113521926575,428.90456470588214,428.90456470588214,403.46130653427184,423.5873637826933,374.7635297892007,394.3306352941175,394.3306352941175,403.46130653427184,423.67414163909916,-10
1753896600,402.49,404.36,392.58,395.07,396.0677330524742,420.17644705882395,420.17644705882395,411.6999757551285,377.2409122614349,404.3841729626001,426.35703529411745,426.35703529411745,402.68730284062207,420.63540922678663,371.3353222584745,391.31611764705883,391.31611764705883,402.68730284062207,420.60098866487783,-40
1753968600,398.84,410.53,397.03,406.52,396.0677330524742,420.17644705882395,420.17644705882395,411.6999757551285,377.2409122614349,403.11605120293734,424.53362352941133,424.53362352941133,402.68730284062207,420.63540922678663,371.3437858860526,390.8159764705881,390.8159764705881,402.68730284062207,420.60098866487783,-10
1753983000,406.31,410.8,401.65,401.72,397.2226251991576,421.2266588235297,421.2266588235297,411.6999757551285,377.2409122614349,401.46843977429114,422.5755529411767,422.5755529411767,402.68730284062207,420.63540922678663,370.7082756457486,389.8761882352942,389.8761882352942,402.68730284062207,420.60098866487783,-15
1754055000,390.39,392.58,373.59,374.72,397.2226251991576,421.2266588235297,421.2266588235297,404.8456104005194,377.2409122614349,397.1184744424911,418.62962352941156,418.62962352941156,394.99066934494243,420.63540922678663,364.9361596913477,385.24199999999996,385.24199999999996,394.99066934494243,420.60098866487783,-20
1754069400,374.64,376.24,365.73,366.59,395.52276014122236,419.7085647058821,419.7085647058821,388.38020965762513,377.2409122614349,391.83311741390344,413.9928941176469,413.9928941176469,383.7149138739554,410.276347751668,359.7460833364425,380.7790588235294,380.7790588235294,383.7149138739554,410.19774022634874,-40
1754314200,372.77,387.72,366.21,385.86,395.52276014122236,419.7085647058821,419.7085647058821,388.38020965762513,377.2409122614349,388.7347982041548,410.9094117647059,410.9094117647059,383.7149138739554,410.276347751668,359.7129144312253,379.6911529411766,379.6911529411766,383.7149138739554,410.19774022634874,-25
1754328600,385.67,390.01,384.18,389.19,395.31465570836093,419.4952000000003,419.4952000000003,388.38020965762513,377.2409122614349,386.1267281969835,408.3935764705883,408.3935764705883,383.7149138739554,408.0980300551203,361.07355944232796,379.66964705882367,379.66964705882367,383.7149138739554,408.06933021018096,-45
1754400600,384.05,388.31,375.1,377.49,395.31465570836093,419.4952000000003,419.4952000000003,388.38020965762513,377.2409122614349,382.1197241445706,404.56141176470595,404.56141176470595,383.7149138739554,408.0980300551203,361.5357653915996,378.6872941176471,378.6872941176471,383.7149138739554,408.06933021018096,-25
1754415000,377.23,378.79,373.35,375.39,393.78222791437065,418.11430588235294,418.11430588235294,388.38020965762513,377.2409122614349,378.3436020296453,401.3295764705881,401.3295764705881,383.7149138739554,406.2267421940403,358.7967254129506,376.15192941176474,376.15192941176474,383.7149138739554,406.2108066237395,-45
1754487000,374.75,380.74,373.03,380.24,393.78222791437065,418.11430588235294,418.11430588235294,388.38020965762513,377.2409122614349,375.23426087034056,398.61470588235284,398.61470588235284,383.7149138739554,406.2267421940403,356.7239926911571,374.1443529411761,374.1443529411761,383.7149138739554,406.2108066237395,-25
1754501400,380.28,384.42,379.5,383.38,392.0900440516978,416.2091764705881,416.2091764705881,388.38020965762513,377.2409122614349,371.93578635202846,395.2391294117646,395.2391294117646,383.7149138739554,401.8772606087517,357.0617295575101,373.72068235294097,373.72068235294097,383.7149138739554,401.8557490077581,-45
1754573400,387.93,406.25,387.14,400.51,392.0900440516978,416.2091764705881,416.2091764705881,388.38020965762513,377.2409122614349,370.1807398786161,392.90279999999973,415.62486012138334,385.7340678633907,401.8772606087517,360.5751724596292,376.15181176470554,391.7284510697819,385.7340678633907,401.8557490077581,-10
1754587800,400.85,405,396.7,402.18,391.91130580432826,415.8231764705886,439.7350471368489,388.38020965762513,377.2409122614349,368.90966886499643,391.57310588235293,414.23654289970943,391.2733034128216,401.8772606087517,364.0317713192116,378.7579764705879,393.4841816219642,391.2733034128216,401.8557490077581,-20
1754659800,397.61,409.65,389.05,393.75,391.91130580432826,415.8231764705886,439.7350471368489,388.38020965762513,377.2409122614349,367.03175614720493,389.79764705882366,389.79764705882366,391.2733034128216,401.8772606087517,367.81388972751535,381.1775294117647,394.541169096014,391.2733034128216,401.8557490077581,-20
1754674200,393.69,395.73,391.12,395.3,391.02958149020935,414.5148235294118,414.5148235294118,388.38020965762513,377.2409122614349,365.3725730722585,388.2282117647063,388.2282117647063,391.2733034128216,401.8772606087517,369.3463736360492,382.3110588235294,395.2757440110096,391.2733034128216,401.8557490077581,-25
1754919000,403.77,414.15,402.83,405.5,391.02958149020935,414.5148235294118,414.5148235294118,390.5179271522131,377.2409122614349,364.56661244112223,387.3998588235298,410.2331052059374,396.2326361030398,401.8772606087517,372.7898913220565,385.59480000000025,398.399708677944,396.2326361030398,401.8557490077581,-10
1754933400,405.3,406.62,398.94,400.25,390.58620904567874,413.7865647058822,413.7865647058822,390.5179271522131,377.2409122614349,363.1204232582365,385.9003529411765,408.6802826241165,396.2326361030398,401.8772606087517,375.5449803677979,387.893929411765,400.24287845573207,396.2326361030398,401.8557490077581,-15
1755005400,400.61,401.6,390.12,394.2,390.58620904567874,413.7865647058822,413.7865647058822,390.5179271522131,377.2409122614349,361.16742322729596,383.9936941176472,383.9936941176472,396.2326361030398,401.8772606087517,378.3293087379094,389.8579764705885,389.8579764705885,396.2326361030398,401.8557490077581,-10
1755019800,394.225,395.68,391.3,394.56,389.61118641096607,412.47080000000017,412.47080000000017,390.5179271522131,377.2409122614349,359.23450926970406,382.0917411764707,382.0917411764707,396.2326361030398,401.8772606087517,379.48496279795575,390.78663529411796,390.78663529411796,396.2326361030398,401.8557490077581,-15
1755091800,397.5,399.48,383.5,388.64,389.61118641096607,412.47080000000017,412.47080000000017,390.5179271522131,377.2409122614349,356.89903372555494,379.9421882352942,379.9421882352942,396.2326361030398,401.8772606087517,379.93327081320393,390.93367058823526,390.93367058823526,396.2326361030398,401.8557490077581,-10
1755106200,388.56,390.57,384.1,389.99,388.2724560736546,410.8752000000002,410.8752000000002,390.5179271522131,377.2409122614349,355.2483010203548,378.47162352941206,378.47162352941206,396.2326361030398,401.8772606087517,380.76325904049844,391.39108235294117,391.39108235294117,396.2326361030398,401.8557490077581,-15
1755178200,380,380.98,365,371.49,388.2724560736546,410.8752000000002,410.8752000000002,390.5179271522131,377.2409122614349,351.95867219001565,375.78190588235327,375.78190588235327,380.7430538141491,401.8772606087517,378.096743435666,389.1776705882353,389.1776705882353,380.7430538141491,401.8557490077581,-10
1755192600,371.4,375.54,367.57,373.01,385.7017199424803,408.5276235294119,408.5276235294119,387.5584077371586,377.2409122614349,349.1109720380664,373.4139058823531,373.4139058823531,380.7430538141491,399.05415723514284,375.38352399896905,386.9190352941174,386.9190352941174,380.7430538141491,399.00886401265467,-40
1755264600,372.02,372.6,360.01,365.11,385.7017199424803,408.5276235294119,408.5276235294119,384.6885214702187,377.2409122614349,346.1224330062439,370.94795294117665,370.94795294117665,373.5646298413659,399.05415723514284,370.5861610491944,383.223176470588,383.223176470588,373.5646298413659,399.00886401265467,-25
1755279000,365.23,368.99,364.92,366.4,382.2423401841759,405.3269176470591,405.3269176470591,380.5057699366316,377.2409122614349,343.68657079137523,368.85178823529407,368.85178823529407,373.5646298413659,390.30656028977546,368.089587379905,381.0748705882353,381.0748705882353,373.5646298413659,390.26965944032224,-45
1755523800,359.71,367.55,358.01,366.89,382.2423401841759,405.3269176470591,405.3269176470591,378.9246435125865,377.2409122614349,342.5218624026671,367.5188941176469,367.5188941176469,373.5646298413659,390.30656028977546,364.66356346912085,378.2722352941179,378.2722352941179,373.5646298413659,390.26965944032224,-25
1755538200,367.04,367.52,362.05,363.53,378.34656083817026,401.5703294117648,401.5703294117648,378.47288326168746,377.2409122614349,341.4947668853734,366.21920000000034,366.21920000000034,370.8757423737629,384.6715916976487,362.7117928688229,376.4084470588235,376.4084470588235,370.8757423737629,384.6389694802992,-65
1755610200,363.34,364.85,336.14,339.76,378.34656083817026,401.5703294117648,401.5703294117648,377.0712487429955,377.2409122614349,337.7725299406461,363.155811764706,363.155811764706,353.26204316921394,384.6715916976487,355.9954560169654,371.470988235294,371.470988235294,353.26204316921394,384.6389694802992,-25
1755624600,339.68,342.21,333.41,336.81,371.4198198997693,395.9543529411767,395.9543529411767,354.18687383278154,377.2409122614349,333.6659405764733,359.8695529411768,359.8695529411768,346.5048229367202,382.7446637192452,346.25834706057316,364.12061176470576,364.12061176470576,346.5048229367202,382.9640430888493,-45
1755696600,339.39,342.94,325.57,339.07,371.4198198997693,395.9543529411767,395.9543529411767,354.18687383278154,377.2409122614349,331.1835739887088,357.46967058823543,357.46967058823543,346.5048229367202,382.7446637192452,337.4200318521588,356.88748235294145,356.88748235294145,346.5048229367202,382.9640430888493,-25
1755711000,339.12,345.5,337.81,344.37,366.1487350851161,391.7392000000001,391.7392000000001,354.18687383278154,377.2409122614349,329.9988467428378,355.84496470588226,355.84496470588226,346.5048229367202,363.74504488215626,331.26492566552855,351.8897647058825,351.8897647058825,346.5048229367202,363.74375429678855,-45
1755783000,340.05,343.33,334.89,335.51,366.1487350851161,391.7392000000001,391.7392000000001,354.18687383278154,377.2409122614349,327.76322615716174,353.5814352941176,353.5814352941176,345.914675351093,363.74504488215626,324.6466468780292,346.60416470588245,346.60416470588245,345.914675351093,363.74375429678855,-25
1755797400,335.46,339.69,335.24,337.4,360.23133545527935,387.0715764705883,387.0715764705883,351.00803840946674,377.2409122614349,326.31232340527697,351.7728941176473,351.7728941176473,345.38413333844244,360.8918273905736,317.9240426155064,341.07317647058835,341.07317647058835,345.38413333844244,360.947771847018,-45
1755869400,335.67,359.54,332.62,356.94,360.23133545527935,387.0715764705883,387.0715764705883,351.00803840946674,377.2409122614349,325.6084573122919,350.8327764705885,350.8327764705885,345.38413333844244,360.8918273905736,315.337653780538,338.70872941176503,362.07980504299206,345.38413333844244,360.947771847018,-25
1755883800,356.85,359.35,354.55,358.1,356.6624073924876,383.9629176470591,383.9629176470591,351.00803840946674,377.2409122614349,324.8868687196603,349.93440000000044,349.93440000000044,349.10985677115644,360.8918273905736,313.3798534201999,336.89461176470604,360.4093701092122,349.10985677115644,360.947771847018,-25
1756128600,344.91,351.51,339.2,346.31,356.6624073924876,383.9629176470591,383.9629176470591,351.00803840946674,377.2409122614349,323.7575928716496,348.59675294117676,348.59675294117676,349.10985677115644,360.8918273905736,310.07175412849665,333.9683764705877,333.9683764705877,349.10985677115644,360.947771847018,-20
1756143000,346.32,347.49,342.75,343.19,351.32512288906105,379.4691764705883,379.4691764705883,351.00803840946674,377.2409122614349,322.205037149953,347.00698823529467,347.00698823529467,349.10985677115644,360.8918273905736,308.70122954090215,332.36037647058794,332.36037647058794,349.10985677115644,360.947771847018,-25
1756215000,341.62,347.82,340.68,345.63,351.32512288906105,379.4691764705883,379.4691764705883,351.00803840946674,377.2409122614349,320.9602975033267,345.6614352941179,345.6614352941179,349.10985677115644,360.8918273905736,308.3817683092944,331.46637647058844,331.46637647058844,349.10985677115644,360.947771847018,-15
1756229400,345.69,351.94,345.06,351.5,347.1064469236982,375.8194588235296,375.8194588235296,351.00803840946674,377.2409122614349,320.8885062846652,345.1032470588234,345.1032470588234,349.10985677115644,360.8918273905736,309.23293304682073,331.6189647058823,331.6189647058823,349.10985677115644,360.947771847018,-5
1756301400,348.68,351.77,343.16,347.23,347.1064469236982,375.8194588235296,375.8194588235296,351.00803840946674,377.2409122614349,319.46618311034973,343.7329411764706,343.7329411764706,349.10985677115644,360.8918273905736,309.84252445586964,331.5501882352939,331.5501882352939,349.10985677115644,360.947771847018,-10
1756315800,347.29,349.61,341.84,342.17,341.9585388845918,371.49696470588253,371.49696470588253,351.00803840946674,377.2409122614349,317.92786242626596,342.2362117647061,342.2362117647061,349.10985677115644,360.8918273905736,312.4703539701734,332.35567058823517,332.35567058823517,349.10985677115644,360.947771847018,-15
1756387800,346.26,348.24,338,339.75,341.9585388845918,371.49696470588253,371.49696470588253,351.00803840946674,377.2409122614349,316.4386646180726,340.7509647058823,340.7509647058823,349.10985677115644,360.8918273905736,314.4334224670636,332.78922352941174,332.78922352941174,349.10985677115644,360.947771847018,-10
1756402200,339.82,339.84,336.65,338.84,336.36582307835727,366.7362117647058,366.7362117647058,350.02668275791024,377.2409122614349,315.206415465873,339.41849411764684,339.41849411764684,345.4108976071949,360.8918273905736,316.1311659375798,333.05599999999987,333.05599999999987,345.4108976071949,360.947771847018,-15
1756474200,334.73,339.6,332.64,338.06,336.36582307835727,366.7362117647058,366.7362117647058,349.55620541805956,377.2409122614349,313.5528789770562,337.8587529411763,337.8587529411763,343.690119206681,360.8918273905736,318.1843330325784,333.47087058823524,333.47087058823524,343.690119206681,360.947771847018,-10
1756488600,338.11,338.66,333.97,334.49,330.22700801253933,361.47098823529376,361.47098823529376,348.24004788819815,377.2409122614349,311.7219918020346,336.16261176470596,336.16261176470596,342.36245331526175,355.78038703525255,319.66426501155354,333.6158823529411,333.6158823529411,342.36245331526175,355.7464200757036,-80
1756819800,334.7,348.57,331.6,340.76,330.22700801253933,361.47098823529376,361.47098823529376,348.24004788819815,377.2409122614349,310.8297638264153,335.1397647058825,335.1397647058825,342.36245331526175,355.78038703525255,323.9017179932977,335.66790588235307,335.66790588235307,342.36245331526175,355.7464200757036,-45
1756834200,340.75,344.26,339.35,341.72,325.0192782022144,356.8738588235293,356.8738588235293,348.24004788819815,377.2409122614349,310.08843745889516,334.2470588235294,334.2470588235294,342.36245331526175,355.78038703525255,325.2938622470659,336.28237647058836,336.28237647058836,342.36245331526175,355.7464200757036,-50
1756906200,342.39,344.49,333.54,335.73,325.0192782022144,356.8738588235293,356.8738588235293,348.24004788819815,377.2409122614349,308.4169901861103,332.71519999999987,332.71519999999987,342.36245331526175,355.78038703525255,326.87643746848795,336.7366352941176,336.7366352941176,342.36245331526175,355.7464200757036,-45
1756920600,335.56,336.41,327.62,330.39,318.5779134249487,351.3599294117647,351.3599294117647,346.1594860926392,377.2409122614349,306.31542962052276,330.86592941176457,330.86592941176457,338.80851778066534,355.78038703525255,325.7621240324637,335.53898823529437,335.53898823529437,338.80851778066534,355.7464200757036,-50
1756992600,329.9,332.5,317.71,327.17,318.5779134249487,351.3599294117647,351.3599294117647,342.6095228003078,377.2409122614349,304.6071901645547,329.22743529411775,329.22743529411775,334.0510178823084,355.78038703525255,324.5270259433611,334.10357647058834,334.10357647058834,334.0510178823084,355.7464200757036,-10
1757007000,327.26,327.64,323.79,327.5,312.2647071421409,346.1191529411767,346.1191529411767,337.30241402885724,377.2409122614349,302.70310655799585,327.49875294117646,327.49875294117646,334.00276541892913,348.71791323485786,324.26766971399474,333.32289411764737,333.32289411764737,334.00276541892913,348.6482488725659,-80
1757079000,335.39,335.78,320,333.45,312.2647071421409,346.1191529411767,346.1191529411767,337.30241402885724,377.2409122614349,302.4634437818752,326.84905882352973,326.84905882352973,334.00276541892913,348.71791323485786,324.9629575271832,333.23371764705894,333.23371764705894,334.00276541892913,348.6482488725659,-45
1757093400,333.28,337.15,330.79,335.91,307.47336184373194,342.10360000000037,342.10360000000037,337.30241402885724,377.2409122614349,302.3719724393863,326.37030588235274,326.37030588235274,334.00276541892913,348.71791323485786,324.31488612953865,332.621223529412,332.621223529412,334.00276541892913,348.6482488725659,-50
1757338200,328.11,333.03,321.725,328.86,307.47336184373194,342.10360000000037,342.10360000000037,337.30241402885724,377.2409122614349,300.0870260447977,324.4189882352945,324.4189882352945,334.00276541892913,348.71791323485786,322.2985808109281,330.79282352941186,330.79282352941186,334.00276541892913,348.6482488725659,-45
1757352600,328.92,331.05,327.15,330.08,302.1215724749935,337.65952941176533,337.65952941176533,337.30241402885724,377.2409122614349,297.6727721751466,322.3451058823531,322.3451058823531,334.00276541892913,348.71791323485786,320.468911951019,329.18941176470616,329.18941176470616,334.00276541892913,348.6482488725659,-50
1757424600,330.44,331.96,324.46,326.24,302.1215724749935,337.65952941176533,337.65952941176533,337.30241402885724,377.2409122614349,296.0251214599149,320.82976470588244,320.82976470588244,334.00276541892913,348.71791323485786,318.27479880380025,327.3714117647059,327.3714117647059,334.00276541892913,348.6482488725659,-10
1757439000,326.27,328.69,325.21,328.51,296.70934449717436,333.13971764705894,333.13971764705894,337.30241402885724,377.2409122614349,295.02114732804785,319.764164705882,319.764164705882,334.00276541892913,347.44580006449803,316.14653545751145,325.4909411764705,325.4909411764705,334.00276541892913,347.4219980951265,-70
1757511000,332.8,340,326.22,326.45,296.70934449717436,333.13971764705894,333.13971764705894,337.30241402885724,377.2409122614349,293.28521323912287,318.2133882352943,318.2133882352943,334.00276541892913,347.44580006449803,314.5576891439801,324.0796235294117,324.0796235294117,334.00276541892913,347.4219980951265,-35
1757525400,326.54,327.42,321.96,326.5,292.1889036220618,329.4026352941181,329.4026352941181,336.57681110019035,377.2409122614349,291.5973347125786,316.7025882352936,316.7025882352936,332.83591394698095,347.44580006449803,314.46150727558205,323.54385882352955,323.54385882352955,332.83591394698095,347.4219980951265,-40
1757597400,326.87,329.75,322.77,325.05,292.1889036220618,329.4026352941181,329.4026352941181,336.57681110019035,377.2409122614349,290.20441715310125,315.38823529411764,315.38823529411764,332.83591394698095,347.44580006449803,315.42952748002654,323.6477411764708,323.6477411764708,332.83591394698095,347.4219980951265,-35
1757611800,325.22,327.38,323.84,326,286.53565173405474,324.5779764705882,324.5779764705882,335.99122997924576,377.2409122614349,289.2822972775376,314.40310588235343,314.40310588235343,332.2365290045742,344.79858270867436,315.1004328853856,323.1541176470589,323.1541176470589,332.2365290045742,344.77713101059385,-35
1757683800,329.07,336.12,327.7,332.78,286.53565173405474,324.5779764705882,324.5779764705882,335.99122997924576,377.2409122614349,290.44312930374457,314.7646352941181,314.7646352941181,332.2365290045742,344.79858270867436,315.9879874621748,323.7897647058823,331.59154194958984,332.2365290045742,344.77713101059385,0
1757698200,332.63,334.26,328.86,331.55,282.86271235267895,321.4446117647061,321.4446117647061,335.99122997924576,377.2409122614349,291.89459572468894,315.2568235294119,315.2568235294119,332.2365290045742,344.79858270867436,316.5778662544379,324.1105647058824,331.6432631573269,332.2365290045742,344.77713101059385,-5
1757943000,329.52,331.34,320.46,324.26,282.86271235267895,321.4446117647061,321.4446117647061,335.99122997924576,377.2409122614349,292.23602488632474,315.0119529411768,315.0119529411768,332.2365290045742,344.79858270867436,316.8174303999218,323.8217176470588,323.8217176470588,332.2365290045742,344.77713101059385,5
1757957400,324.21,328.13,323.2,327.81,279.12839961706675,318.26291764705917,318.26291764705917,335.99122997924576,377.2409122614349,293.3162702467746,315.26823529411763,315.26823529411763,331.77530449784234,344.79858270867436,317.7071608681445,324.1287294117643,324.1287294117643,331.77530449784234,344.77713101059385,0
1758029400,329.12,332.58,324.9,331.91,279.12839961706675,318.26291764705917,318.26291764705917,335.99122997924576,377.2409122614349,296.0012396235632,316.40967058823543,316.40967058823543,331.77530449784234,344.79858270867436,318.6416629267353,324.67738823529425,330.7131135438532,331.77530449784234,344.77713101059385,15
1758043800,331.95,335.38,330.8,335.04,275.9524656396468,315.4945411764702,315.4945411764702,335.99122997924576,377.2409122614349,298.8440867154169,317.7572941176473,336.6705015198777,331.77530449784234,344.79858270867436,320.07369238804915,325.8415529411766,331.609413494304,331.77530449784234,344.77713101059385,10
1758115800,335.42,340.11,330.86,331.15,275.9524656396468,315.4945411764702,315.4945411764702,335.99122997924576,377.2409122614349,301.1028920822116,318.71430588235285,318.71430588235285,331.77530449784234,344.79858270867436,321.03469092187987,326.61978823529427,332.20488554870866,331.77530449784234,344.77713101059385,15
1758130200,331.16,336.5,323.205,329.63,272.4861416923669,312.50176470588235,312.50176470588235,335.99122997924576,377.2409122614349,303.6107962330905,319.7160470588235,319.7160470588235,331.77530449784234,344.79858270867436,321.55279443238993,326.99976470588234,326.99976470588234,331.77530449784234,344.77713101059385,10
1758202200,335.86,356.68,334.665,354.56,272.4861416923669,312.50176470588235,312.50176470588235,335.99122997924576,377.2409122614349,307.7905454804919,322.569505882353,337.34846628421406,342.63849793373566,344.79858270867436,323.8737277004264,330.83912941176493,337.80453112310346,342.63849793373566,344.77713101059385,15
1758216600,354.4,358.3,346.06,349.15,272.1056197140474,311.91310588235274,351.72059205065807,336.0362285859177,377.2409122614349,312.04419983457285,325.137082352941,338.2299648713091,343.5236052241831,344.79858270867436,327.33557595561973,334.75392941176494,342.17228286791016,343.5236052241831,344.77713101059385,0
1758288600,347.49,352.91,337.08,340.24,272.1056197140474,311.91310588235274,351.72059205065807,336.0362285859177,377.2409122614349,314.0524775104056,326.3689176470587,338.6853577837118,343.5236052241831,344.79858270867436,329.5731291337534,336.9429647058824,344.31280027801137,343.5236052241831,344.77713101059385,10
1758303000,340.19,345.87,338.53,344.89,271.92394172847406,311.39430588235325,311.39430588235325,336.0362285859177,377.2409122614349,316.7029824836522,328.09614117647055,339.4892998692889,343.5236052241831,344.79858270867436,331.5994326582576,339.2759058823535,346.9523791064494,343.5236052241831,344.77713101059385,5
1758547800,337.03,341.62,328.96,336.05,271.92394172847406,311.39430588235325,311.39430588235325,336.0362285859177,377.2409122614349,318.10537183891205,328.88712941176465,328.88712941176465,343.5236052241831,344.79858270867436,332.08066174910283,339.79331764705887,339.79331764705887,343.5236052241831,344.77713101059385,10
1758562200,336.22,337.91,334.46,335.73,272.04211026959825,310.88541176470585,310.88541176470585,336.0362285859177,377.2409122614349,319.74281206128643,329.7732470588237,329.7732470588237,343.5236052241831,344.79858270867436,332.2138691726274,339.7461647058824,339.7461647058824,343.5236052241831,344.77713101059385,10
1758634200,337.49,339,333.8,334.71,272.04211026959825,310.88541176470585,310.88541176470585,336.0362285859177,377.2409122614349,321.52123509057753,330.67192941176484,330.67192941176484,343.5236052241831,344.79858270867436,332.2296244409522,339.6853411764705,339.6853411764705,343.5236052241831,344.77713101059385,15
1758648600,334.7,334.89,327.79,327.89,273.0025439756177,310.6334117647059,310.6334117647059,336.0362285859177,377.2409122614349,322.53631774477884,330.9823764705881,330.9823764705881,336.2289914776791,344.79858270867436,331.26785175624855,338.71508235294147,338.71508235294147,336.2289914776791,344.77713101059385,15
1758720600,330.93,337,328.2,329.92,273.0025439756177,310.6334117647059,310.6334117647059,336.0362285859177,377.2409122614349,322.09752006102303,330.5835058823534,330.5835058823534,336.2289914776791,344.79858270867436,331.4610223364169,338.9036705882355,338.9036705882355,336.2289914776791,344.77713101059385,15
1758735000,330.01,330.24,323.17,323.3,273.28271716074096,309.9759058823527,309.9759058823527,336.0362285859177,377.2409122614349,320.8924602081824,329.5757647058826,329.5757647058826,331.98391804440837,344.79858270867436,329.78771438105576,337.4064000000002,337.4064000000002,331.98391804440837,344.77713101059385,15
1758807000,316.65,317,297.19,298.64,273.28271716074096,309.9759058823527,309.9759058823527,327.5586294040522,377.2409122614349,316.6374627236383,326.77543529411776,326.77543529411776,313.93802117094395,344.79858270867436,322.4662055724528,332.3245176470592,332.3245176470592,313.93802117094395,344.77713101059385,-20
1758821400,298.66,303.5,292.34,300.83,272.7988562106377,308.38639999999975,308.38639999999975,314.10158444661994,377.2409122614349,313.3042538348671,324.4522823529414,324.4522823529414,310.32808968310985,333.17687482743304,315.8264908096955,327.27169411764714,327.27169411764714,310.32808968310985,333.1750221459943,-40
1758893400,301.2,306.84,297.69,306.59,272.7988562106377,308.38639999999975,308.38639999999975,314.10158444661994,377.2409122614349,310.5128165870937,322.3244235294116,322.3244235294116,310.32808968310985,333.17687482743304,310.8906003658769,323.3087294117648,323.3087294117648,310.32808968310985,333.1750221459943,-20
1758907800,306.58,310,305.43,309.18,273.4898800498935,307.62879999999984,307.62879999999984,314.10158444661994,377.2409122614349,308.24467998630917,320.541317647059,320.541317647059,310.32808968310985,325.8992409111878,307.0522483258586,320.1262117647061,320.1262117647061,310.32808968310985,325.89894913556617,-15
1759152600,313.81,326.25,311,323.53,273.4898800498935,307.62879999999984,307.62879999999984,314.10158444661994,377.2409122614349,308.8216175348818,320.7204470588236,320.7204470588236,311.82216817407584,325.8992409111878,305.6428367010809,318.7642117647063,331.8855868283317,311.82216817407584,325.89894913556617,0
1759167000,323.63,327.99,323.15,326.4,274.1376923481611,307.42912941176417,307.42912941176417,314.10158444661994,377.2409122614349,309.88658088787577,321.24743529411774,321.24743529411774,316.40069602764703,325.8992409111878,305.0071565264281,318.13491764705907,331.26267876769003,316.40069602764703,325.89894913556617,0
1759239000,320.68,324.36,316.18,317.41,274.1376923481611,307.42912941176417,307.42912941176417,314.10158444661994,377.2409122614349,309.3228050842436,320.6793647058826,320.6793647058826,316.40069602764703,325.8992409111878,303.1167988101953,316.390705882353,316.390705882353,316.40069602764703,325.89894913556617,5
1759253400,317.14,322.77,316.73,322.23,274.9895360986432,307.25272941176416,307.25272941176416,314.10158444661994,377.2409122614349,309.12521282138067,320.4287529411771,320.4287529411771,316.40069602764703,325.8992409111878,302.57566394128804,315.85670588235297,329.1377478234179,316.40069602764703,325.89894913556617,-25
1759325400,331.78,343.7,331.17,337.14,274.9895360986432,307.25272941176416,307.25272941176416,320.46804919789344,377.2409122614349,310.33659639668525,321.4827764705885,332.6289565444917,329.68890942317176,325.8992409111878,304.5129011938453,318.0076470588232,331.50239292380104,329.68890942317176,325.89894913556617,-10
1759339800,337,339.64,333,338.44,277.7870831686132,308.58388235294103,339.38068153726886,322.588188540901,377.2409122614349,312.0842947108022,322.89251764705915,333.7007405833161,329.68890942317176,325.8992409111878,305.57994425149735,319.179976470588,332.7800086896786,329.68890942317176,325.89894913556617,-10
1759411800,348.69,353.2,341.25,347.11,277.7870831686132,308.58388235294103,339.38068153726886,330.5276036451224,377.2409122614349,314.0308375273799,324.835388235294,335.63993894320805,337.2783093511872,325.8992409111878,307.8091092801258,321.87752941176467,335.9459495434035,337.2783093511872,325.89894913556617,-15
1759426200,347.18,353.23,346.26,352.45,280.96835591842563,310.65371764705867,340.3390793756917,335.80563195618504,377.2409122614349,315.87532704918215,326.99077647058846,338.10622589199477,343.61660347117675,325.8992409111878,310.62197714874094,325.37785882352927,340.1337404983176,343.61660347117675,325.89894913556617,-10
1759498200,351.18,358.54,344.88,352.36,280.96835591842563,310.65371764705867,340.3390793756917,335.80563195618504,377.2409122614349,317.5654916637498,329.0181882352941,340.47088480683834,343.61660347117675,325.8992409111878,313.6648109522041,329.0112705882349,344.35773022426565,343.61660347117675,325.89894913556617,10
1759512600,352.21,353.03,344.44,351.87,284.5177254887249,312.90117647058787,341.2846274524508,335.80563195618504,377.2409122614349,319.1715916890531,330.94148235294125,342.7113730168294,343.61660347117675,328.51576284130556,316.3562779540255,332.19884705882345,348.0414161636214,343.61660347117675,328.57017185660783,45
1759757400,363.13,365.16,355.23,359.58,284.5177254887249,312.90117647058787,341.2846274524508,344.49931246637703,377.2409122614349,321.0168603995634,333.4015764705881,345.7862925416128,349.44108915300103,328.51576284130556,319.60931219252336,336.3762823529407,353.143252513358,349.44108915300103,328.57017185660783,25
1759771800,359.62,360,354.71,359.695,288.1887170480336,315.56218823529355,342.9356594225535,344.49931246637703,377.2409122614349,322.69400966213647,335.67716470588243,348.6603197496284,349.44108915300103,338.98035120978375,324.95685857769087,342.05212941176455,359.14740024583824,349.44108915300103,339.0244452954215,45
1759843800,358.83,359.45,329.44,333.85,288.1887170480336,315.56218823529355,342.9356594225535,344.49931246637703,377.2409122614349,323.208568197883,336.1374588235296,336.1374588235296,345.78241764055673,338.98035120978375,326.9496398555362,343.7078705882352,343.7078705882352,345.78241764055673,339.0244452954215,10
1759858200,333.9,336.42,328.22,328.24,289.284390391549,315.8187294117646,315.8187294117646,344.49931246637703,377.2409122614349,323.349920466109,336.2168117647058,336.2168117647058,344.0023907206841,338.98035120978375,327.5558204480379,344.24991764705857,344.24991764705857,344.0023907206841,339.0244452954215,20
1759930200,335.68,336.35,322.33,329.7,289.284390391549,315.8187294117646,315.8187294117646,344.49931246637703,377.2409122614349,323.3431584909573,336.20164705882326,336.20164705882326,339.62578587650825,338.98035120978375,327.98677082753085,344.53467058823526,344.53467058823526,339.62578587650825,339.0244452954215,20
1759944600,329.71,331.57,327.01,330.62,290.17343927172817,316.0734352941174,316.0734352941174,342.7498940665003,377.2409122614349,323.20046657264555,336.0585058823529,336.0585058823529,338.7317745567852,338.98035120978375,328.2215250300297,344.74314117647015,344.74314117647015,338.7317745567852,339.0244452954215,25
1760016600,327.29,328.95,318.86,319.43,290.17343927172817,316.0734352941174,316.0734352941174,340.17133020460744,377.2409122614349,321.9585500994383,334.9171529411767,334.9171529411767,330.79474438824843,338.98035120978375,326.9445951200699,343.55817647058814,343.55817647058814,330.79474438824843,339.0244452954215,15
1760031000,319.7,322.9,318.22,320.47,290.32252365432487,315.67752941176445,315.67752941176445,333.65409233284976,377.2409122614349,320.8476698008613,333.8879647058822,333.8879647058822,329.56726264623074,338.98035120978375,325.78785777423946,342.476270588235,342.476270588235,329.56726264623074,339.0244452954215,15
1760103000,323.175,323.32,303.46,310.87,290.32252365432487,315.67752941176445,315.67752941176445,333.65409233284976,377.2409122614349,319.0167986889424,332.367905882353,332.367905882353,322.7566858723647,338.98035120978375,322.1563494190508,339.29069411764704,339.29069411764704,322.7566858723647,339.0244452954215,-20
1760117400,311,312.38,304.65,304.67,289.69168115045966,314.5267764705882,314.5267764705882,323.52204900128373,377.2409122614349,316.68810487976924,330.5179647058824,330.5179647058824,315.47494853280426,338.98035120978375,318.0758380924148,335.83459999999997,335.83459999999997,315.47494853280426,339.0244452954215,-15
1760362200,306.5,313.8,300.67,308.71,289.69168115045966,314.5267764705882,314.5267764705882,323.52204900128373,377.2409122614349,314.6149294369049,328.7732235294117,328.7732235294117,315.47494853280426,338.98035120978375,314.470279247464,332.5954941176467,332.5954941176467,315.47494853280426,339.0244452954215,-10
1760376600,308.59,315.95,308.3,315.37,288.022188031211,313.02449411764667,313.02449411764667,323.52204900128373,377.2409122614349,313.33642372060154,327.64182352941134,327.64182352941134,315.47494853280426,332.4698967845722,310.8155553607021,328.30208235294117,328.30208235294117,315.47494853280426,332.42435089904325,-20
1760448600,301.055,312.69,297.31,312.4,288.022188031211,313.02449411764667,313.02449411764667,323.52204900128373,377.2409122614349,311.65872205376576,326.1608235294117,326.1608235294117,315.47494853280426,332.4698967845722,305.97508870341073,323.0751647058822,323.0751647058822,315.47494853280426,332.42435089904325,-30
1760463000,312.51,312.55,300.38,300.65,286.4828100316158,311.3978117647058,311.3978117647058,323.52204900128373,377.2409122614349,308.8397502006796,323.8908352941174,323.8908352941174,315.47494853280426,329.34480415710277,300.32826936891627,317.5030000000002,317.5030000000002,315.47494853280426,329.2776115491116,-40
1760535000,303.59,308.88,294.67,296.33,286.4828100316158,311.3978117647058,311.3978117647058,320.6412982496758,377.2409122614349,305.54532543371283,321.2685647058822,321.2685647058822,313.2851334142754,329.34480415710277,293.9205937579048,311.53645882352976,311.53645882352976,313.2851334142754,329.2776115491116,-20
1760549400,296.38,300.35,295.64,296.64,283.8371166940759,309.1247294117646,309.1247294117646,311.6076340889847,377.2409122614349,302.4093626899284,318.74323529411726,318.74323529411726,306.352538505166,325.3452681458811,287.6887982852383,306.27697647058824,306.27697647058824,306.352538505166,325.2977821527465,-40
1760621400,300.015,301.51,285.53,292.91,283.8371166940759,309.1247294117646,309.1247294117646,311.6076340889847,377.2409122614349,298.8994774417775,315.9405411764705,315.9405411764705,304.78392350700534,325.3452681458811,281.4945681916201,301.14610588235263,301.14610588235263,304.78392350700534,325.2977821527465,-20
1760635800,292.79,293.49,282.17,283.83,280.54606072679314,306.3516235294118,306.3516235294118,305.06530694407354,377.2409122614349,294.4641410809955,312.5464352941177,312.5464352941177,292.90511771777506,318.2541775640325,272.7602060880606,294.0448117647059,294.0448117647059,292.90511771777506,318.1365119989789,-80
1760707800,279.02,290.16,278.97,287.36,280.54606072679314,306.3516235294118,306.3516235294118,301.7077850194969,377.2409122614349,290.94472607231666,309.7968470588233,309.7968470588233,292.90511771777506,318.2541775640325,265.292359389163,287.87977647058824,287.87977647058824,292.90511771777506,318.1365119989789,-35
1760722200,287.49,292.8,286.89,289.73,279.90539765541075,305.0250117647057,305.0250117647057,301.7077850194969,359.0742010472995,287.8166878893157,307.2889529411764,307.2889529411764,292.90511771777506,309.2688791666016,261.0744763025883,284.26118823529396,284.26118823529396,292.90511771777506,309.226761141909,-65
1760967000,297.48,306.16,294.4,300.63,279.90539765541075,305.0250117647057,305.0250117647057,301.7077850194969,359.0742010472995,285.67887059099036,305.434211764706,305.434211764706,292.90511771777506,309.2688791666016,259.54817926987704,282.75436470588215,282.75436470588215,292.90511771777506,309.226761141909,-45
1760981400,300.68,300.68,296.4,296.51,279.8736005875901,304.2104,304.2104,301.7077850194969,359.0742010472995,283.34121710976,303.457164705882,303.457164705882,292.90511771777506,309.2688791666016,258.6387728527429,281.5559882352941,281.5559882352941,292.90511771777506,309.226761141909,-50
1761053400,293.675,305.95,291.62,302,279.8736005875901,304.2104,304.2104,301.7077850194969,359.0742010472995,281.8481944970338,302.1440470588234,302.1440470588234,292.99611436504904,309.2688791666016,259.96865912135763,281.9698705882351,303.97108205511256,292.99611436504904,309.226761141909,-20
1761067800,302.08,303.16,299.96,301.92,281.32237641987814,304.24392941176455,304.24392941176455,301.7077850194969,359.0742010472995,280.5968557584992,301.02029411764744,301.02029411764744,294.22562922292497,309.2688791666016,261.8948383977414,282.7735647058822,303.65229101402304,294.22562922292497,309.226761141909,-55
1761139800,293.76,297.96,283.22,283.71,281.32237641987814,304.24392941176455,304.24392941176455,301.7077850194969,359.0742010472995,277.3336565018425,298.40491764705894,298.40491764705894,294.22562922292497,309.2688791666016,261.33360230671866,281.4858705882352,281.4858705882352,294.22562922292497,309.226761141909,-35
1761154200,283.63,284.4,276.68,280.805,280.28067291472905,302.63609411764725,302.63609411764725,295.390382009294,359.0742010472995,273.840847533809,295.61479999999983,295.61479999999983,288.2241106248449,309.2688791666016,262.31849101548096,280.7545176470591,280.7545176470591,288.2241106248449,309.226761141909,-40
1761226200,285.5,288.22,278.71,285.66,280.28067291472905,302.63609411764725,302.63609411764725,295.390382009294,359.0742010472995,272.58121757703725,294.31374117647067,294.31374117647067,288.2241106248449,309.2688791666016,265.7982497137119,281.51761176470586,281.51761176470586,288.2241106248449,309.226761141909,-35
1761240600,285.86,289,283.09,284.905,279.8088232531735,301.43503529411777,301.43503529411777,295.390382009294,359.0742010472995,271.10248808212333,292.89977647058834,292.89977647058834,288.2241106248449,305.6063007933493,265.89512737945864,280.8622823529413,280.8622823529413,288.2241106248449,305.4440205897038,-55
1761312600,290.55,292.14,286.09,288.24,279.8088232531735,301.43503529411777,301.43503529411777,295.390382009294,359.0742010472995,269.6127478629402,291.53952941176493,291.53952941176493,288.2241106248449,305.6063007933493,267.2269013034749,281.187694117647,281.187694117647,288.2241106248449,305.4440205897038,-20
1761327000,288.13,290.33,287.6,289.06,278.7431961865862,300.1256,300.1256,295.390382009294,348.315329543921,268.6801632224482,290.55130588235323,290.55130588235323,288.2241106248449,305.6063007933493,268.51637795325934,281.5570588235293,281.5570588235293,288.2241106248449,305.4440205897038,-55
1761571800,299.51,299.835,293.02,296.89,278.7431961865862,300.1256,300.1256,295.390382009294,348.315329543921,268.132757563937,289.9488235294117,289.9488235294117,288.2241106248449,305.6063007933493,271.9612097311751,283.43567058823555,294.91013144529603,288.2241106248449,305.4440205897038,-35
1761586200,296.71,299.2,294.86,295.665,278.1836608964944,299.25727058823543,299.25727058823543,295.390382009294,348.315329543921,267.5717198606258,289.33056470588264,289.33056470588264,290.2674622273455,305.6063007933493,274.3663765071736,284.8879411764707,295.4095058457678,290.2674622273455,305.4440205897038,-40
1761658200,294.89,297.25,289.51,290.36,278.1836608964944,299.25727058823543,299.25727058823543,295.390382009294,348.315329543921,266.5639528118007,288.35385882352915,288.35385882352915,290.2674622273455,305.6063007933493,276.44711449280794,285.8515647058825,285.8515647058825,290.2674622273455,305.4440205897038,-35
1761672600,290.25,291.27,284.24,284.49,276.4654842462511,297.59312941176444,297.59312941176444,295.390382009294,348.315329543921,264.7162372255445,286.7529176470589,286.7529176470589,290.2674622273455,305.6063007933493,276.12685927349605,285.3165294117651,285.3165294117651,290.2674622273455,305.4440205897038,-40
1761744600,284.375,286.42,278.32,280.9,276.4654842462511,297.59312941176444,297.59312941176444,295.390382009294,348.315329543921,262.75074998584165,285.05654117647055,285.05654117647055,287.952735080892,305.6063007933493,274.37199895476994,283.799823529412,283.799823529412,287.952735080892,305.4440205897038,-10
1761759000,280.78,282.76,274.02,275.335,272.195961446911,294.313011764706,294.313011764706,291.811574652294,348.315329543921,259.9958685393094,282.77860000000027,282.77860000000027,283.24888892178956,301.2714680591121,272.81056810383063,282.3294117647061,282.3294117647061,283.24888892178956,301.4715852005032,-40
1761831000,269.985,271.34,262.15,264.62,272.195961446911,294.313011764706,294.313011764706,280.68681931998725,348.315329543921,255.18879954687634,278.79512941176483,278.79512941176483,273.1783532029716,301.2714680591121,269.8337784081055,279.81564705882374,279.81564705882374,273.1783532029716,301.4715852005032,-20
1761845400,264.54,264.94,254.05,254.34,266.00329362340557,289.87463529411764,289.87463529411764,274.39704651141676,348.315329543921,249.3719417079029,274.1810941176474,274.1810941176474,264.5915392413377,286.90886319774694,264.52527270010825,275.94957647058817,275.94957647058817,264.5915392413377,286.83682911475296,-40
1761917400,269.98,276.29,263.01,269.84,266.00329362340557,289.87463529411764,289.87463529411764,274.39704651141676,348.315329543921,245.71984998353196,271.11037647058845,271.11037647058845,264.5915392413377,286.90886319774694,263.2480409561591,274.6517647058825,274.6517647058825,264.5915392413377,286.83682911475296,-10
1761931800,269.93,271.56,265.5,269.57,261.72467816177647,286.5360000000002,286.5360000000002,274.39704651141676,342.21566314792665,242.26484196297503,268.2087647058825,268.2087647058825,264.5915392413377,286.90886319774694,261.24660727643436,272.8677647058826,272.8677647058826,264.5915392413377,286.83682911475296,-25
1762180200,264.19,270.3,259.83,264.39,261.72467816177647,286.5360000000002,286.5360000000002,274.39704651141676,342.21566314792665,239.07081990205205,265.5721411764707,265.5721411764707,264.5915392413377,286.90886319774694,258.34648230842015,270.4750823529415,270.4750823529415,264.5915392413377,286.83682911475296,-20
1762194600,264.5,269.72,263.98,264.7,258.44573386601166,283.8037176470589,283.8037176470589,274.39704651141676,342.21566314792665,236.27078912531715,263.2135411764706,263.2135411764706,264.5915392413377,285.9559264307104,255.75969171948404,268.2928470588235,268.2928470588235,264.5915392413377,285.865786328537,-70
1762266600,255.07,258.21,248.54,250.17,258.44573386601166,283.8037176470589,283.8037176470589,268.43083566438736,342.21566314792665,231.58769721526622,259.5123058823531,259.5123058823531,258.8200137485442,285.9559264307104,249.09243317002503,263.2136000000001,263.2136000000001,258.8200137485442,285.865786328537,-35
1762281000,250.13,253.38,245.87,246.84,252.36380280146525,279.3213411764706,279.3213411764706,263.4072045455025,342.21566314792665,227.0307353036486,255.9035176470587,255.9035176470587,256.21118532399987,274.03550311423106,242.4624644007411,258.13698823529427,258.13698823529427,256.21118532399987,274.0089444479272,-55
1762353000,250.2,253.2,247.05,249.54,252.36380280146525,279.3213411764706,279.3213411764706,262.9652613636809,342.21566314792665,223.9583846205896,253.27816470588238,253.27816470588238,256.21118532399987,274.03550311423106,237.28808160824548,254.03061176470584,254.03061176470584,256.21118532399987,274.0089444479272,-40
1762367400,249.52,255.36,248.72,255.01,248.22996445512965,276.0136941176467,276.0136941176467,262.9652613636809,342.21566314792665,221.8836780193475,251.3356588235295,251.3356588235295,256.21118532399987,270.6529671775003,235.22395207243,252.00675294117642,252.00675294117642,256.21118532399987,270.6390198445039,-55
1762439400,252.1,252.37,236.87,239.91,248.22996445512965,276.0136941176467,276.0136941176467,262.5261692370514,342.21566314792665,219.04823337778058,248.7637882352941,248.7637882352941,247.66519551039406,270.6529671775003,230.2329128372401,247.98985882352943,247.98985882352943,247.66519551039406,270.6390198445039,-20
1762453800,239.92,243.43,235.05,237.04,241.69059288152846,271.17865882352976,271.17865882352976,253.45930000583346,342.21566314792665,216.70569863409455,246.43490588235295,246.43490588235295,246.93065327171732,267.967040950536,226.1702678344356,244.48783529411764,244.48783529411764,246.93065327171732,267.98337556989645,-70
1762525800,222.58,235.86,219.75,235.81,241.69059288152846,271.17865882352976,271.17865882352976,246.40792143398824,342.21566314792665,214.66583328572645,244.27847058823517,244.27847058823517,239.2806066094518,267.967040950536,221.97531711643984,240.85891764705895,240.85891764705895,239.2806066094518,267.98337556989645,-40
1762540200,235.75,243.73,235.16,241.97,236.02285058649292,266.8288235294118,266.8288235294118,246.40792143398824,313.3659729230747,213.73508462309175,242.8549764705884,242.8549764705884,239.2806066094518,259.9613594540691,218.42119895777608,237.80832941176507,237.80832941176507,239.2806066094518,259.9409916006181,-45
1762785000,249.675,249.84,234.6,241.93,236.02285058649292,266.8288235294118,266.8288235294118,246.40792143398824,313.3659729230747,213.9199113985911,241.99536470588242,241.99536470588242,239.2806066094518,259.9613594540691,214.57690679883845,234.543988235294,234.543988235294,239.2806066094518,259.9409916006181,-35
1762799400,241.98,242.16,238.11,238.8,230.1328244241467,262.29298823529416,262.29298823529416,246.40792143398824,313.3659729230747,214.2929059042606,241.1741411764704,241.1741411764704,239.2806066094518,259.9613594540691,211.7644711337662,232.00311764705867,232.00311764705867,239.2806066094518,259.9409916006181,-40
1762871400,236.455,239.21,233.28,236.86,230.1328244241467,262.29298823529416,262.29298823529416,246.40792143398824,313.3659729230747,212.70612594549596,239.45294117647032,239.45294117647032,239.2806066094518,259.9613594540691,208.9275812127803,229.42908235294124,229.42908235294124,239.2806066094518,259.9409916006181,-20
1762885800,236.95,237.33,230.5,231.27,224.15462806804655,257.6856470588235,257.6856470588235,246.40792143398824,313.3659729230747,210.42432436642943,237.30150588235284,237.30150588235284,239.2806066094518,254.87274105988612,206.5391856771274,227.07414117647056,227.07414117647056,239.2806066094518,254.82080398216561,-80
1762957800,233.86,234.77,222.35,222.56,224.15462806804655,257.6856470588235,257.6856470588235,244.70065467498492,313.3659729230747,207.61452338284184,234.76032941176473,234.76032941176473,233.41681217809554,254.87274105988612,203.19854857236868,223.9898588235295,223.9898588235295,233.41681217809554,254.82080398216561,-35
1762972200,222.54,225.13,219.81,224.6,217.15022539934762,252.36002352941176,252.36002352941176,234.73132219820027,313.3659729230747,205.53825307839293,232.66644705882356,232.66644705882356,230.01632559394588,250.4304024127514,201.53596598608598,221.86658823529422,221.86658823529422,230.01632559394588,250.33431798343952,-65
1763044200,224.1,226,211.68,212.14,217.15022539934762,252.36002352941176,252.36002352941176,234.73132219820027,313.3659729230747,201.5400192072276,229.40694117647053,229.40694117647053,225.86607409981744,250.4304024127514,199.22567208950613,219.1887647058823,219.1887647058823,225.86607409981744,250.33431798343952,-45
1763058600,212.17,213.32,207.06,208.47,208.4625892792925,245.92840000000004,245.92840000000004,222.99562985457064,313.3659729230747,197.60757251698624,226.15651764705876,226.15651764705876,216.78559450443444,241.831802240412,195.91203514509036,215.88485882352938,215.88485882352938,216.78559450443444,241.80543812747953,-65
1763130600,200.58,208.78,194.56,202.72,208.4625892792925,245.92840000000004,245.92840000000004,218.7802277221013,313.3659729230747,192.74396899784108,222.33915294117656,222.33915294117656,213.5266234684034,241.831802240412,191.97079932085285,212.23347058823538,212.23347058823538,213.5266234684034,241.80543812747953,-20
1763145000,202.62,202.77,197.08,199.6,199.69337292938098,239.4255764705882,239.4255764705882,212.4623543133798,293.8512605714265,187.5354074144927,218.28599999999994,218.28599999999994,207.3383279009046,224.56095922323973,187.33034380132364,208.16055294117655,208.16055294117655,207.3383279009046,224.47219254694528,-80
1763389800,196.795,204.1,191.41,191.45,199.69337292938098,239.4255764705882,239.4255764705882,212.4623543133798,293.8512605714265,182.03037278315068,214.00884705882368,214.00884705882368,205.7231500778208,224.56095922323973,181.87406961246882,203.5530117647055,203.5530117647055,205.7231500778208,224.47219254694528,-50
1763404200,191.44,195.89,189.59,195.5,190.66031204497196,232.66802352941147,232.66802352941147,205.5388667293938,293.8512605714265,177.96462897753784,210.58847058823523,210.58847058823523,201.2929250722622,219.79221213586547,176.33659802062382,198.9699999999999,198.9699999999999,201.2929250722622,219.70775022216347,-65
1763476200,196.5,213.83,196,210,190.66031204497196,232.66802352941147,232.66802352941147,205.5388667293938,293.8512605714265,175.78899169724983,208.45722352941175,208.45722352941175,201.2929250722622,219.79221213586547,174.13963730131172,196.8677411764705,196.8677411764705,201.2929250722622,219.70775022216347,-45
1763490600,210,212.92,206.625,206.68,183.51071390656136,227.05571764705877,227.05571764705877,205.5388667293938,293.8512605714265,172.81164842456434,205.83912941176465,205.83912941176465,201.2929250722622,219.79221213586547,174.22072698644712,196.08957647058799,196.08957647058799,201.2929250722622,219.70775022216347,-50
1763562600,202.09,203.54,182.51,182.9,183.51071390656136,227.05571764705877,227.05571764705877,205.5388667293938,293.8512605714265,167.16445526471855,201.42289411764708,201.42289411764708,198.08652581159404,219.79221213586547,169.96292871100724,192.1964235294118,192.1964235294118,198.08652581159404,219.70775022216347,-20
1763577000,182.83,188.11,181.7,186.485,174.29524403784183,220.07040000000018,220.07040000000018,198.78056597923305,293.8512605714265,162.41260792690633,197.56431764705877,197.56431764705877,194.07677396790874,219.79221213586547,166.3500592222805,188.7552352941173,188.7552352941173,194.07677396790874,219.70775022216347,-55
1763649000,192.44,193.49,173,175.74,174.29524403784183,220.07040000000018,220.07040000000018,198.78056597923305,293.8512605714265,156.58278976208229,192.98141176470585,192.98141176470585,187.63191778698817,219.79221213586547,162.2406065791744,184.88438823529378,184.88438823529378,187.63191778698817,219.70775022216347,-35
1763663400,175.59,180.255,171.47,177.14,164.51084995657314,212.6696235294119,212.6696235294119,191.4421716861754,293.8512605714265,150.83073145620193,188.41970588235324,188.41970588235324,187.53678080220328,210.42604594114303,157.39572454148797,180.71987058823515,180.71987058823515,187.53678080220328,210.3450573025121,-55
1763735400,172.74,181.19,166.31,170.97,164.51084995657314,212.6696235294119,212.6696235294119,191.4421716861754,293.8512605714265,144.97979789588487,183.77115294117652,183.77115294117652,184.8044433026387,210.42604594114303,151.54823545434908,175.8577058823529,175.8577058823529,184.8044433026387,210.3450573025121,-35
1763749800,170.92,174.49,169.57,170.49,154.87080375402707,205.32117647058837,205.32117647058837,185.474449055937,257.98045624489606,139.66566855212736,179.45398823529428,179.45398823529428,179.20934141911195,197.9420426596328,146.93142132953412,171.76156470588222,171.76156470588222,179.20934141911195,197.90398178090408,-65
1763994600,171.62,177.02,166.01,175.3,154.87080375402707,205.32117647058837,205.32117647058837,185.474449055937,257.98045624489606,136.0545763384681,176.2268705882354,176.2268705882354,179.20934141911195,197.9420426596328,144.97647522503013,169.3758705882353,169.3758705882353,179.20934141911195,197.90398178090408,-20
1764009000,175.17,179.79,175,179.1,146.7041360994938,198.8685176470588,198.8685176470588,185.474449055937,257.98045624489606,133.02778667701975,173.42490588235293,173.42490588235293,179.20934141911195,196.3833253268019,142.99815012273632,167.24740000000006,167.24740000000006,179.20934141911195,196.29441165369664,-80
1764081000,173.995,176.56,170.4,173.53,146.7041360994938,198.8685176470588,198.8685176470588,185.474449055937,257.98045624489606,130.1978153912286,170.68630588235305,170.68630588235305,179.20934141911195,196.3833253268019,140.47671664973907,164.71027058823506,164.71027058823506,179.20934141911195,196.29441165369664,-35
1764095400,173.54,174.04,167.01,172.185,138.749000915617,192.52597647058815,192.52597647058815,184.21042064469532,257.98045624489606,127.68151490536883,168.14235294117663,168.14235294117663,178.78795811037466,192.99736637488746,137.68341647816104,162.00458823529425,162.00458823529425,178.78795811037466,192.74909653557546,-55
1764167400,173.5,180.39,169.69,179.99,138.749000915617,192.52597647058815,192.52597647058815,184.21042064469532,257.98045624489606,125.19572549233536,165.78129411764712,165.78129411764712,178.78795811037466,192.99736637488746,137.97604463626374,161.38689411764702,161.38689411764702,178.78795811037466,192.74909653557546,-35
1764181800,180.05,180.61,175.5,175.57,131.48361610743822,186.61941176470594,186.61941176470594,184.21042064469532,257.98045624489606,122.4119150618763,163.20488235294104,163.20488235294104,178.78795811037466,192.99736637488746,139.13146275282395,161.35531764705874,161.35531764705874,178.78795811037466,192.74909653557546,-40
1764340200,182.94,187.28,175.08,177.09,126.19814476780098,181.9713411764706,181.9713411764706,184.21042064469532,229.80685222740348,120.4654492093502,161.18830588235272,161.18830588235272,178.78795811037466,192.99736637488746,141.4618760531442,162.12456470588236,162.12456470588236,178.78795811037466,192.74909653557546,-55
1764599400,168.24,168.28,155.61,162.35,126.19814476780098,181.9713411764706,181.9713411764706,179.11148334113764,229.80685222740348,117.28236752319657,158.25247058823513,158.25247058823513,170.20348135458983,192.99736637488746,140.75544683552513,160.4981411764706,160.4981411764706,170.20348135458983,192.74909653557546,-35
1764613800,162.355,172.17,160.83,171.5,120.59833021283444,177.1057882352939,177.1057882352939,179.11148334113764,229.80685222740348,115.73689240932666,156.44887058823514,156.44887058823514,170.20348135458983,188.2012557309139,142.5254265332715,160.73143529411766,160.73143529411766,170.20348135458983,188.1479173063627,-55
1764685800,178.06,184.99,176.9,184.05,120.59833021283444,177.1057882352939,177.1057882352939,179.11148334113764,229.80685222740348,115.91340766338976,155.9272235294118,155.9272235294118,170.20348135458983,188.2012557309139,145.88549781640842,162.58614117647068,179.28678453653293,170.20348135458983,188.1479173063627,-15
1764700200,184.02,188.37,181.26,181.32,116.11760285129017,173.06475294117632,173.06475294117632,179.11148334113764,229.80685222740348,116.8040042483834,155.75388235294133,155.75388235294133,174.93064721434945,188.2012557309139,150.02291729176952,164.95399999999978,179.88508270823004,174.93064721434945,188.1479173063627,-20
1764772200,183.255,190.38,179.03,185.97,116.11760285129017,173.06475294117632,173.06475294117632,179.11148334113764,229.80685222740348,118.48226520312221,156.16452941176465,156.16452941176465,174.93064721434945,188.2012557309139,153.77512321358796,167.35915294117626,180.94318266876456,174.93064721434945,188.1479173063627,0
1764786600,186,189.47,183.85,188.37,112.38553102283817,169.6096705882351,169.6096705882351,179.11148334113764,229.80685222740348,120.38044094802981,156.80743529411768,156.80743529411768,180.1761300279598,188.2012557309139,157.45293113638047,170.0858823529411,182.71883356950173,180.1761300279598,188.1479173063627,0
1764858600,186.34,190.99,183.74,187.42,112.38553102283817,169.6096705882351,169.6096705882351,179.11148334113764,229.80685222740348,122.11281937337597,157.38175294117647,157.38175294117647,180.1761300279598,188.2012557309139,160.77752370839903,172.67035294117642,184.5631821739538,180.1761300279598,188.1479173063627,15
1764873000,187.35,187.73,182.38,186.01,108.5918710108241,166.1189647058825,166.1189647058825,179.11148334113764,229.80685222740348,123.80021408189123,157.9313882352941,157.9313882352941,180.1761300279598,188.2012557309139,163.28703390131108,174.67367058823535,186.06030727515963,180.1761300279598,188.1479173063627,10
1764945000,183.56,185.38,176.35,180.03,108.5918710108241,166.1189647058825,166.1189647058825,179.11148334113764,229.80685222740348,124.84529210316535,158.01736470588222,158.01736470588222,180.1761300279598,188.2012557309139,164.05386311271025,175.20698823529403,175.20698823529403,180.1761300279598,188.1479173063627,15
1764959400,180.02,181.09,177.62,179.06,103.19489587726932,161.50183529411754,161.50183529411754,179.11148334113764,229.80685222740348,125.3238006248043,157.8236705882351,157.8236705882351,180.1761300279598,188.2012557309139,165.15743781803175,175.98698823529404,175.98698823529404,180.1761300279598,188.1479173063627,10
1765204200,181.96,185.55,178.01,182.76,103.19489587726932,161.50183529411754,161.50183529411754,179.11148334113764,229.80685222740348,125.70378845339587,157.70738823529416,157.70738823529416,180.1761300279598,188.2012557309139,169.94233076480458,178.8669411764706,187.7915515881366,180.1761300279598,188.1479173063627,15
1765218600,182.71,184.01,180.9,183.7,99.15406222491656,157.87042352941162,157.87042352941162,179.11148334113764,229.80685222740348,127.59881982070556,158.45251764705876,158.45251764705876,180.1761300279598,188.2012557309139,175.0956737156452,181.8810117647059,188.6663498137666,180.1761300279598,188.1479173063627,10
1765290600,181.49,198.38,179.93,193.35,99.15406222491656,157.87042352941162,157.87042352941162,179.11148334113764,229.80685222740348,130.6643283045584,160.1388235294117,189.61331875426498,186.23415643714918,188.2012557309139,177.51516494753938,184.7472000000001,191.97923505246084,186.23415643714918,188.1479173063627,15
1765305000,193.4,194.72,188.27,188.94,97.13008437898372,155.63992941176463,155.63992941176463,179.11148334113764,229.80685222740348,133.23649239098538,161.4548470588236,189.6732017266618,186.23415643714918,188.2012557309139,179.5506634321544,186.9665529411764,194.38244245019837,186.23415643714918,188.1479173063627,10
1765377000,189.33,189.33,184.26,186.7,97.13008437898372,155.63992941176463,155.63992941176463,179.11148334113764,229.80685222740348,135.9618994575908,162.7868705882352,162.7868705882352,186.23415643714918,188.2012557309139,180.53730061553156,188.10516470588232,195.67302879623307,186.23415643714918,188.1479173063627,15
1765391400,186.55,191.07,182.2,184.54,94.852090594908,153.2266352941175,153.2266352941175,179.11148334113764,229.80685222740348,137.60774314621568,163.55350588235274,163.55350588235274,186.23415643714918,188.2012557309139,181.37792715613148,189.05977647058822,189.05977647058822,186.23415643714918,188.1479173063627,10
1765463400,179.9,180.85,171.42,177.185,94.852090594908,153.2266352941175,153.2266352941175,179.11148334113764,229.80685222740348,138.56994001322283,163.77027058823523,163.77027058823523,183.9731520244703,188.2012557309139,180.05059769378605,187.61527058823532,187.61527058823532,183.9731520244703,188.1479173063627,15
1765477800,177.16,183.51,176.28,183.34,94.01384929325883,151.68098823529414,151.68098823529414,179.11148334113764,229.80685222740348,140.58109482690327,164.7368470588234,164.7368470588234,183.9731520244703,188.2012557309139,179.91573018293508,187.2594352941176,194.6031404053001,183.9731520244703,188.1479173063627,10
1765549800,183.09,185.23,177.13,182,94.01384929325883,151.68098823529414,151.68098823529414,179.11148334113764,229.80685222740348,143.24632900339145,165.97394117647053,165.97394117647053,183.9731520244703,188.2012557309139,179.64301503390425,186.88992941176477,186.88992941176477,183.9731520244703,188.1479173063627,15
1765564200,181.89,182.64,176.22,176.46,94.0959487454841,150.5252235294118,150.5252235294118,179.11148334113764,229.80685222740348,144.41502177241756,166.34865882352926,166.34865882352926,183.9731520244703,188.2012557309139,178.98015476979378,186.24056470588266,186.24056470588266,183.9731520244703,188.1479173063627,15
1765809000,176.02,176.45,161.61,161.9,94.0959487454841,150.5252235294118,150.5252235294118,179.11148334113764,229.80685222740348,144.1536307017171,165.6273294117648,165.6273294117648,172.60133940100434,188.2012557309139,175.325945030801,183.15616470588236,183.15616470588236,172.60133940100434,188.1479173063627,15
1765823400,161.86,165.43,160.55,162.1,93.30892373432164,148.6395058823529,148.6395058823529,174.4117516559838,229.80685222740348,144.10480507580408,165.0491294117648,165.0491294117648,169.41931815698842,188.2012557309139,171.21325751984796,179.61961176470587,179.61961176470587,169.41931815698842,188.1479173063627,10
1765895400,165,171.45,161.99,164,93.30892373432164,148.6395058823529,148.6395058823529,174.4117516559838,229.80685222740348,145.09806891205034,165.03829411764707,165.03829411764707,169.41931815698842,188.2012557309139,168.3904891211672,177.1750470588236,177.1750470588236,169.41931815698842,188.1479173063627,15
1765909800,164,168.6,163.24,167.47,94.50323421514608,147.94303529411775,147.94303529411775,174.4117516559838,229.80685222740348,146.80362063615888,165.47875294117648,165.47875294117648,169.41931815698842,185.15813250910114,166.00396118093445,175.09377647058852,175.09377647058852,169.41931815698842,185.02450564955296,-40
1765981800,167.745,171.1,163.55,164.12,94.50323421514608,147.94303529411775,147.94303529411775,174.4117516559838,229.80685222740348,148.2451990363682,165.70909411764708,165.70909411764708,169.41931815698842,185.15813250910114,163.21553201283695,172.76005882352945,172.76005882352945,169.41931815698842,185.02450564955296,-10
1765996200,164.1,164.37,160.31,160.41,93.16028488794643,145.8943294117647,145.8943294117647,172.70952595393985,229.80685222740348,149.49542061410466,165.74948235294116,165.74948235294116,167.77089933798,184.63108732987962,159.23120194467185,168.669988235294,168.669988235294,167.77089933798,184.47561238887062,-40
1766068200,167.62,169.51,159.79,161.57,93.16028488794643,145.8943294117647,145.8943294117647,172.70952595393985,229.80685222740348,150.70004440091554,165.83622352941168,165.83622352941168,167.77089933798,184.63108732987962,155.85605383110638,165.62285882352938,165.62285882352938,167.77089933798,184.47561238887062,-20
1766082600,161.64,162.83,157.44,158.29,92.40675526468162,144.17080000000013,144.17080000000013,171.05040758273387,229.80685222740348,151.03691368093502,165.48388235294104,165.48388235294104,164.59285235297915,182.87884537774536,152.38315788789788,162.84064705882332,162.84064705882332,164.59285235297915,182.79235436109414,-40
1766154600,163.39,167.74,161.64,164.6,92.40675526468162,144.17080000000013,144.17080000000013,171.05040758273387,229.80685222740348,152.56228906561503,165.85431764705845,165.85431764705845,164.59285235297915,182.87884537774536,150.80723861812982,161.4569294117648,161.4569294117648,164.59285235297915,182.79235436109414,15
1766169000,164.5,166.11,162.8,164.43,92.14998912887691,142.94381176470583,142.94381176470583,171.05040758273387,215.8732930552498,153.15789790169362,165.85432941176458,165.85432941176458,164.59285235297915,180.84321356504927,149.43208011871727,160.21561176470584,160.21561176470584,164.59285235297915,180.74861476387315,-45
1766413800,168.93,170.63,164.92,166.23,92.14998912887691,142.94381176470583,142.94381176470583,171.05040758273387,215.8732930552498,153.81232855069368,165.95956470588223,165.95956470588223,164.59285235297915,180.84321356504927,149.33423876321663,159.9374470588236,159.9374470588236,164.59285235297915,180.74861476387315,-10
1766428200,166.27,166.46,163.69,164.24,91.23984089909948,141.42381176470596,141.42381176470596,171.05040758273387,215.8732930552498,153.95426969820576,165.77967058823543,165.77967058823543,164.59285235297915,180.84321356504927,148.915811909816,159.3671411764705,159.3671411764705,164.59285235297915,180.74861476387315,-15
1766500200,162.25,162.73,156.72,158.36,91.23984089909948,141.42381176470596,141.42381176470596,170.19890949941987,215.8732930552498,153.3752568018556,165.10895294117648,165.10895294117648,164.59285235297915,180.84321356504927,147.52775962807306,158.07375294117648,158.07375294117648,164.59285235297915,180.74861476387315,-10
1766514600,158.39,159.19,156.51,157.88,90.99653585607172,140.1614823529412,140.1614823529412,166.3168445351756,215.8732930552498,152.3098503950633,164.172,164.172,163.18558599988782,175.04108720659858,145.29978731812574,156.19274117647052,156.19274117647052,163.18558599988782,174.95906068925794,-30
1766586600,157.2,159.28,155.09,158.69,90.27954827169145,138.74240000000003,138.74240000000003,166.1970699255202,215.8732930552498,151.7313095241704,163.53892941176457,163.53892941176457,162.0549185407196,171.01029526327014,143.46339126334183,154.60142352941187,154.60142352941187,162.0549185407196,170.93484206859668,-30
1766759400,159.89,159.89,154.13,157.23,90.27954827169145,138.74240000000003,138.74240000000003,166.1970699255202,215.8732930552498,152.4175349121557,163.45910588235293,163.45910588235293,162.0549185407196,171.01029526327014,142.20734720192124,153.4059647058824,153.4059647058824,162.0549185407196,170.93484206859668,5
1766773800,157.32,159.26,156.87,158.82,89.78966800605022,137.50870588235296,137.50870588235296,165.7769633541475,208.41292212273194,153.20961201002672,163.4941058823529,163.4941058823529,162.0549185407196,171.01029526327014,141.65460536691646,152.72808235294116,152.72808235294116,162.0549185407196,170.93484206859668,0
1767018600,157.9,162.92,155.86,156.7,89.78966800605022,137.50870588235296,137.50870588235296,165.7769633541475,208.41292212273194,152.05080455540147,162.52590588235302,162.52590588235302,161.18105086968703,171.01029526327014,142.6878717054671,152.84754117647043,152.84754117647043,161.18105086968703,170.93484206859668,5
1767033000,156.72,157.27,155.33,155.33,88.50148097562446,135.81724705882374,135.81724705882374,163.49605513699456,208.41292212273194,151.0574095096095,161.65637647058819,161.65637647058819,160.61376324988322,171.01029526327014,143.5304953646573,152.89128235294118,152.89128235294118,160.61376324988322,170.93484206859668,0
1767105000,155.89,159.38,154.16,157.24,88.50148097562446,135.81724705882374,135.81724705882374,163.49605513699456,208.41292212273194,149.77173305160403,160.57865882352948,160.57865882352948,160.61376324988322,171.01029526327014,144.83073899816762,153.31739999999996,153.31739999999996,160.61376324988322,170.93484206859668,15
1767119400,157.27,157.65,155.5,155.5,88.12631993347168,134.68630588235303,134.68630588235303,163.49605513699456,208.41292212273194,148.42922189419807,159.46536470588234,159.46536470588234,160.06488239743635,170.00800874395208,146.0638111658998,153.59034117647056,153.59034117647056,160.06488239743635,169.9425466562343,-45
1767191400,156.17,156.74,152.53,154.215,88.12631993347168,134.68630588235303,134.68630588235303,162.48973875217823,208.41292212273194,146.74651051801476,158.05641176470593,158.05641176470593,157.42716900595275,170.00800874395208,145.51959767736227,152.94220000000013,152.94220000000013,157.42716900595275,169.9425466562343,-10
1767205800,154.18,154.68,151.43,151.86,88.39970795956515,133.85668235294122,133.85668235294122,160.2511859841655,208.41292212273194,144.84401180986634,156.4848235294118,156.4848235294118,155.74184470411234,167.05315097652692,146.24955947952427,152.85429411764736,152.85429411764736,155.74184470411234,166.92736475221756,-40
1767364200,154.6,160.76,149.79,157.67,88.39970795956515,133.85668235294122,133.85668235294122,160.2511859841655,208.41292212273194,143.82370927069874,155.60060000000013,155.60060000000013,155.74184470411234,167.05315097652692,148.51036278972458,153.8813764705883,153.8813764705883,155.74184470411234,166.92736475221756,-10
1767378600,157.63,158.44,155.9,157.27,90.19363146167078,133.98397647058835,133.98397647058835,160.2511859841655,198.91842768539397,143.01237818506732,154.87880000000004,154.87880000000004,155.74184470411234,167.05315097652692,150.40486490063623,154.6498235294118,154.6498235294118,155.74184470411234,166.92736475221756,-5
1767623400,163.16,167.68,160.98,161.52,90.19363146167078,133.98397647058835,133.98397647058835,160.2511859841655,198.91842768539397,142.39369199183685,154.31556470588248,154.31556470588248,159.0718291379262,167.05315097652692,151.18984883506212,155.37862352941184,159.56739822376156,159.0718291379262,166.92736475221756,-10
1767637800,161.5,166.17,161.14,164.67,91.56122941650295,134.19487058823543,134.19487058823543,160.2511859841655,198.91842768539397,142.0287447321515,153.97137647058832,165.91400820902516,159.90624585132065,167.05315097652692,151.97383451118952,156.25182352941184,160.52981254763415,159.90624585132065,166.92736475221756,-5
1767709800,166.805,167.1,154.95,155.46,91.56122941650295,134.19487058823543,134.19487058823543,160.2511859841655,198.91842768539397,141.2162026561169,153.24194117647062,153.24194117647062,159.90624585132065,167.05315097652692,152.00823447805118,156.17655294117645,156.17655294117645,159.90624585132065,166.92736475221756,15
1767724200,155.45,159.65,154.06,158.03,93.0557770668498,134.31920000000002,134.31920000000002,160.2511859841655,198.91842768539397,140.49353342555852,152.59297647058844,152.59297647058844,159.90624585132065,167.05315097652692,152.59299140254362,156.50391764705887,156.50391764705887,159.90624585132065,166.92736475221756,20
1767796200,163.51,170.12,158.47,161.34,93.0557770668498,134.31920000000002,134.31920000000002,160.2511859841655,198.91842768539397,140.20921066360611,152.30309411764702,152.30309411764702,159.90624585132065,167.05315097652692,153.48772292890698,157.36107058823526,161.23441824756355,159.90624585132065,166.92736475221756,15
1767810600,161.37,162.65,159.84,161.5,95.78638641031942,135.20835294117663,135.20835294117663,160.2511859841655,198.91842768539397,139.36950068429348,151.47309411764712,151.47309411764712,159.90624585132065,167.05315097652692,153.88333706841817,157.74304705882346,161.60275704922876,159.90624585132065,166.92736475221756,20
1767882600,158.635,170.6,156.2,169.4,95.78638641031942,135.20835294117663,135.20835294117663,160.2511859841655,198.91842768539397,139.52661854613092,151.624505882353,163.72239321857506,159.90624585132065,167.05315097652692,155.1317438132764,159.23071764705887,163.32969148084135,159.90624585132065,166.92736475221756,15
1767897000,169.39,170.4,165.18,166.86,100.17149990627794,137.0580235294119,137.0580235294119,160.2511859841655,198.91842768539397,140.183770416716,152.0856352941178,163.9875001715196,161.67445224968196,167.05315097652692,155.88046982725166,160.1857294117646,164.49098899627757,161.67445224968196,166.92736475221756,20
1767969000,166.72,167.2,155.47,158.77,100.17149990627794,137.0580235294119,137.0580235294119,160.2511859841655,198.91842768539397,140.01750329438156,151.84984705882357,151.84984705882357,161.67445224968196,167.05315097652692,156.5276364114376,160.69749411764707,160.69749411764707,161.67445224968196,166.92736475221756,15
1767983400,158.78,159.87,156.81,157.31,103.25647506875065,138.02230588235292,138.02230588235292,160.2511859841655,198.91842768539397,140.09966402399374,151.7397529411766,151.7397529411766,161.67445224968196,167.05315097652692,156.6839919485855,160.76702352941177,160.76702352941177,161.67445224968196,166.92736475221756,20
1768228200,156.15,161.98,154.69,160.83,103.25647506875065,138.02230588235292,138.02230588235292,160.2511859841655,198.91842768539397,140.78476753348176,152.06641176470603,152.06641176470603,161.67445224968196,167.05315097652692,157.88872712202382,161.66055294117643,161.66055294117643,161.67445224968196,166.92736475221756,15
1768242600,160.82,163.82,159.93,162.24,106.54384853544892,139.29541176470593,139.29541176470593,160.2511859841655,198.91842768539397,141.62060671441324,152.5293529411765,163.43809916793978,161.67445224968196,167.05315097652692,158.83941056920924,162.54081176470584,166.24221296020244,161.67445224968196,166.92736475221756,20
1768314600,164.445,169.9,160.73,169.86,106.54384853544892,139.29541176470593,139.29541176470593,160.2511859841655,198.91842768539397,143.03121396827981,153.5868117647061,164.1424095611324,161.68212083258197,167.05315097652692,159.8213681009156,163.9494941176469,168.0776201343782,161.68212083258197,166.92736475221756,15
1768329000,169.88,173.76,168.95,173.22,109.46016437366534,140.83858823529408,172.21701209692282,162.16533304264163,198.91842768539397,144.2867370785371,154.70396470588253,165.12119233322795,166.4588184729916,167.05315097652692,160.95774811850157,165.83210588235286,170.70646364620416,166.4588184729916,166.92736475221756,20
1768401000,178.43,190.2,176.8,179.17,109.46016437366534,140.83858823529408,172.21701209692282,169.28709496816725,198.91842768539397,145.84032401525963,156.26034117647072,166.6803583376818,171.4102567445693,167.05315097652692,162.48254428727518,169.02530588235285,175.56806747743053,171.4102567445693,166.92736475221756,15
1768415400,179.18,180.54,176.12,179.22,114.63453365262987,143.66360000000014,172.69266634737042,169.28709496816725,198.91842768539397,147.65156871799724,157.96834117647057,168.2851136349439,173.24481321342964,167.05315097652692,164.05664768941986,171.41452941176453,178.7724111341092,173.24481321342964,166.92736475221756,20
1768487400,179.125,179.22,170.1,175.32,114.63453365262987,143.66360000000014,172.69266634737042,169.28709496816725,198.91842768539397,149.32867022252788,159.41944705882347,169.51022389511905,173.24481321342964,167.05315097652692,165.34234770035732,173.0701529411766,180.79795818199585,173.24481321342964,166.92736475221756,15
1768501800,175.325,175.75,170.79,170.9,119.1494678245308,145.8534117647058,145.8534117647058,169.28709496816725,198.91842768539397,151.61410756867562,160.93307058823538,170.25203360779514,173.24481321342964,167.05315097652692,166.12446329325994,173.9466235294116,181.76878376556326,173.24481321342964,166.92736475221756,15
1768573800,171.96,173.88,167.62,171.82,119.1494678245308,145.8534117647058,145.8534117647058,169.28709496816725,198.91842768539397,153.65710289211086,162.3945529411765,171.13200299024214,173.24481321342964,167.05315097652692,166.83829272052273,174.69775294117633,182.55721316182994,173.24481321342964,166.92736475221756,15
1768588200,171.89,173.86,170.7,173.72,122.69952029638958,147.77404705882356,172.84857382125753,169.28709496816725,198.91842768539397,155.68901115414937,163.9542470588235,172.21948296349765,173.24481321342964,167.05315097652692,167.61183204347725,175.55525882352936,183.49868560358146,173.24481321342964,166.92736475221756,20
1768919400,165.17,165.72,158.85,160.97,122.69952029638958,147.77404705882356,172.84857382125753,169.28709496816725,198.91842768539397,156.6951391549041,164.4680823529412,164.4680823529412,169.68783543220567,167.05315097652692,166.6379694408611,174.39878823529403,174.39878823529403,169.68783543220567,166.92736475221756,0
1768933800,160.99,163.03,159.45,160.27,126.25810746334993,149.14082352941188,149.14082352941188,169.28709496816725,198.91842768539397,157.12552105959648,164.6888235294118,164.6888235294118,168.1093070818508,167.05315097652692,165.52357489443102,173.00195294117626,173.00195294117626,168.1093070818508,166.92736475221756,10
1769005800,161.27,164.16,156.02,158.97,126.25810746334993,149.14082352941188,149.14082352941188,169.28709496816725,198.91842768539397,158.037523013625,165.0946235294117,165.0946235294117,165.6514433511877,167.05315097652692,164.02302026589763,171.1203999999998,171.1203999999998,165.6514433511877,166.92736475221756,10
1769020200,158.98,165.73,158.245,163.91,128.8920203052177,150.2965647058823,150.2965647058823,169.28709496816725,198.91842768539397,159.35327630091155,165.8877411764705,165.8877411764705,165.6514433511877,167.05315097652692,163.21566822814876,170.18818823529404,170.18818823529404,165.6514433511877,166.92736475221756,15