time,open,high,low,close,VST SRI Bias Histogram,VLT SRI Bias Histogram,ST SRI Bias Histogram,LT SRI Bias Histogram,VLT Reversal Support,VLT Reversal Robust Fit,VLT Reversal Resistance,VLT Fast Trackline,VLT Slow Trackline,VLT Stage 4 to 1,VLT Stage 1 to 2,VLT Stage 2 to 3,VLT Stage 3 to 4,ST Reversal Support,ST Reversal Robust Fit,ST Reversal Resistance,ST Fast Trackline,ST Slow Trackline,ST Stage 4 to 1,ST Stage 1 to 2,ST Stage 2 to 3,ST Stage 3 to 4,LT Reversal Support,LT Reversal Robust Fit,LT Reversal Resistance,LT Fast Trackline,LT Slow Trackline,LT Stage 4 to 1,LT Stage 1 to 2,LT Stage 2 to 3,LT Stage 3 to 4,VST Reversal Support,VST Reversal Robust Fit,VST Reversal Resistance,VST Fast Trackline,VST Slow Trackline,VST Stage 4 to 1,VST Stage 1 to 2,VST Stage 2 to 3,VST Stage 3 to 4,Risk Oscillator,STH MVRV,MVRV SMA,%K,%D,MTF RSI,Volume,STH-MVRV,NRPL,Displayed STH SOPR (Mirrored),Short-Term Risk Score,Funding Rate,Funding Rate,Funding Rate,Funding Rate,Funding Rate,Funding Rate,Funding Rate,MVRV,Z-score,Plot,Plot
1753450200,88.5,88.75,88,88.6,0,0,0,0,,,,,,0,0,0,0,,,,,,0,0,0,0,,,,,,0,0,0,0,,,,,,0,0,0,0,,,,,,,1004810,,100480.99999999428,,,0.004999999999999999,0.004,0.0029999999999999996,0.002,0.001,0,0.004999999999999999,2.3253806121677587,,7,
1753709400,88.58,95,88,89.95,0,0,0,0,,,,,,0,0,0,0,,,,,,0,0,0,0,,,,,,0,0,0,0,,,,,,0,0,0,0,,,,,,,1160838,,1590348.0600000052,,,0.005,0.004,0.003,0.002,0.001,0,0.005,2.3385188286177585,127.38613501172779,7,
1753795800,90.7,95,90.32,93.25,0,0,0,0,,,,,,0,0,0,0,,,,,,0,0,0,0,,,,,,0,0,0,0,,,,,,0,0,0,0,,,,,,,2463223,,6281218.649999993,,,0.004999999999999999,0.004,0.0029999999999999996,0.002,0.001,0,0.004999999999999999,2.3090397404355354,113.89924176950142,7,
1753882200,93.74,95,93.3,94.5,0,0,0,0,,,,,,0,0,0,0,,,,,,0,0,0,0,,,,,,0,0,0,0,,,,,,0,0,0,0,,,,,,,3074414,,2336554.6400000155,,,0.004999999999999999,0.004,0.0029999999999999996,0.002,0.001,0,0.004999999999999999,2.3027657075859667,114.21546425345676,7,
1753968600,95,95.99,94,94.48,0,0,0,0,,,,,,0,0,0,0,,,,,,0,0,0,0,,,,,,0,0,0,0,,,,,,0,0,0,0,,,,,,,1964083,,-1021323.1599999922,,,-0.003347000000000002,-0.0026776000000000013,-0.0020082000000000008,-0.0013388000000000007,-0.0006694000000000003,-0.003347000000000002,0,2.2975142698504802,115.65449720169545,7,
1754055000,94.68,95.25,93.55,94.14,0,0,0,0,,,,,,0,0,0,0,,,,,,0,0,0,0,,,,,,0,0,0,0,,,,,,0,0,0,0,,,,,,,2692995,,-1454217.3000000168,,,0.0003039999999999998,0.00024319999999999984,0.00018239999999999988,0.00012159999999999992,0.00006079999999999996,0,0.0003039999999999998,2.2560652098892118,59.44032230439268,7,
1754314200,95.9,96.39,95.15,96.39,15,0,0,0,,,,,,0,0,0,0,,,,94.90477040816326,,0,0,0,0,,,,,,0,0,0,0,,,,94.90477040816326,,0,0,0,0,,,,,,,1445291,,708192.5899999926,,,0.0003550000000000005,0.0002840000000000004,0.0002130000000000003,0.0001420000000000002,0.0000710000000000001,0,0.0003550000000000005,2.2243253082408296,39.028125268100936,7,
1754400600,96.75,97.18,96.01,96.5,15,0,0,0,,,,,,0,0,0,0,,,,95.61803591283713,,0,0,0,0,,,,,,0,0,0,0,,,,95.61803591283713,,0,0,0,0,,,,,,,1410022,,-352505.5,,,0.0020255000000000004,0.0016204000000000001,0.0012153,0.0008102000000000001,0.00040510000000000003,0,0.0020255000000000004,2.238070877126388,37.72239404129248,7,
1754487000,96.99,97.3,96.85,97,15,0,0,0,,,,,,0,0,0,0,,,,96.22135135637603,,0,0,0,0,,,,,,0,0,0,0,,,,96.22135135637603,,0,0,0,0,,,,,,,1348808,,13488.080000006901,,,-0.004123000000000001,-0.003298400000000001,-0.002473800000000001,-0.0016492000000000004,-0.0008246000000000002,-0.004123000000000001,0,2.2184474012655206,34.09806764098918,7,
1754573400,97.55,97.75,97.3,97.59,15,0,0,0,,,,,,0,0,0,0,,,,96.84642030218136,,0,0,0,0,,,,0,,0,0,0,0,,,,96.84642030218136,,0,0,0,0,,,,,,,1290989,,51639.560000008074,,,0.0018870000000000015,0.0015096000000000011,0.0011322000000000007,0.0007548000000000006,0.0003774000000000003,0,0.0018870000000000015,2.2349278034224502,34.96134367840782,7,
1754659800,97.8,97.89,97.4,97.5,15,0,0,0,,,,,,0,0,0,0,,,,96.97355908416559,,0,0,0,0,,,,96.52883017492711,,0,0,0,0,,,,96.97355908416559,,0,0,0,0,,,,,,,825980,,-247793.99999999764,,,0.0024769999999999996,0.0019815999999999996,0.0014861999999999996,0.0009907999999999998,0.0004953999999999999,0,0.0024769999999999996,2.2790138431499343,37.602568580822464,7,
1754919000,98.25,98.33,97.865,98.05,15,0,0,0,,,,,,0,0,0,0,,,,97.6463195283958,,0,0,0,0,,,,97.12623622225858,,0,0,0,0,,,,97.6463195283958,,0,0,0,0,,,,,,,1357463,,-271492.6000000039,,,0.004999999999999999,0.004,0.0029999999999999996,0.002,0.001,0,0.004999999999999999,2.309183317641044,36.95630942282627,7,
1755005400,98.49,98.49,97.28,97.79,0,0,0,0,,,,,,0,0,0,0,,,,97.6463195283958,,0,0,0,0,,,,97.12623622225858,,0,0,0,0,,,,97.6463195283958,,0,0,0,0,,,,,,,821514,,-575059.7999999906,,,0.0036125,0.0028899999999999998,0.0021674999999999997,0.0014449999999999999,0.0007224999999999999,0,0.0036125,2.295211629160305,36.72485939893462,7,
1755091800,98.16,98.1999,97.65,97.9,0,0,0,0,,,,,,0,0,0,0,,,,97.6463195283958,0,0,0,0,0,,,,97.12623622225858,,0,0,0,0,,,,97.6463195283958,0,0,0,0,0,,,,,,,759059,,-197355.3399999931,,,0.0006349999999999992,0.0005079999999999993,0.0003809999999999995,0.00025399999999999967,0.00012699999999999983,0,0.0006349999999999992,2.3196884978471877,35.39194517829271,7,
1755178200,97.98,98.19,97.6,98.01,15,0,0,15,,,,,,0,0,0,0,,,,97.6463195283958,95.81413928571428,0,0,0,0,,,,97.12623622225858,,0,0,0,0,,,,97.6463195283958,95.81413928571428,0,0,0,0,,,,,,,821998,,24659.940000000934,,,0.005,0.004,0.003,0.002,0.001,0,0.005,2.377275275701291,29.688403240016985,7,
1755264600,97.78,97.9,96.38,96.95,-15,0,0,0,,,,,,0,0,0,0,,,,97.53432624831724,95.81413928571428,0,0,0,0,,,,97.12623622225858,,0,0,0,0,97.22917374300073,98.53785882352942,98.53785882352942,97.53432624831724,95.81413928571428,0,0,0,0,,,,,,,650827,,-540186.4099999989,,,0.0021300000000000004,0.0017040000000000002,0.001278,0.0008520000000000001,0.00042600000000000005,0,0.0021300000000000004,2.2799292209339335,28.435275584843016,7,
1755523800,97.2,97.23,95.43,96.25,-15,0,0,0,,,,0,,0,0,0,0,,,,96.71685735053593,95.81413928571428,0,0,0,0,,,,97.0584132382331,,0,0,0,0,96.80777410734534,98.01797647058815,98.01797647058815,96.71685735053593,95.81413928571428,0,0,0,0,,,,,,,715325,,-679558.750000002,,,0.001241,0.0009927999999999998,0.0007445999999999999,0.0004963999999999999,0.00024819999999999996,0,0.001241,2.252965807411094,28.8121630652271,7,
1755610200,96.25,96.25,92.2,93.6,-35,0,0,0,,,,0,,0,0,0,0,,,,94.6681981046383,95.81413928571428,0,0,0,0,,,,95.17286651663977,,0,0,0,0,95.37466073449895,96.6790117647059,96.6790117647059,94.6681981046383,95.81413928571428,0,0,0,0,,,,,,,1311595,,-3475726.7500000075,,,0.004999999999999999,0.004,0.0029999999999999996,0.002,0.001,0,0.004999999999999999,2.229339821693586,28.818164989482675,7,
1755696600,94,94.4873,92.53,93.99,15,0,0,0,,,,0,,0,0,0,0,,,,94.6681981046383,95.81413928571428,0,0,0,0,,,,95.17286651663977,,0,0,0,0,94.0636874663781,95.48122352941179,95.48122352941179,94.6681981046383,95.81413928571428,0,0,0,0,,,,,,,821917,,-8219.170000004206,,,0.0016205000000000013,0.001296400000000001,0.0009723000000000007,0.0006482000000000005,0.00032410000000000023,0,0.0016205000000000013,2.1627055159246917,25.250924149824424,7,
1755783000,94.1,94.5299,93.6,94.44,-10,0,15,0,,,,92.19206489483548,,0,0,0,0,,,,94.6681981046383,95.81413928571428,0,0,0,0,,,,95.17286651663977,,0,0,0,0,93.05941070770834,94.63967058823525,94.63967058823525,94.6681981046383,95.81413928571428,0,0,0,0,,,,,,,419932,,142776.88000000143,,,0.004632000000000001,0.0037056000000000003,0.0027792000000000003,0.0018528000000000001,0.0009264000000000001,0,0.004632000000000001,2.188103183701875,25.50478967289464,7,
1755869400,94.84,95.8,94.12,95.05,-10,0,15,0,,,,92.78191740234723,,0,0,0,0,,,,94.6681981046383,95.81413928571428,0,0,0,0,,,,95.17286651663977,,0,0,0,0,92.56909351690891,94.20191764705892,94.20191764705892,94.6681981046383,95.81413928571428,0,0,0,0,,,,,,,722537,,151732.76999999548,,,0.004999999999999999,0.004,0.0029999999999999996,0.002,0.001,0,0.004999999999999999,2.1533941803342542,23.4241161798627,7,
1756128600,95,95.25,94.5,95.1,0,0,15,0,,,,93.14392330217957,,0,0,0,0,,,,94.6681981046383,95.81413928571428,0,0,0,0,,,,95.17286651663977,,0,0,0,0,92.284478036936,93.93521176470601,93.93521176470601,94.6681981046383,95.81413928571428,0,0,0,0,,,,,,,566099,,56609.899999996785,,,0.004999999999999999,0.004,0.0029999999999999996,0.002,0.001,0,0.004999999999999999,2.1669858641963073,23.38510619636761,7,
1756215000,95.11,95.8,94.92,95.66,15,0,15,0,,,,93.61007163773817,,0,0,0,0,,,,94.86597250861202,95.81413928571428,0,0,0,0,,,,95.17286651663977,,0,0,0,0,92.25267012717958,93.87749411764722,95.50231810811485,94.86597250861202,95.81413928571428,0,0,0,0,,,,,,,355477,,195512.349999999,,,0.0018785000000000004,0.0015028000000000003,0.0011271000000000002,0.0007514000000000002,0.0003757000000000001,0,0.0018785000000000004,2.1034896850404676,20.01455954822326,7,
1756301400,95.88,96.95,95.66,96.52,35,0,15,0,,,,94.40935223504259,,0,0,0,0,,,,96.11757346990547,95.81413928571428,0,0,0,0,,,,95.6613305545002,,0,0,0,0,92.79534876923914,94.34523529411776,95.89512181899637,96.11757346990547,95.81413928571428,0,0,0,0,,,,,,,506822,,324366.0800000003,,,-0.00009100000000000167,-0.00007280000000000134,-0.000054600000000001,-0.00003640000000000067,-0.000018200000000000334,-0.00009100000000000167,0,2.133276072271477,19.946056185497092,7,
1756387800,96.92,97.62,96.7002,97.41,15,0,15,0,,,,95.43368421825383,,0,0,0,0,,,,96.82638553943596,95.81413928571428,0,0,0,0,,,,96.1910452230129,,0,0,0,0,93.62658297390412,95.1069529411765,96.58732290844888,96.82638553943596,95.81413928571428,0,0,0,0,,,,,,,580021,,284210.289999997,,,0.000392000000000003,0.0003136000000000024,0.00023520000000000181,0.0001568000000000012,0.0000784000000000006,0,0.000392000000000003,2.1225445819829893,19.12219314411462,7,
1756474200,97.39,97.9,97.24,97.75,15,0,15,0,,,,96.14199248837856,,0,0,0,0,,,,97.01079569428964,95.81413928571428,0,0,0,0,,,,96.6045236871897,,0,0,0,0,94.48503239525327,95.94281176470582,97.40059113415838,97.01079569428964,95.81413928571428,0,0,0,0,,,,,,,3887593,,1399533.479999998,,,-0.00010100000000000191,-0.00008080000000000153,-0.00006060000000000115,-0.000040400000000000765,-0.000020200000000000383,-0.00010100000000000191,0,2.144930477677856,19.436782510221747,7,
1756819800,97.5,98.1,97.2,97.48,0,0,0,0,,,,96.14199248837856,,0,0,0,0,,,,97.01079569428964,95.81413928571428,0,0,0,0,,,,96.6045236871897,,0,0,0,0,95.33262464749392,96.74078823529409,98.14895182309427,97.01079569428964,95.81413928571428,0,0,0,0,,,,,,,688375,,-13767.49999999726,,,0.00002550000000000035,0.00002040000000000028,0.00001530000000000021,0.00001020000000000014,0.00000510000000000007,0,0.00002550000000000035,2.071482959625429,17.19626077561321,7,
1756906200,98.43,98.43,97.55,97.67,30,0,15,15,,,,96.34477923742845,,0,0,0,0,95.09641948612554,96.57174117647065,98.04706286681576,97.2852191867279,96.06865862672461,0,0,0,0,,,,96.89937264604804,,0,0,0,0,96.15283119662722,97.57443529411762,98.99603939160802,97.2852191867279,96.06865862672461,0,0,0,0,,,,,,,606020,,-460575.2000000031,,,0.004999999999999999,0.004,0.0029999999999999996,0.002,0.001,0,0.004999999999999999,2.108060774106685,17.553513982195614,7,
1756992600,97.89,97.9392,97.34,97.46,0,15,0,0,,,,96.34477923742845,,0,0,0,0,95.17292407366307,96.62604705882352,98.07917004398396,97.2852191867279,96.06865862672461,0,0,0,0,,,,96.89937264604804,,0,0,0,0,96.67479707097635,98.15140000000002,99.6280029290237,97.2852191867279,96.06865862672461,0,0,0,0,,,,,,,631015,,-271336.4500000043,,,0.004935000000000001,0.003948,0.0029610000000000005,0.001974,0.000987,0,0.004935000000000001,2.1165623747532916,17.61977660988456,7,
1757079000,97.77,97.97,97.5015,97.6,30,0,15,15,,,,96.45111066900718,,0,0,0,0,95.26438698572449,96.70628235294112,98.14817772015775,97.33361670348347,96.14804953018601,0,0,0,0,,,,96.91051481129348,,0,0,0,0,97.03589819447072,98.50438823529413,99.97287827611754,97.33361670348347,96.14804953018601,0,0,0,0,,,,,,,410133,,-69722.6100000007,,,0.005000000000000003,0.004000000000000002,0.0030000000000000014,0.002000000000000001,0.0010000000000000005,0,0.005000000000000003,2.095881854846883,17.06303167368627,7,
1757338200,97.8,97.8999,97.45,97.56,15,15,15,15,,,,96.45817419264954,,0,0,0,0,95.3133561220344,96.68320000000007,98.05304387796573,97.33361670348347,96.16108884945845,0,0,0,0,,,,96.97942348524796,,0,0,0,0,97.19041650297072,98.52255294117651,99.85468937938231,97.33361670348347,96.16108884945845,0,0,0,0,,,,,,,375228,,-90054.71999999808,,,-0.0011019999999999986,-0.0008815999999999989,-0.0006611999999999992,-0.00044079999999999944,-0.00022039999999999972,-0.0011019999999999986,0,2.097925131672797,17.0335606005,7,
1757424600,97.51,97.69,97.19,97.33,0,0,0,0,,,,96.45817419264954,,0,0,0,0,95.36986759320173,96.73409411764706,98.09832064209239,97.33361670348347,96.16108884945845,0,0,0,0,,,,96.97942348524796,,0,0,0,0,97.22577157819424,98.35384705882356,98.35384705882356,97.33361670348347,96.16108884945845,0,0,0,0,,,,,,,318255,,-57285.90000000217,,,0.00009000000000000219,0.00007200000000000175,0.00005400000000000131,0.000036000000000000875,0.000018000000000000438,0,0.00009000000000000219,2.1137108165992142,17.355625713173602,7,
1757511000,97.54,97.65,97.3,97.4,0,0,0,0,,,,96.45817419264954,,0,0,0,0,95.45760472130507,96.82851764705885,98.19943057281262,97.33361670348347,96.16108884945845,0,0,0,0,,,,96.97942348524796,,0,0,0,0,97.24525179392225,98.20404705882355,99.16284232372485,97.33361670348347,96.16108884945845,0,0,0,0,,,,,,,313553,,-43897.42000000018,,,0.004947,0.0039576,0.0029682,0.0019788,0.0009894,0,0.004947,2.1029514661424242,17.19384866036072,7,
1757597400,97.5,97.54,97.25,97.37,0,0,0,0,,,,96.45817419264954,,0,0,0,0,95.57841378566668,96.9535764705882,98.32873915550972,97.33361670348347,96.16108884945845,0,0,0,0,,,,96.97942348524796,,0,0,0,0,97.2156717861304,97.98258823529402,98.74950468445763,97.33361670348347,96.16108884945845,0,0,0,0,,,,,,,308674,,-40127.6199999986,,,0.0018219999999999998,0.0014575999999999999,0.0010932,0.0007287999999999999,0.00036439999999999997,0,0.0018219999999999998,2.1467430472528513,18.143700087972903,7,
1757683800,97.63,97.79,97.134,97.25,0,0,0,0,,,,96.45817419264954,,0,0,0,0,95.76006338847286,97.13310588235292,98.50614837623299,97.33361670348347,96.16108884945845,0,0,0,0,,,,96.97942348524796,,0,0,0,0,97.23097878384483,97.6946823529412,98.15838592203757,97.33361670348347,96.16108884945845,0,0,0,0,,,,,,,472332,,-179486.15999999785,,,0.0021185000000000006,0.0016948000000000006,0.0012711000000000005,0.0008474000000000003,0.00042370000000000016,0,0.0021185000000000006,2.173007561881926,18.84360100460426,7,
1757943000,96.8,97.2156,96.61,96.9,-15,0,0,0,,,,96.45817419264954,,0,0,0,0,95.86074375361369,97.22505882352937,97.22505882352937,97.18389354769828,96.16108884945845,0,0,0,0,,,,96.97942348524796,,0,0,0,0,97.07221638299562,97.34084705882348,97.34084705882348,97.18389354769828,96.16108884945845,0,0,0,0,,,,,,,333918,,33391.80000000285,,,-0.0052915,-0.0042332,-0.0031749000000000005,-0.0021166,-0.0010583,-0.0052915,0,2.166168993316091,19.02664672733096,7,
1758029400,97.08,97.5,96.62,96.95,0,0,0,0,,,,96.45817419264954,,0,0,0,0,96.06510305507429,97.40049411764706,97.40049411764706,97.18389354769828,96.16108884945845,0,0,0,0,,,,96.97942348524796,,0,0,0,0,96.92122367590999,97.15461176470599,97.15461176470599,97.18389354769828,96.16108884945845,0,0,0,0,,,,,,,281533,,-36599.28999999872,,,0.0027140000000000016,0.002171200000000001,0.0016284000000000008,0.0010856000000000006,0.0005428000000000003,0,0.0027140000000000016,2.165277552569518,19.28763270750428,7,
1758115800,96.9,97.34,96.8803,97.26,0,0,0,0,,,,96.45817419264954,,0,0,0,0,96.26564279148802,97.58543529411769,98.90522779674735,97.18389354769828,96.16108884945845,0,0,0,0,,,,96.97942348524796,,0,0,0,0,96.86934967259403,97.10616470588239,97.34297973917076,97.18389354769828,96.16108884945845,0,0,0,0,,,,,,,249794,,89925.83999999985,,,0.004999999999999999,0.004,0.0029999999999999996,0.002,0.001,0,0.004999999999999999,2.189421419026316,19.882289308268263,7,
1758202200,97.49,98.1,97.1001,97.5,0,0,0,0,,,,96.45817419264954,,0,0,0,0,96.52037314097053,97.83378823529418,99.14720332961782,97.18389354769828,96.16108884945845,0,0,0,0,,,,96.97942348524796,,0,0,0,0,96.92573032366973,97.16089411764709,97.39605791162445,97.18389354769828,96.16108884945845,0,0,0,0,,,,,,,328268,,3282.680000001679,,,0.004999999999999999,0.004,0.0029999999999999996,0.002,0.001,0,0.004999999999999999,2.179924624515812,19.94963656030922,7,
1758288600,97.64,97.74,97.4,97.7,30,0,15,15,,,,96.6437073103506,,0,0,0,0,96.79014831081443,98.09077647058825,99.39140463036208,97.28577958802123,96.45497122406535,0,0,0,0,,,,97.11054240067715,,0,0,0,0,97.02014583716655,97.24752941176467,97.4749129863628,97.28577958802123,96.45497122406535,0,0,0,0,,,,,,,283477,,17008.620000000643,,,-0.004168500000000002,-0.0033348000000000015,-0.002501100000000001,-0.0016674000000000007,-0.0008337000000000004,-0.004168500000000002,0,2.1902131598090633,20.280660419846605,7,
1758547800,97.75,97.75,97.51,97.55,30,15,15,15,,,,96.79558535961128,,0,0,0,0,96.95685533102188,98.27228235294123,99.58770937486058,97.38915375920122,96.6153304223464,0,0,0,0,,,,97.17097788629815,,0,0,0,0,97.11455615605016,97.34701176470583,97.5794673733615,97.38915375920122,96.6153304223464,0,0,0,0,,,,,,,231881,,-46376.20000000066,,,0.0013390000000000006,0.0010712000000000005,0.0008034000000000003,0.0005356000000000002,0.0002678000000000001,0,0.0013390000000000006,2.1505958912886514,19.900209721403833,7,
1758634200,97.5,97.75,97.4,97.4,0,0,0,0,,,,96.79558535961128,,0,0,0,0,97.04429957921347,98.36658823529413,99.68887689137479,97.38915375920122,96.6153304223464,0,0,0,0,,,,97.17242481012443,,0,0,0,0,97.19280828146788,97.42049411764715,97.42049411764715,97.38915375920122,96.6153304223464,0,0,0,0,,,,,,,214288,,-21428.79999999878,,,0.0026024999999999998,0.0020819999999999996,0.0015614999999999997,0.0010409999999999998,0.0005204999999999999,0,0.0026024999999999998,2.104121087585582,19.206163341498566,7,
1758720600,97.75,97.75,97.5,97.5,15,15,15,15,,,,96.83614247844035,,0,0,0,0,97.08188101049215,98.21590588235294,99.34993075421373,97.38915375920122,96.68036143559459,0,0,0,0,,,,97.17242481012443,,0,0,0,0,97.27311664517809,97.4979529411765,97.7227892371749,97.38915375920122,96.68036143559459,0,0,0,0,,,,,,,134630,,-33657.5,,,0.0025075,0.002006,0.0015045,0.001003,0.0005015,0,0.0025075,2.0884488742532654,18.979783760309996,7,
1758807000,97.49,97.49,96.88,96.92,-15,0,15,0,,,,96.83614247844035,,0,0,0,0,97.05144124668932,98.01924705882352,98.01924705882352,97.19265217283193,96.68036143559459,0,0,0,0,,,,97.17242481012443,,0,0,0,0,97.20557933202146,97.44072941176478,97.44072941176478,97.19265217283193,96.68036143559459,0,0,0,0,,,,,,,533133,,-303885.8099999964,,,0.004999999999999999,0.004,0.0029999999999999996,0.002,0.001,0,0.004999999999999999,2.1104000795597075,19.55189206024162,7,
1758893400,97.05,97.29,96.96,97,0,0,0,0,,,,96.83614247844035,,0,0,0,0,97.01922815653705,97.80101176470589,97.80101176470589,97.19265217283193,96.68036143559459,0,0,0,0,,,,97.17242481012443,,0,0,0,0,97.10672017634401,97.35395294117644,97.35395294117644,97.19265217283193,96.68036143559459,0,0,0,0,,,,,,,306829,,-15341.449999999128,,,-0.0016229999999999999,-0.0012984,-0.0009737999999999999,-0.0006492,-0.0003246,-0.0016229999999999999,0,2.029547348157246,17.651043963731748,7,
1759152600,97.31,97.345,96.95,97.05,0,0,25,0,,,,96.83614247844035,,0,0,0,0,96.97300305633908,97.62294117647052,97.62294117647052,97.19265217283193,96.68036143559459,0,0,0,0,,,,97.17242481012443,,0,0,0,0,97.05488166436243,97.30684705882348,97.30684705882348,97.19265217283193,96.68036143559459,0,0,0,0,,,,,,,277420,,-72129.20000000142,,,0.0042935,0.0034347999999999996,0.0025760999999999996,0.0017173999999999998,0.0008586999999999999,0,0.0042935,2.08603857333139,18.725289159839754,7,
1759239000,97.2,97.46,97.0401,97.06,0,0,40,0,,,,96.83614247844035,,0,0,0,0,96.97311569513661,97.45242352941173,97.45242352941173,97.19265217283193,96.68036143559459,0,0,0,0,,,,97.17242481012443,,0,0,0,0,97.04730709719922,97.29823529411756,97.29823529411756,97.19265217283193,96.68036143559459,0,0,0,0,,,,,,,423086,,-59232.04000000024,,,-0.0001474999999999968,-0.00011799999999999745,-0.00008849999999999809,-0.000058999999999998724,-0.000029499999999999362,-0.0001474999999999968,0,2.123716222261145,19.60182007232065,7,
1759325400,97.88,98.25,97.4,97.98,15,0,25,0,,,,96.83614247844035,,0,0,0,0,97.10430239909803,97.39715294117644,97.69000348325486,97.73406231964854,96.68036143559459,0,1,0,0,,,,97.4287143222531,,0,0,0,0,97.15575776520818,97.43790588235288,97.72005399949758,97.73406231964854,96.68036143559459,0,1,0,0,,,,,,,620606,,62060.60000000529,,,-0.0006484999999999976,-0.0005187999999999981,-0.00038909999999999856,-0.00025939999999999904,-0.00012969999999999952,-0.0006484999999999976,0,2.114523734107681,19.668393448068848,7,
1759411800,99.13,100,98.58,98.97,30,15,15,15,,,,97.85891029675908,,0,0,0,0,97.1847760679858,97.59112941176464,97.99748275554349,98.5886716167157,97.73268338901373,0,0,0,0,,,,98.43603428806517,,0,0,0,0,97.35336188049779,97.85407058823519,98.35477929597259,98.5886716167157,97.73268338901373,0,0,0,0,,,,,,,989578,,-158332.47999999663,,,0.004999999999999999,0.004,0.0029999999999999996,0.002,0.001,0,0.004999999999999999,2.1908473557772012,20.954521225252307,7,
1759498200,99.25,99.4,98.65,99,30,10,40,15,,,,97.961845275562,,0,0,0,0,97.31334181052371,97.83112941176466,98.34891701300562,98.77039879334174,97.80963457551276,0,0,0,0,96.48203603170818,98.4666117647058,100.45118749770343,98.5524479320562,,0,0,0,0,97.61481514768684,98.26334117647063,98.91186720525442,98.77039879334174,97.80963457551276,0,0,0,0,,,,,,,763727,,-190931.75,,,0.004999999999999999,0.004,0.0029999999999999996,0.002,0.001,0,0.004999999999999999,2.222440627436381,21.021456500641648,7,
1759757400,99.37,99.6,99.0329,99.15,30,25,25,15,,,,98.33814204159329,,0,0,0,0,97.48217582449495,98.09131764705876,98.70045946962257,98.84034721242682,98.2097035344047,0,0,0,0,96.68703036124394,98.35818823529411,100.02934610934427,98.70802908427295,,0,0,0,0,97.9010832795856,98.65684705882354,99.41261083806148,98.84034721242682,98.2097035344047,0,0,0,0,,,,,,,856743,,-188483.45999999903,,,0.005000000000000003,0.004000000000000002,0.0030000000000000014,0.002000000000000001,0.0010000000000000005,0,0.005000000000000003,2.2670390712184245,20.616746105920907,7,
1759843800,99.3,99.4,98.55,98.7,0,10,10,0,,,,98.33814204159329,,0,0,0,0,97.59121322884924,98.2323294117647,98.87344559468015,98.84034721242682,98.2097035344047,0,0,0,0,96.85387999079195,98.24399999999996,99.63412000920796,98.70802908427295,,0,0,0,0,98.08784069371411,98.8762823529413,99.66472401216849,98.84034721242682,98.2097035344047,0,0,0,0,,,,,,,609941,,-365964.59999999654,,,0.004999999999999999,0.004,0.0029999999999999996,0.002,0.001,0,0.004999999999999999,2.2851584117059938,19.621642700507977,7,
1759930200,99,99.03,98.58,98.9,10,10,25,0,,,,98.33814204159329,,0,0,0,0,97.73726488828714,98.42256470588237,99.10786452347759,98.84034721242682,98.2097035344047,0,0,0,0,96.93771577718258,98.25675294117649,99.5757901051704,98.70802908427295,,0,0,0,0,98.29266481623222,99.11920000000008,99.94573518376794,98.84034721242682,98.2097035344047,0,0,0,0,,,,,,,417326,,-41732.59999999763,,,0.0012905000000000013,0.001032400000000001,0.0007743000000000008,0.0005162000000000005,0.00025810000000000026,0,0.0012905000000000013,2.2164810029164412,18.304090794016332,7,
1760016600,99.2,99.2792,98.66,98.75,10,15,15,0,,,,98.33814204159329,,0,0,0,0,97.8593453606575,98.5786117647059,99.2978781687543,98.84034721242682,98.2097035344047,0,0,0,0,97.00163313770103,98.29456470588242,99.58749627406381,98.70802908427295,,0,0,0,0,98.45164763358301,99.29950588235296,100.14736413112291,98.84034721242682,98.2097035344047,0,0,0,0,,,,,,,504709,,-227119.05000000144,,,-0.0030735,-0.0024587999999999997,-0.0018440999999999998,-0.0012293999999999999,-0.0006146999999999999,-0.0030735,0,2.2479844498895094,18.18042409644827,7,
1760103000,99.05,99.19,98.63,98.63,10,25,10,0,,,,98.33814204159329,,0,0,0,0,97.96478044362287,98.70588235294125,99.44698426225962,98.84034721242682,98.2097035344047,0,0,0,0,97.05546709854148,98.31225882352943,99.56905054851738,98.70802908427295,,0,0,0,0,98.54485598117317,99.39101176470591,99.39101176470591,98.84034721242682,98.2097035344047,0,0,0,0,,,,,,,1054323,,-442815.6600000018,,,-0.005662000000000001,-0.004529600000000001,-0.0033972000000000004,-0.0022648000000000004,-0.0011324000000000002,-0.005662000000000001,0,2.2151609904241893,17.45630624081659,7,
1760362200,99.14,99.19,98.901,99.03,15,10,25,0,,,,98.33814204159329,,0,0,0,0,98.10394432513083,98.88430588235295,99.66466743957507,98.84034721242682,98.2097035344047,0,0,0,0,97.12970101698278,98.33764705882363,99.54559310066449,98.70802908427295,,0,0,0,0,98.66976692080695,99.5095529411764,100.34933896154584,98.84034721242682,98.2097035344047,0,0,0,0,,,,,,,682402,,-75064.21999999961,,,-0.009275499999999997,-0.007420399999999998,-0.005565299999999999,-0.003710199999999999,-0.0018550999999999995,-0.009275499999999997,0,2.0939688166760297,15.85694882226169,7,
1760448600,99.04,99.05,98.78,98.8,15,30,15,0,,,,98.33814204159329,,0,0,0,0,98.19747022260627,98.9939294117647,99.79038860092312,98.84034721242682,98.2097035344047,0,0,0,0,97.20296331783837,98.42367058823528,99.6443778586322,98.70802908427295,,0,0,0,0,98.68601152232631,99.43865882352944,99.43865882352944,98.84034721242682,98.2097035344047,0,0,0,0,,,,,,,901128,,-216270.7200000082,,,0.0008320000000000002,0.0006656000000000001,0.0004992000000000001,0.00033280000000000007,0.00016640000000000003,0,0.0008320000000000002,2.0972954843291314,16.05351656008403,7,
1760535000,98.35,98.5874,98.2,98.38,-20,-5,-5,0,,,,98.33814204159329,,0,0,0,0,98.23201255884989,99.02745882352946,99.82290508820903,98.7351954499658,98.2097035344047,0,0,0,0,97.25130330822262,98.47581176470588,99.70032022118914,98.70802908427295,,0,0,0,0,98.54203362300285,99.16421176470588,99.16421176470588,98.7351954499658,98.2097035344047,0,0,0,0,,,,,,,567955,,17038.650000000645,,,0.004999999999999999,0.004,0.0029999999999999996,0.002,0.001,0,0.004999999999999999,2.0530045365620357,15.516400448223244,7,
1760621400,98.57,98.6499,97.08,97.3,-50,-15,-15,0,,,,98.33814204159329,,0,0,0,0,98.0760680854095,98.87350588235293,98.87350588235293,97.82450875045397,98.2097035344047,0,0,0,0,97.23608464519619,98.45967058823527,98.45967058823527,97.99746968785935,,0,0,0,0,98.02493586081997,98.60305882352937,98.60305882352937,97.82450875045397,98.2097035344047,0,0,0,0,,,,,,,812977,,-1032480.7899999968,,,-0.001045000000000001,-0.0008360000000000008,-0.0006270000000000006,-0.0004180000000000004,-0.0002090000000000002,-0.001045000000000001,0,2.0050483350942794,14.78839409449369,7,
1760707800,97.3,98.05,96.75,97.4,-20,-5,-5,0,,,,98.33814204159329,,0,0,0,0,97.92871565535187,98.73117647058827,98.73117647058827,97.4333264225853,98.2097035344047,0,0,0,0,97.25108593376724,98.47418823529416,98.47418823529416,97.76550756729797,,0,0,0,0,97.41567530609896,98.02334117647055,98.02334117647055,97.4333264225853,98.2097035344047,0,0,0,0,,,,,,,954689,,95468.90000000814,,,-0.0025640000000000003,-0.0020512000000000004,-0.0015384000000000003,-0.0010256000000000002,-0.0005128000000000001,-0.0025640000000000003,0,1.9595770053045214,13.814240822574819,7,
1760967000,98.5,98.8,98.2,98.62,30,15,15,0,,,,98.33814204159329,,0,0,0,0,97.95697598900438,98.73741176470583,99.51784754040727,98.12654264267114,98.2097035344047,0,0,0,0,97.34422007295584,98.58028235294121,99.81634463292659,97.84805725064615,,0,0,0,0,97.38596500118551,97.97503529411746,98.56410558704941,98.12654264267114,98.2097035344047,0,0,0,0,,,,,,,600672,,72080.64000000274,,,-0.00012500000000000033,-0.00010000000000000026,-0.0000750000000000002,-0.00005000000000000013,-0.000025000000000000066,-0.00012500000000000033,0,1.9666782588748468,13.726191534311372,7,
1761053400,98.65,98.7586,98.43,98.625,30,-5,-5,0,,,,98.33814204159329,,0,0,0,0,97.99104115325497,98.75398823529409,99.5169353173332,98.23890799191301,98.2097035344047,0,0,0,0,97.46105720100647,98.70612941176473,99.951201622523,98.0574459838446,,0,0,0,0,97.48495527313663,98.05796470588244,98.63097413862825,98.23890799191301,98.2097035344047,0,0,0,0,,,,,,,373609,,-9340.225000002123,,,-0.005321500000000002,-0.004257200000000001,-0.0031929000000000007,-0.0021286000000000005,-0.0010643000000000002,-0.005321500000000002,0,1.9992577911416487,14.151917785377531,7,
1761139800,98.65,98.7,97.9,98.12,-5,-5,-5,0,,,,98.33814204159329,,0,0,0,0,97.96380278749363,98.70819999999996,98.70819999999996,98.23890799191301,98.2097035344047,0,0,0,0,97.53286670502764,98.78101176470587,100.02915682438409,98.0574459838446,,0,0,0,0,97.51343301387098,98.06989411764705,98.06989411764705,98.23890799191301,98.2097035344047,0,0,0,0,,,,,,,560327,,-296973.31000000064,,,-0.012233999999999997,-0.009787199999999998,-0.007340399999999999,-0.004893599999999999,-0.0024467999999999994,-0.012233999999999997,0,1.9582764358031701,13.37560423706453,7,
1761226200,98.53,98.67,98.15,98.67,-5,-5,-5,0,,,,98.33814204159329,,0,0,0,0,97.98562340707437,98.72620000000005,99.46677659292573,98.23890799191301,98.2097035344047,0,0,0,0,97.64303029165985,98.90222352941171,100.16141676716357,98.0574459838446,,0,0,0,0,97.59367491103254,98.13445882352944,98.67524273602635,98.23890799191301,98.2097035344047,0,0,0,0,,,,,,,481498,,67409.72000000028,,,0.004926,0.0039407999999999995,0.0029556,0.0019703999999999998,0.0009851999999999999,0,0.004926,1.9410741377772698,12.91642726925544,7,
1761312600,98.85,98.8966,98.61,98.71,10,-5,-5,0,,,,98.33814204159329,,0,0,0,0,98.02491971369211,98.76318823529408,99.50145675689605,98.42469499752109,98.2097035344047,0,0,0,0,97.75931083810902,99.0291294117647,100.29894798542038,98.20104708734176,0,0,0,0,0,97.715075614311,98.25227058823536,98.78946556215972,98.42469499752109,98.2097035344047,0,0,0,0,,,,,,,534409,,-74817.2600000003,,,0.0036284999999999998,0.0029027999999999997,0.0021770999999999995,0.0014513999999999998,0.0007256999999999999,0,0.0036284999999999998,1.985258204195514,13.49748215159704,7,
1761571800,98.93,98.93,98.31,98.5,-5,-5,-5,0,,,,98.33814204159329,,0,0,0,0,98.03015511222493,98.76099999999995,99.49184488777497,98.42469499752109,98.2097035344047,0,0,0,0,97.81850749803662,99.09568235294114,100.37285720784566,98.20104708734176,0,0,0,0,0,97.83393029369054,98.35747058823533,98.35747058823533,98.42469499752109,98.2097035344047,0,0,0,0,,,,,,75.32894736842104,706138,,-303639.3400000048,,,0.004497999999999999,0.0035983999999999994,0.0026987999999999995,0.0017991999999999997,0.0008995999999999999,0,0.004497999999999999,2.0616380191626904,14.682799400696242,7,
1761658200,98.79,98.8399,98.495,98.6,-5,-5,-5,0,,,,98.33814204159329,,0,0,0,0,98.03942519099128,98.75862352941176,99.47782186783225,98.42469499752109,98.2097035344047,0,0,0,0,97.86253304401252,99.13835294117641,100.41417283834029,98.20104708734176,0,0,0,0,0,97.94479757038766,98.46365882352943,98.9825200766712,98.42469499752109,98.2097035344047,0,0,0,0,,,,,,,590990,,-112288.10000000705,,,0.004999999999999999,0.004,0.0029999999999999996,0.002,0.001,0,0.004999999999999999,2.0516730234112206,14.666958251480954,7,
1761744600,98.81,98.9,98.6,98.72,5,-10,-10,0,,,,98.33814204159329,,0,0,0,0,98.04204387146434,98.74667058823523,99.45129730500612,98.43811125464555,98.2097035344047,0,0,0,0,97.91872159148606,99.07881176470575,100.23890193792543,98.20982997449052,0,0,0,0,0,98.11655869215765,98.6206000000001,99.12464130784254,98.43811125464555,98.2097035344047,0,0,0,0,,,,,,,886646,,-79798.14000000303,,,-0.0018294999999999987,-0.001463599999999999,-0.0010976999999999992,-0.0007317999999999995,-0.00036589999999999973,-0.0018294999999999987,0,2.026705651441795,14.430604863620086,7,
1761831000,98.98,99.02,98.77,98.89,5,-10,-10,0,,,,98.33814204159329,,0,0,0,0,98.06821041176867,98.73620000000001,99.40418958823135,98.63031896346925,98.2097035344047,0,0,0,0,97.98186224668363,99.03602352941164,100.09018481213964,98.46510803715584,0,0,0,0,0,98.35784473101766,98.85323529411772,99.34862585721778,98.63031896346925,98.2097035344047,0,0,0,0,,,,,,,994505,,-89505.45000000339,,,0.004999999999999999,0.004,0.0029999999999999996,0.002,0.001,0,0.004999999999999999,1.9731135457694116,13.659700778172049,7,
1761917400,99.64,99.64,99.14,99.38,40,10,25,55,,,,98.51271427369105,,0,0,0,0,98.13555918015625,98.7685764705883,99.40159376102035,98.99212385244807,98.47158918823382,0,0,0,0,98.06398898107159,99.03775294117638,100.01151690128117,98.78932784836397,95.86554846938776,0,0,0,0,98.61023506562371,99.1585294117647,99.7068237579057,98.99212385244807,98.47158918823382,0,0,0,0,,,,,,,1449503,,-376870.7800000074,,,0.0030805000000000016,0.002464400000000001,0.0018483000000000009,0.0012322000000000006,0.0006161000000000003,0,0.0030805000000000016,1.9383238557616678,13.054109800082148,7,
1762180200,99.77,99.85,99.49,99.61,40,25,40,40,,,,98.86609182557024,,0,0,0,0,98.2195857902957,98.81777647058814,99.41596715088059,99.30136861045064,98.83576138907425,0,0,0,0,98.1443757769891,99.07011764705877,99.99585951712844,99.10580443062369,95.86554846938776,0,0,0,0,98.8287944638873,99.4294,100.0300055361127,99.30136861045064,98.83576138907425,0,0,0,0,,,,,,74.57414829659322,1232974,,-197275.8399999958,,,-0.004909,-0.0039272000000000005,-0.0029454000000000004,-0.0019636000000000002,-0.0009818000000000001,-0.004909,0,1.9761464996180382,13.59822355916892,7,
1762266600,99.7,100.14,99.55,99.74,40,10,25,40,,,,98.93279955231523,,0,0,0,0,98.31702573599497,98.89565882352944,99.47429191106391,99.50399666077261,98.90034986128323,0,0,0,0,98.2298858182643,99.1038470588235,99.97780829938272,99.31789808093302,95.86554846938776,0,0,0,0,99.0261776776008,99.51987058823534,100.01356349886987,99.50399666077261,98.90034986128323,0,0,0,0,,,,,,,1518002,,60720.07999998792,,,0.004999999999999999,0.004,0.0029999999999999996,0.002,0.001,0,0.004999999999999999,1.9049620293421237,12.3778667136811,7,
1762353000,100.19,100.19,99.88,100.01,45,30,30,40,,,,99.27617101286414,,0,0,0,0,98.42275286777134,99.03476470588231,99.64677654399328,99.75657199598427,99.24461058547729,0,0,0,0,98.31386335164218,99.17002352941162,100.02618370718106,99.53482028406981,95.86554846938776,0,0,0,0,99.2217705242906,99.75295294117653,100.28413535806246,99.75657199598427,99.24461058547729,0,0,0,0,,,,,,,1015992,,-182878.5599999925,,,-0.0063634999999999985,-0.005090799999999999,-0.0038180999999999988,-0.0025453999999999993,-0.0012726999999999997,-0.0063634999999999985,0,1.8158835472971515,10.541593981922407,7,
1762439400,100.18,100.2,99.8548,99.89,15,15,30,25,,,,99.27617101286414,,0,0,0,0,98.57947034811478,99.22970588235297,99.87994141659117,99.75657199598427,99.24461058547729,0,0,0,0,98.38581871324156,99.25104705882349,100.11627540440541,99.53482028406981,95.86554846938776,0,0,0,0,99.40178976442641,99.9836117647058,100.56543376498519,99.75657199598427,99.24461058547729,0,0,0,0,,,,,,,1218828,,-353460.1200000076,,,0.003380000000000001,0.0027040000000000007,0.0020280000000000003,0.0013520000000000003,0.0006760000000000002,0,0.003380000000000001,1.8580606328312017,10.764880445697532,7,
1762525800,100.04,100.05,99.16,99.18,-5,-5,-5,15,,,,99.27617101286414,,0,0,0,0,98.70506650064866,99.37175294117644,100.03843938170422,99.75657199598427,99.24461058547729,0,0,0,0,98.43308918324223,99.3046117647058,100.17613434616936,99.53482028406981,96.81586643586006,0,0,0,0,99.50139132780411,100.09312941176464,100.09312941176464,99.75657199598427,99.24461058547729,0,0,0,0,,,,,,,1508021,,-1296898.0599999991,,,0.004999999999999999,0.004,0.0029999999999999996,0.002,0.001,0,0.004999999999999999,1.811608392339155,9.732696447849621,7,
1762785000,99.84,100.03,99.7,99.96,15,15,15,0,,,,99.27617101286414,,0,0,0,0,98.87382856855227,99.57405882352938,100.2742890785065,99.75657199598427,99.24461058547729,0,0,0,0,98.52308738657457,99.42817647058824,100.33326555460191,99.54135132238304,96.81586643586006,0,0,0,0,99.6058618717209,100.16703529411757,100.72820871651423,99.75657199598427,99.24461058547729,0,0,0,0,,,,,,69.26725372279499,1214940,,145792.79999998826,,,-0.0004764999999999999,-0.00038119999999999994,-0.00028589999999999996,-0.00019059999999999997,-0.00009529999999999999,-0.0004764999999999999,0,1.864894729961747,10.223752241234347,7,
1762871400,100.07,100.07,99.94,100,45,30,30,15,,,,99.36181852088745,,0,0,0,0,98.99777506448092,99.73012941176471,100.4624837590485,99.78876135061,99.32739011171951,0,0,0,0,98.60566642786469,99.53884705882346,100.47202768978224,99.6205405136414,96.81586643586006,0,0,0,0,99.70690990236666,100.26564705882353,100.8243842152804,99.78876135061,99.32739011171951,0,0,0,0,,,,,,,766466,,-53652.61999999477,,,0.0037849999999999997,0.003028,0.002271,0.001514,0.000757,0,0.0037849999999999997,1.8860578806566204,10.371795918202073,7,
1762957800,100.02,100.1,99.95,100.01,45,15,30,15,,,,99.41311719796693,,0,0,0,0,99.13182899852364,99.89445882352935,100.65708864853505,99.83190961755525,99.37043367516813,0,0,0,0,98.6909296336807,99.65196470588238,100.61299977808406,99.65975176941528,96.81586643586006,0,0,0,0,99.78024291277124,100.3135294117647,100.84681591075817,99.83190961755525,99.37043367516813,0,0,0,0,,,,,,,1776438,,-17764.379999983845,,,-0.0060290000000000005,-0.004823200000000001,-0.0036174000000000006,-0.0024116000000000003,-0.0012058000000000001,-0.0060290000000000005,0,1.8339197825764966,9.533796226984775,7,
1763044200,100.03,100.0662,97.82,98.625,-50,-15,-15,0,,,,99.41311719796693,,0,0,0,0,99.14574520856661,99.91772941176471,99.91772941176471,99.19556199013444,99.37043367516813,0,0,0,0,98.68914066343484,99.64363529411759,99.64363529411759,99.65975176941528,96.81586643586006,0,0,0,0,99.49936287459394,100.0307764705882,100.0307764705882,99.19556199013444,99.37043367516813,0,0,0,0,,,,,,,2691936,,-3782170.080000003,,,0.0002409999999999999,0.00019279999999999992,0.00014459999999999994,0.00009639999999999996,0.00004819999999999998,0,0.0002409999999999999,1.8087472464641525,8.983014369892963,7,
1763130600,98,99.41,97.08,97.76,-30,-15,-15,0,,,,99.41311719796693,,0,0,0,0,99.01303637886332,99.80022352941171,99.80022352941171,98.69791560808594,99.37043367516813,0,0,0,0,98.61866888111416,99.57099999999996,99.57099999999996,99.58127705583702,96.81586643586006,0,0,0,0,98.9812614858647,99.55698823529409,99.55698823529409,98.69791560808594,99.37043367516813,0,0,0,0,,,,,,,1976792,,-474430.0799999899,,,-0.000004999999999997411,-0.000003999999999997929,-0.0000029999999999984466,-0.0000019999999999989644,-9.999999999994822e-7,-0.000004999999999997411,0,1.774112311062296,8.278857053910826,7,
1763389800,98.18,98.4,92.472,94.58,-45,-20,-20,0,,,,99.41311719796693,,0,0,0,0,98.19986608377091,99.26332941176467,99.26332941176467,96.29818689302745,99.37043367516813,0,0,0,0,98.16673265133602,99.24947058823525,99.24947058823525,97.07212154304315,96.81586643586006,0,0,0,0,97.07073249496334,98.29672941176462,98.29672941176462,96.29818689302745,99.37043367516813,0,0,0,0,,,,0,,61.382791301462106,2884027,,-10382497.200000025,,,0.004999999999999999,0.004,0.0029999999999999996,0.002,0.001,0,0.004999999999999999,1.682341009651451,6.812162115511544,,
1763476200,94.87,97.1,94.315,96.39,-45,-20,-35,-15,,,,98.31907095243821,,0,0,0,0,97.78532081646179,98.93194117647049,98.93194117647049,96.29818689302745,98.39496197426914,0,0,0,0,97.95956191878533,99.066294117647,99.066294117647,97.07212154304315,96.81586643586006,0,0,0,0,96.0375573123819,97.46294117647055,97.46294117647055,96.29818689302745,98.39496197426914,0,0,0,0,,,,,,,1395566,,2121260.3199999942,,,-0.00016199999999999743,-0.00012959999999999795,-0.00009719999999999846,-0.00006479999999999897,-0.000032399999999999487,-0.00016199999999999743,0,1.644901864081096,5.99422850700902,,
1763562600,96.78,96.9,91.13,94.59,-45,-20,-35,0,,,,98.30485159869264,,0,0,0,0,96.5190557122775,98.09034117647057,98.09034117647057,94.8852342707089,98.39496197426914,0,0,0,0,97.53390497414951,98.7483647058823,98.7483647058823,96.24104574632588,96.81586643586006,0,0,0,0,93.82661216317678,95.89905882352936,95.89905882352936,94.8852342707089,98.39496197426914,0,0,0,0,,,,,,,2099068,,-4596958.919999995,,,-0.00011249999999999867,-0.00008999999999999894,-0.0000674999999999992,-0.00004499999999999947,-0.000022499999999999734,-0.00011249999999999867,0,1.6573251678402925,5.789907927940729,,
1763649000,95.99,96.5,90.68,92.79,-45,-20,-20,0,,,,98.30485159869264,,0,0,0,0,95.1219496060524,97.07372941176463,97.07372941176463,94.21431252245031,98.39496197426914,0,0,0,0,96.86899896364643,98.2960823529412,98.2960823529412,94.7633506690259,96.81586643586006,0,0,0,0,91.82183346566231,94.38232941176473,94.38232941176473,94.21431252245031,98.39496197426914,0,0,0,0,,,,,,,1835749,,-5874396.799999979,,,0.0007635000000000004,0.0006108000000000003,0.00045810000000000024,0.00030540000000000016,0.00015270000000000008,0,0.0007635000000000004,1.6324412051512907,5.2708443153749505,,
1763735400,90.64,95.89,90.52,95.38,-45,-20,-35,-15,,,,97.97005061315845,,0,0,0,0,94.40923757813076,96.4663176470588,96.4663176470588,94.21431252245031,98.05177895680367,0,0,0,0,96.5782363533867,98.05088235294117,98.05088235294117,94.7633506690259,96.81586643586006,0,0,0,0,91.03961215390262,93.70176470588227,93.70176470588227,94.21431252245031,98.05177895680367,0,0,0,0,,,,,,,2306343,,10932065.81999999,,,0.004999999999999999,0.004,0.0029999999999999996,0.002,0.001,0,0.004999999999999999,1.5457935721829672,4.22468855913834,,
1763994600,95.66,97.59,95.4,96.38,-5,-20,-20,0,,,,97.97005061315845,,0,0,0,0,94.20014590246343,96.27669411764705,96.27669411764705,95.1811298620878,98.05177895680367,0,0,0,0,96.39110735608119,97.87372941176467,97.87372941176467,94.7633506690259,96.81586643586006,0,0,0,0,91.26025580344933,93.84171764705873,96.42317949066813,95.1811298620878,98.05177895680367,0,0,0,0,,,,5.708730583814687,,63.77123673144514,1098631,,791014.3199999988,,,0.004999999999999999,0.004,0.0029999999999999996,0.002,0.001,0,0.004999999999999999,1.541737584820487,3.9786527571031978,,
1764081000,96.39,97.24,95.7,96.29,0,-15,-15,0,,,,97.97005061315845,,0,0,0,0,93.93371426845644,96.03799999999997,96.03799999999997,95.28089005357396,98.05177895680367,0,0,0,0,96.1975512522849,97.69281176470585,97.69281176470585,94.7633506690259,96.81586643586006,0,0,0,0,91.51596376714927,93.99682352941171,96.47768329167415,95.28089005357396,98.05177895680367,0,0,0,0,,,,,,,558403,,-55840.29999999682,,,-0.002802000000000002,-0.0022416000000000016,-0.0016812000000000012,-0.0011208000000000008,-0.0005604000000000004,-0.002802000000000002,0,1.5662867980767956,3.9779047653790283,,
1764167400,97.19,97.57,96.6901,97.17,0,-15,-15,0,,,,97.97005061315845,,0,0,0,0,93.83036896897637,95.93901176470585,98.04765456043533,96.2445245854808,98.05177895680367,0,0,0,0,96.09792543550115,97.5941764705882,97.5941764705882,95.44143975346681,96.81586643586006,0,0,0,0,92.13805832103088,94.49597647058816,96.85389462014544,96.2445245854808,98.05177895680367,0,0,0,0,,,,,,,545679,,-10913.579999997828,,,-0.0017105000000000006,-0.0013684000000000005,-0.0010263000000000004,-0.0006842000000000003,-0.00034210000000000013,-0.0017105000000000006,0,1.5495213993353643,3.6990401696414614,,
1764340200,97.84,97.91,96.6,96.66,0,-15,-15,0,,,,97.97005061315845,,0,0,0,0,93.73494998795503,95.85089411764703,95.85089411764703,96.32385028033805,98.05177895680367,0,0,0,0,95.9588863777412,97.46575294117648,97.46575294117648,95.44143975346681,96.81586643586006,0,0,0,0,92.48912501132133,94.7662352941177,97.04334557691408,96.32385028033805,98.05177895680367,0,0,0,0,,,,,,,523464,,-617687.5200000036,,,0.0032900000000000013,0.002632000000000001,0.001974000000000001,0.0013160000000000005,0.0006580000000000003,0,0.0032900000000000013,1.6184922143405982,4.067305637057475,,
1764599400,96.15,96.94,95.57,96.41,-15,-15,-15,0,,,,97.97005061315845,,0,0,0,0,93.50657368782488,95.644,95.644,96.32385028033805,98.05177895680367,0,0,0,0,95.80480651675097,97.32789411764702,97.32789411764702,95.44143975346681,96.81586643586006,0,0,0,0,93.04018394918421,95.11872941176475,97.19727487434528,96.32385028033805,98.05177895680367,0,0,0,0,,,,17.803168235961426,7.837299606592038,66.44291875263039,988476,,257003.75999999102,,,0.004999999999999999,0.004,0.0029999999999999996,0.002,0.001,0,0.004999999999999999,1.602300604931039,3.861357605188326,,
1764685800,97.28,98,97.25,97.8,25,10,10,0,,,,97.97005061315845,,0,0,0,0,93.53164381006482,95.66448235294122,97.79732089581762,96.89077557952741,98.05177895680367,0,0,0,0,95.77297015797899,97.29499999999997,98.81702984202096,96.11097020658052,96.81586643586006,0,0,0,0,94.22592596637972,96.07332941176468,97.92073285714963,96.89077557952741,98.05177895680367,0,0,0,0,,,,,,,780921,,406078.9199999969,,,0.00212,0.001696,0.0012720000000000001,0.000848,0.000424,0,0.00212,1.5309851164037978,3.2866791942545763,,
1764772200,98.5,98.7,98.1,98.2,30,5,5,0,,,,97.97005061315845,,0,0,0,0,93.66311631887596,95.7942941176471,97.92547191641823,97.79089833132721,98.05177895680367,0,0,0,0,95.76673054418517,97.2865764705882,98.80642239699124,96.98482947753905,96.81586643586006,0,0,0,0,95.42685991388112,97.18107058823534,98.93528126258957,97.79089833132721,98.05177895680367,0,0,0,0,,,,,,,597053,,-179115.8999999983,,,0.0024860000000000004,0.0019888,0.0014916,0.0009944,0.0004972,0,0.0024860000000000004,1.6197613299229823,3.7681508537558,,
1764858600,98.6,98.7099,97.87,98.2,5,5,5,0,,,,97.97005061315845,,0,0,0,0,93.7727643091235,95.89935294117646,98.02594157322942,97.79089833132721,98.05177895680367,0,0,0,0,95.76201539229342,97.28027058823533,98.79852578417723,96.98482947753905,96.81586643586006,0,0,0,0,96.41612265772662,98.13281176470585,99.84950087168508,97.79089833132721,98.05177895680367,0,0,0,0,,,,,,,518780,,-207511.99999999558,,,-0.004479000000000001,-0.003583200000000001,-0.0026874000000000004,-0.0017916000000000004,-0.0008958000000000002,-0.004479000000000001,0,1.6570428380533766,3.9505899429266202,,
1764945000,98.25,98.25,97.6964,98.19,5,5,5,0,,,,97.97005061315845,,0,0,0,0,93.90683739213384,96.0258235294118,98.14480966668975,97.79089833132721,98.05177895680367,0,0,0,0,95.73826038392863,97.24834117647065,98.75842196901266,96.98482947753905,96.81586643586006,0,0,0,0,96.87348304984897,98.61909411764712,100.36470518544527,97.79089833132721,98.05177895680367,0,0,0,0,,,,,,,561452,,-33687.120000001276,,,-0.0012334999999999983,-0.0009867999999999986,-0.000740099999999999,-0.0004933999999999993,-0.00024669999999999965,-0.0012334999999999983,0,1.633031507134464,3.7547999363501603,,
1765204200,98.58,98.79,98.46,98.53,45,10,10,0,,,,97.97005061315845,,0,0,0,0,94.1424900006929,96.25264705882356,98.36280411695421,98.11066175996764,98.05177895680367,0,0,0,0,95.7391420048215,97.24302352941176,98.74690505400201,97.48679756593103,96.81586643586006,0,0,0,0,97.46919402144849,99.31580000000012,101.16240597855176,98.11066175996764,98.05177895680367,0,0,0,0,,,,33.36313719982275,18.958345339866288,67.89284396847353,549953,,-27497.649999998437,,,-0.0043475000000000015,-0.003478000000000001,-0.0026085000000000006,-0.0017390000000000005,-0.0008695000000000003,-0.0043475000000000015,0,1.6051728699531551,3.5291210079413875,,
1765290600,98.73,99.09,98.65,99.09,30,15,15,0,,,,97.97005061315845,,0,0,0,0,94.47775258058545,96.57660000000003,98.67544741941461,98.53522056723916,98.05177895680367,0,0,0,0,95.77668370073319,97.27958823529409,98.78249276985498,98.00591218695074,96.81586643586006,0,0,0,0,97.79985844111134,99.50457647058822,101.2092945000651,98.53522056723916,98.05177895680367,0,0,0,0,,,,,,,508198,,182951.2799999997,,,0.004999999999999999,0.004,0.0029999999999999996,0.002,0.001,0,0.004999999999999999,1.6094332093541772,3.5027819731882697,,
1765377000,99.46,99.46,98.93,98.98,30,15,15,0,,,,97.97005061315845,,0,0,0,0,94.86472706120094,96.94097647058824,99.01722587997554,98.88062385644601,98.05177895680367,0,0,0,0,95.80351980967029,97.30321176470595,98.80290371974161,98.17763274502568,96.81586643586006,0,0,0,0,98.13723428800111,99.41443529411767,100.69163630023422,98.88062385644601,98.05177895680367,0,0,0,0,,,,,,,685694,,-329133.119999993,,,0.0017795000000000003,0.0014236000000000001,0.0010677,0.0007118000000000001,0.00035590000000000003,0,0.0017795000000000003,1.6450993315944296,3.6740399837141737,,
1765463400,99,99.4,98.97,99.07,30,15,15,0,,,,97.97005061315845,,0,0,0,0,95.27030870855172,97.32128235294113,99.37225599733053,98.89009261672102,98.05177895680367,0,0,0,0,95.86134495781944,97.36610588235304,98.87086680688664,98.21193117376873,96.81586643586006,0,0,0,0,98.37809413210483,99.39558823529408,100.41308233848333,98.89009261672102,98.05177895680367,0,0,0,0,,,,,,,608012,,42560.83999999585,,,0.004999999999999999,0.004,0.0029999999999999996,0.002,0.001,0,0.004999999999999999,1.6315570057734015,3.565492484702808,,
1765549800,99.28,99.3,98.93,99.06,20,20,20,0,96.87891508617165,98.86452941176466,100.85014373735768,97.97005061315845,,0,0,0,0,95.69121180056665,97.70951764705892,99.72782349355118,98.89009261672102,98.05177895680367,0,0,0,0,95.95950836611615,97.46525882352945,98.97100928094275,98.29875698146385,96.81586643586006,0,0,0,0,98.55220982386658,99.55464705882342,100.55708429378026,98.89009261672102,98.05177895680367,0,0,0,0,,,,,,,828848,,-182346.55999999907,,,0.004999999999999999,0.004,0.0029999999999999996,0.002,0.001,0,0.004999999999999999,1.6401675135080434,3.5841273757252265,,
1765809000,98.75,98.83,97.1,97.7,-5,10,10,0,96.87891508617165,98.86452941176466,100.85014373735768,97.97005061315845,,0,0,0,0,95.89924378563789,97.86829411764711,97.86829411764711,98.0913735004932,98.05177895680367,0,0,0,0,95.95706740901693,97.4598000000001,97.4598000000001,98.29875698146385,96.81586643586006,0,0,0,0,98.26260144364188,99.15871764705877,99.15871764705877,98.0913735004932,98.05177895680367,0,0,0,0,0.0038685415136117474,,,40.48379498165641,30.550033472480198,66.75041087319087,821405,,-862475.2499999977,,,-0.004825499999999998,-0.003860399999999998,-0.0028952999999999987,-0.001930199999999999,-0.0009650999999999996,-0.004825499999999998,0,1.5643567201223492,3.108847622902815,,
1765895400,98,98.17,97.66,97.84,20,20,20,0,97.00906689787686,98.56016470588237,100.11126251388788,97.97005061315845,,0,0,0,0,96.14068948289157,98.06412941176471,98.06412941176471,98.0913735004932,98.05177895680367,0,0,0,0,95.9775773798575,97.47427058823533,97.47427058823533,98.29875698146385,96.81586643586006,0,0,0,0,98.05635192887208,98.91759999999995,98.91759999999995,98.0913735004932,98.05177895680367,0,0,0,0,0.004353498761495769,,,,,,389398,,-62303.67999999867,,,0.0012610000000000004,0.0010088000000000002,0.0007566000000000002,0.0005044000000000001,0.00025220000000000006,0,0.0012610000000000004,1.535364448935331,2.8940319358555153,,
1765981800,98.18,98.1999,97.24,97.33,-60,-25,-25,0,97.00906689787686,98.56016470588237,100.11126251388788,97.97005061315845,,0,0,0,0,96.41817496711718,98.27730588235295,98.27730588235295,97.95591038321646,98.05177895680367,0,0,0,0,95.9355636080143,97.43422352941182,97.43422352941182,98.29875698146385,96.81586643586006,0,0,0,0,97.74327457867317,98.45630588235299,98.45630588235299,97.95591038321646,98.05177895680367,0,0,0,0,-0.00163812177081272,,,,,,536099,,-455684.15000000456,,,0.004999999999999999,0.004,0.0029999999999999996,0.002,0.001,0,0.004999999999999999,1.5604921503766982,2.988563030112271,,
1766068200,98.09,98.3036,97.66,97.9,15,15,15,0,96.99477722522268,98.42471764705886,99.85465806889503,97.97005061315845,,0,0,0,0,96.79847861729041,98.58947058823537,98.58947058823537,97.95591038321646,98.05177895680367,0,0,0,0,95.95502389820385,97.44965882352932,98.94429374885479,98.29875698146385,96.81586643586006,0,0,0,0,97.57689950565648,98.1462352941177,98.1462352941177,97.95591038321646,98.05177895680367,0,0,0,0,0.003729897207395794,,,,,,326179,,-61974.00999999926,,,0.0018114999999999997,0.0014491999999999999,0.0010869,0.0007245999999999999,0.00036229999999999997,0,0.0018114999999999997,1.5329197098572125,2.7959879192672994,,
1766154600,98.2,98.74,98.0575,98.74,50,15,15,0,96.99477722522268,98.42471764705886,99.85465806889503,97.97005061315845,,0,0,0,0,97.26562793655711,99.00358823529416,100.74154853403121,98.2719934793428,98.05177895680367,0,0,0,0,96.03212348626653,97.52667058823528,99.02121769020403,98.29875698146385,96.81586643586006,0,0,0,0,97.6428706270231,98.2041764705883,98.76548231415349,98.2719934793428,98.05177895680367,0,0,0,0,0.011902199867593777,,,,,,421003,,227341.61999999665,,,0.0008534999999999999,0.0006827999999999999,0.0005120999999999999,0.00034139999999999995,0.00017069999999999998,0,0.0008534999999999999,1.519862641355173,2.684007483761632,,
1766413800,98.82,99.005,98.6303,98.94,30,15,15,0,97.03549531556052,98.40828235294124,99.78106939032196,97.97005061315845,,0,0,0,0,97.63068656865084,99.37601176470598,101.12133696076111,98.4777076156682,98.05177895680367,0,0,0,0,96.11701485883441,97.61443529411771,99.11185572940101,98.29875698146385,96.81586643586006,0,0,0,0,97.72467240436191,98.29318823529414,98.86170406622637,98.4777076156682,98.05177895680367,0,0,0,0,0.013488596972850722,,,43.022044355782604,38.95632551242059,67.50488340988313,457967,,54956.04000000208,,,0.004999999999999999,0.004,0.0029999999999999996,0.002,0.001,0,0.004999999999999999,1.5762075654622427,2.9455256996441515,,
1766500200,98.96,99.0299,98.65,99,30,15,15,0,97.03549531556052,98.40828235294124,99.78106939032196,97.97005061315845,,0,0,0,0,97.83774520797178,99.60368235294125,101.36961949791072,98.64644841240889,98.05177895680367,0,0,0,0,96.22507785620438,97.7221294117648,99.21918096732522,98.34882442734863,96.81586643586006,0,0,0,0,97.80369557128665,98.37587058823536,98.94804560518406,98.64644841240889,98.05177895680367,0,0,0,0,0.013598602667300033,,,,,,495275,,19811.000000003096,,,0.0047735,0.0038188000000000002,0.0028641,0.0019094000000000001,0.0009547000000000001,0,0.0047735,1.5746529317934796,2.9107925679824525,,
1766586600,99,99.0299,98.9,98.96,30,15,15,0,97.08663866485216,98.45930588235301,99.83197309985385,97.97005061315845,,0,0,0,0,97.8810298266877,99.61384705882357,101.34666429095944,98.71596827396479,98.05177895680367,0,0,0,0,96.31886136224362,97.81758823529411,99.3163151083446,98.38105125396659,96.81586643586006,0,0,0,0,97.83982749733923,98.41264705882354,98.98546662030785,98.71596827396479,98.05177895680367,0,0,0,0,0.012922541518462484,,,,,,200704,,-8028.160000001255,,,0.004999999999999999,0.004,0.0029999999999999996,0.002,0.001,0,0.004999999999999999,1.5549684966821213,2.7824389724209313,,
1766759400,99,99.15,98.68,99.15,30,15,15,0,97.08663866485216,98.45930588235301,99.83197309985385,97.97005061315845,,0,0,0,0,98.04203993481674,99.79417647058824,101.54631300635974,98.86658761642826,98.05177895680367,0,0,0,0,96.40513119797804,97.9106235294118,99.41611586084555,98.59172276489977,96.81586643586006,0,0,0,0,97.98431427858316,98.57260000000001,99.16088572141686,98.86658761642826,98.05177895680367,0,0,0,0,0.014592116573206339,,,,,,384669,,57700.35000000219,,,-0.01448,-0.011584,-0.008688,-0.005792,-0.002896,-0.01448,0,1.5512462203681407,2.7359887689040416,,
1767018600,99,99.1,98.61,98.79,10,15,15,0,97.13830538174298,98.51548235294109,99.8926593241392,97.97005061315845,,0,0,0,0,98.1128624383449,99.63803529411771,101.16320814989052,98.86658761642826,98.05177895680367,0,0,0,0,96.42683965660171,97.93069411764714,99.43454857869256,98.59172276489977,96.81586643586006,0,0,0,0,98.1291956102106,98.71330588235298,98.71330588235298,98.86658761642826,98.05177895680367,0,0,0,0,0.010723139206420226,,,44.42955335747164,42.645130898303556,68.48172417456968,527432,,-110760.7199999967,,,0.005000000000000001,0.004000000000000001,0.0030000000000000005,0.0020000000000000005,0.0010000000000000002,0,0.005000000000000001,1.565042019464467,2.7786503973861665,,
1767105000,99,99.18,98.86,98.98,15,15,15,0,97.13830538174298,98.51548235294109,99.8926593241392,97.97005061315845,,0,0,0,0,98.28879317873323,99.38596470588237,100.48313623303152,98.86658761642826,98.05177895680367,0,0,0,0,96.46149344976233,97.96601176470591,99.47053007964949,98.59172276489977,96.81586643586006,0,0,0,0,98.36052297475378,98.93523529411765,99.50994761348151,98.86658761642826,98.05177895680367,0,0,0,0,0.012523042111056433,,,,,,335141,,-6702.819999998666,,,0.004999999999999999,0.004,0.0029999999999999996,0.002,0.001,0,0.004999999999999999,1.552331276516156,2.691863647030834,,
1767191400,99.18,99.18,98.65,98.795,15,15,15,0,97.20325245441481,98.58783529411768,99.97241813382055,97.97005061315845,,0,0,0,0,98.35746720375896,99.25398823529419,100.15050926682942,98.86658761642826,98.05177895680367,0,0,0,0,96.52629269306516,98.03204705882357,99.53780142458197,98.59172276489977,96.81586643586006,0,0,0,0,98.57822295532725,99.14050588235295,99.14050588235295,98.86658761642826,98.05177895680367,0,0,0,0,0.010496707792622946,,,,,,580298,,-223414.73000000298,,,-0.003380000000000001,-0.0027040000000000007,-0.0020280000000000003,-0.0013520000000000003,-0.0006760000000000002,-0.003380000000000001,0,1.5752041394798215,2.7843849765453856,,
1767364200,99.16,99.68,98.8401,99.67,30,15,30,0,97.20325245441481,98.58783529411768,99.97241813382055,98.08232644024231,,0,0,0,0,98.45430544271908,99.33076470588239,100.2072239690457,99.36577580090213,98.05177895680367,0,0,0,0,96.64679990168311,98.16581176470581,99.6848236277285,98.85157355591868,96.81586643586006,0,0,0,0,98.89481442453882,99.50149411764704,100.10817381075526,99.36577580090213,98.05177895680367,0,0,0,0,0.01927750640563801,,,,,,829679,,423136.2900000042,,,0.003363500000000001,0.002690800000000001,0.002018100000000001,0.0013454000000000005,0.0006727000000000003,0,0.003363500000000001,1.5816651736552265,2.797910743431971,,
1767623400,99.85,99.97,99.7,99.93,45,15,30,15,97.33950738848718,98.75687058823534,100.17423378798351,98.89680312308214,,0,0,0,0,98.58112417708573,99.41363529411765,100.24614641114958,99.70315695672546,98.8440081955792,0,0,0,0,96.75895180684496,98.29710588235292,99.83525995786088,99.47745372933805,96.81586643586006,0,0,0,0,99.09506775195106,99.72688235294117,100.35869695393129,99.70315695672546,98.8440081955792,0,0,0,0,0.021712802900834122,,,50.219034510302,45.89021074118542,69.17264110431356,859440,,68755.20000001075,,,0.0012980000000000001,0.0010384,0.0007788000000000001,0.0005192,0.0002596,0,0.0012980000000000001,1.6300744539674061,3.0237252139242328,,
1767709800,99.95,99.99,99.86,99.97,45,15,30,15,97.33950738848718,98.75687058823534,100.17423378798351,99.08238861429056,,0,0,0,0,98.69991977957784,99.5466235294118,100.39332727924577,99.76091956062672,99.05586475303784,0,0,0,0,96.89307471618159,98.44924705882357,100.00541940146556,99.53132489927619,96.81586643586006,0,0,0,0,99.26639362331535,99.90336470588242,100.5403357884495,99.76091956062672,99.05586475303784,0,0,0,0,0.021905495463677982,,,,,,516347,,10326.939999997945,,,0.0025250000000000016,0.0020200000000000014,0.0015150000000000012,0.0010100000000000007,0.0005050000000000003,0,0.0025250000000000016,1.671230160917444,3.2217485414394362,,
1767796200,100.02,100.07,99.99,99.99,45,15,30,15,97.48459667777595,98.93432941176475,100.38406214575355,99.26007514184123,,0,0,0,0,98.82132878654616,99.59305882352943,100.3647888605127,99.86035359865048,99.23616012782084,0,0,0,0,97.0277021776926,98.60148235294118,100.17526252818975,99.66053014274323,96.81586643586006,0,0,0,0,99.43113757069654,99.98899999999996,100.54686242930339,99.86035359865048,99.23616012782084,0,0,0,0,0.021903106742833377,,,,,,771430,,-23142.90000000088,,,0.0028005,0.0022404,0.0016803,0.0011202,0.0005601,0,0.0028005,1.6680052814258375,3.2059887563199636,,
1767882600,99.99,100.09,99.98,100.03,45,15,30,15,97.48459667777595,98.93432941176475,100.38406214575355,99.29649834599543,,0,0,0,0,98.92958521858749,99.64840000000002,100.36721478141256,99.89083250971272,99.27214869011937,0,0,0,0,97.1530116893461,98.74541176470592,100.33781184006574,99.69775303124288,96.81586643586006,0,0,0,0,99.55608686354753,100.05770588235286,100.55932490115819,99.89083250971272,99.27214869011937,0,0,0,0,0.0219902092050638,,,,,,811063,,32442.52000000507,,,0.003085000000000002,0.0024680000000000014,0.001851000000000001,0.0012340000000000007,0.0006170000000000004,0,0.003085000000000002,1.6252783384629785,2.9940811405174492,,
1767969000,100.11,100.15,100,100.03,45,30,45,30,97.57690671076217,99.0398352941177,100.50276387747321,99.36031989271004,,0,0,0,0,99.03661652016984,99.77261176470589,100.50860700924193,99.90196392997042,99.33199521225369,0,0,0,0,97.27977048108364,98.88974117647054,100.49971187185743,99.73836868510229,97.45508980827368,0,0,0,0,99.66553396057101,100.16860000000004,100.67166603942907,99.90196392997042,99.33199521225369,0,0,0,0,0.021595672593038115,,,,,,1169074,,-93525.919999998,,,0.004227500000000001,0.003382000000000001,0.0025365000000000006,0.0016910000000000004,0.0008455000000000002,0,0.004227500000000001,1.6205497198571082,2.9637919134182584,,
1768228200,100.01,100.12,100,100.07,45,15,30,15,97.57690671076217,99.0398352941177,100.50276387747321,99.4081541860879,,0,0,0,0,99.13446098068998,99.8868,100.63913901931001,99.94261764713087,99.37113841137842,0,0,0,0,97.41136124926489,99.03861176470595,100.66586228014701,99.80282810093004,97.45508980827368,0,0,0,0,99.7687438005979,100.2745764705882,100.7804091405785,99.94261764713087,99.37113841137842,0,0,0,0,0.021329320275586417,,,53.98866364098,49.54575050291788,69.08203849501284,1765322,,105919.31999997892,,,0.004999999999999999,0.004,0.0029999999999999996,0.002,0.001,0,0.004999999999999999,1.6190374197220199,2.9479521437243728,,
1768314600,100.31,100.4182,100,100.02,45,30,30,15,97.66539763756246,99.04527058823534,100.42514353890822,99.42400031565305,,0,0,0,0,99.21960927802509,99.97948235294119,100.73935542785729,99.9513386855363,99.38618566770853,0,0,0,0,97.54516446835353,99.18722352941172,100.82928259046992,99.8054832365779,97.45508980827368,0,0,0,0,99.83913909134701,100.33496470588229,100.83079032041756,99.9513386855363,99.38618566770853,0,0,0,0,0.020191155793348448,,,,,,1753733,,-508582.57000001095,,,0.00008650000000000129,0.00006920000000000103,0.000051900000000000774,0.000034600000000000516,0.000017300000000000258,0,0.00008650000000000129,1.624531969312814,2.968083714464109,,
1768401000,100.18,100.1899,100,100.05,30,15,45,15,97.66539763756246,99.04527058823534,100.42514353890822,99.45478600739212,,0,0,0,0,99.30663620575231,100.07705882352943,100.84748144130654,99.9513386855363,99.41646526287221,0,0,0,0,97.70236602381401,99.35510588235294,101.00784574089188,99.81133503562074,97.45508980827368,0,0,0,0,99.89165938023152,100.36724705882345,100.84283473741539,99.9513386855363,99.41646526287221,0,0,0,0,0.01991354436012265,,,,,,1970060,,-256107.80000001905,,,0.004999999999999999,0.004,0.0029999999999999996,0.002,0.001,0,0.004999999999999999,1.6962286580771,3.3166259319925873,,
1768487400,99.55,99.99,99.43,99.99,15,15,15,0,97.73841560069057,99.07658823529404,100.4147608698975,99.45478600739212,,0,0,0,0,99.39518900261959,100.1783764705882,100.96156393855682,99.9513386855363,99.41646526287221,0,0,0,0,97.86684457822909,99.52595294117648,101.18506130412388,99.81133503562074,97.45508980827368,0,0,0,0,99.90444841564296,100.35103529411754,100.79762217259211,99.9513386855363,99.41646526287221,0,0,0,0,0.018788854761709432,,,,,,1179260,,518874.39999999735,,,0.004999999999999999,0.004,0.0029999999999999996,0.002,0.001,0,0.004999999999999999,1.723033303005223,3.454077672177855,,
1768573800,99.99,100.04,99.88,100.01,15,15,15,0,97.73841560069057,99.07658823529404,100.4147608698975,99.45478600739212,,0,0,0,0,99.5034340999227,100.30275294117644,101.10207178243017,99.9513386855363,99.41646526287221,0,0,0,0,98.03881795373478,99.70265882352949,101.3664996933242,99.81133503562074,97.45508980827368,0,0,0,0,99.91080178631869,100.26809411764697,100.62538644897525,99.9513386855363,99.41646526287221,0,0,0,0,0.01848311091037695,,,,,,925797,,18515.940000009472,,,0.0027260000000000006,0.0021808000000000005,0.0016356000000000005,0.0010904000000000003,0.0005452000000000001,0,0.0027260000000000006,1.698711429321276,3.3431459934399297,,
1768919400,99.9,100.04,99.08,99.12,-25,-10,-10,0,97.75632481584437,99.05312941176466,100.34993400768495,99.45478600739212,,0,0,0,0,99.5297019282172,100.33296470588225,100.33296470588225,99.6567705064082,99.41646526287221,0,0,0,0,98.16895613342712,99.82042352941177,99.82042352941177,99.81133503562074,97.45508980827368,0,0,0,0,99.7606917191821,100.05016470588232,100.05016470588232,99.6567705064082,99.41646526287221,0,0,0,0,0.009063963884631553,,,49.69061035037267,51.29943616721823,66.68348451532219,1696875,,-1323562.5000000019,,,0.0046065,0.0036852,0.0027639,0.0018426,0.0009213,0,0.0046065,1.6447264966979813,3.0849993092159576,,
1769005800,99.8,99.99,99.5,99.55,-5,-5,-5,0,97.75632481584437,99.05312941176466,100.34993400768495,99.45478600739212,,0,0,0,0,99.56478858119797,100.36983529411758,100.36983529411758,99.6567705064082,99.41646526287221,0,0,0,0,98.32284567955402,99.96887058823525,101.61489549691647,99.81133503562074,97.45508980827368,0,0,0,0,99.66010220917043,99.84964705882349,99.84964705882349,99.6567705064082,99.41646526287221,0,0,0,0,0.013128950299689687,,,,,,1391246,,-347811.5,,,0.001094,0.0008752,0.0006564,0.0004376,0.0002188,0,0.001094,1.5708985802207998,2.7182255383330904,,
1769092200,99.84,99.85,99.5,99.71,-5,-5,-5,0,97.82906606778765,99.13734117647064,100.44561628515363,99.45478600739212,,0,0,0,0,99.58293937201559,100.34771764705876,101.11249592210193,99.6567705064082,99.41646526287221,0,0,0,0,98.44941517377121,100.1021411764705,101.75486717916978,99.81133503562074,97.45508980827368,0,0,0,0,99.54687309009381,99.74254117647058,99.74254117647058,99.6567705064082,99.41646526287221,0,0,0,0,0.014519812439492243,,,,,,943774,,-122690.62000000912,,,0.0017444999999999993,0.0013955999999999994,0.0010466999999999996,0.0006977999999999997,0.00034889999999999986,0,0.0017444999999999993,1.5899100229634853,2.8003707898468964,,
1769178600,99.83,99.94,99.25,99.5,-5,-5,-5,0,97.82906606778765,99.13734117647064,100.44561628515363,99.45478600739212,,0,0,0,0,99.55237007546683,100.24467058823534,100.24467058823534,99.6567705064082,99.41646526287221,0,0,0,0,98.60373622902058,100.24905882352938,101.89438141803818,99.81133503562074,97.45508980827368,0,0,0,0,99.37317004610135,99.60536470588238,99.60536470588238,99.6567705064082,99.41646526287221,0,0,0,0,0.012202894289904086,,,,,,1178268,,-388828.43999999797,,,0.004999999999999999,0.004,0.0029999999999999996,0.002,0.001,0,0.004999999999999999,1.5917310161759375,2.8011585846568248,,
1769437800,99.64,99.69,98.735,99.05,-25,-10,-10,0,97.85963263591205,99.16769411764697,100.4757555993819,99.45478600739212,,0,0,0,0,99.42266232712898,100.05532941176465,100.05532941176465,99.41917284852099,99.41646526287221,0,0,0,0,98.73156733535357,100.36371764705876,100.36371764705876,99.57826493102094,97.45508980827368,0,0,0,0,99.0660448894014,99.38552941176478,99.38552941176478,99.41917284852099,99.41646526287221,0,0,0,0,0.007464185690753797,,,37.996443741656215,47.2252392443363,64.27998092636817,1276846,,-753339.1400000043,,,0.004405000000000001,0.003524000000000001,0.002643000000000001,0.0017620000000000005,0.0008810000000000003,0,0.004405000000000001,1.5474649423742375,2.567607619927186,,
1769524200,99.3,99.385,99,99.16,-5,-5,-5,0,97.85963263591205,99.16769411764697,100.4757555993819,99.45478600739212,,0,0,0,0,99.36313725068885,99.88998823529406,99.88998823529406,99.41917284852099,99.41646526287221,0,0,0,0,98.87009771178636,100.48955294117647,100.48955294117647,99.57826493102094,97.45508980827368,0,0,0,0,98.86823297194807,99.22711764705882,99.22711764705882,99.41917284852099,99.41646526287221,0,0,0,0,0.008430195752003117,,,,,,1067791,,-149490.7400000006,,,-0.0012760000000000007,-0.0010208000000000005,-0.0007656000000000004,-0.0005104000000000003,-0.00025520000000000013,-0.0012760000000000007,0,1.577325309948391,2.698819374600799,,
1769610600,99.43,99.5,98.848,98.99,-40,-5,-5,0,97.88270310558157,99.18889411764711,100.49508512971265,99.45478600739212,,0,0,0,0,99.25265787126007,99.7292352941176,99.7292352941176,99.29062602143165,99.41646526287221,0,0,0,0,98.92734430780264,100.54878823529413,100.54878823529413,99.57826493102094,97.45508980827368,0,0,0,0,98.66690318767448,99.06356470588221,99.06356470588221,99.29062602143165,99.41646526287221,0,0,0,0,0.006544726875984659,,,,,,1092384,,-480648.96000001306,,,-0.002287999999999997,-0.0018303999999999977,-0.0013727999999999982,-0.0009151999999999988,-0.0004575999999999994,-0.002287999999999997,0,1.5925815750194778,2.76399341988914,,
1769697000,99,99.09,97.95,98.19,-30,-15,-15,0,97.88270310558157,99.18889411764711,100.49508512971265,99.45478600739212,,0,0,0,0,98.9948706872623,99.5051176470588,99.5051176470588,98.69418444913862,99.41646526287221,0,0,0,0,98.89112077607514,100.51044705882362,100.51044705882362,98.98481220667996,97.45508980827368,0,0,0,0,98.2082945009244,98.73092941176472,98.73092941176472,98.69418444913862,99.41646526287221,0,0,0,1,-0.0016496826457961078,,,,,,1929878,,-1563201.1800000044,,,0.004999999999999999,0.004,0.0029999999999999996,0.002,0.001,0,0.004999999999999999,1.5932540400449444,2.7607649299003545,,
1769783400,98.38,99.4299,98.25,98.99,-5,-5,-5,0,97.90560655160903,99.2104941176471,100.51538168368518,99.45478600739212,0,0,0,0,0,98.86763677172074,99.3769176470587,99.3769176470587,98.69418444913862,99.41646526287221,0,0,0,0,98.87847117604707,100.40601176470588,100.40601176470588,98.98481220667996,97.45508980827368,0,0,0,0,98.12076791713646,98.64236470588229,98.64236470588229,98.69418444913862,99.41646526287221,0,0,0,0,0.006338028526973765,,,,,,1241958,,757594.3799999993,,,-0.004273999999999998,-0.003419199999999999,-0.0025643999999999992,-0.0017095999999999995,-0.0008547999999999997,-0.004273999999999998,0,1.512306277245064,2.3677165058944176,,
1770042600,98.35,99.43,98.3,99.05,0,-15,-15,0,97.90560655160903,99.2104941176471,100.51538168368518,99.45478600739212,0,0,0,0,0,98.78407462904103,99.28804705882354,99.28804705882354,98.77568886425907,99.41646526287221,0,0,0,0,98.86788473351052,100.36825882352937,100.36825882352937,98.98481220667996,97.45508980827368,0,0,0,0,98.1696760471967,98.66427058823533,99.15886512927395,98.77568886425907,99.41646526287221,0,0,0,0,0.006771951668847659,,,24.120601191928717,37.26921842798587,63.1741011799198,1375565,,962895.500000004,,,-0.008532999999999999,-0.0068264,-0.0051198,-0.0034132,-0.0017066,-0.008532999999999999,0,1.3788224297147138,1.7212743830746597,,
1770129000,99.17,99.34,97.85,98.455,-15,-15,-15,0,97.88290245834719,99.18078823529412,99.18078823529412,99.45478600739212,0,0,0,0,0,98.55567721760173,99.09636470588235,99.09636470588235,98.77568886425907,99.41646526287221,0,0,0,0,98.81450834215013,100.20604705882351,100.20604705882351,98.98481220667996,97.45508980827368,0,0,0,0,98.02916129845984,98.53498823529415,98.53498823529415,98.77568886425907,99.41646526287221,0,0,0,0,0.0006169056540876564,,,,,,1510412,,-1079944.5800000052,,,0.0017785000000000006,0.0014228000000000005,0.0010671000000000005,0.0007114000000000003,0.00035570000000000013,0,0.0017785000000000006,1.4115826855200442,1.8471578031952707,,
1770215400,98.62,98.7,97,97.99,-30,-15,-15,0,97.88290245834719,99.18078823529412,99.18078823529412,99.45478600739212,0,0,0,0,0,98.09773401069772,98.75060000000008,98.75060000000008,98.37390334349004,99.41646526287221,0,0,0,0,98.80480286456371,99.92663529411769,99.92663529411769,98.8460799745317,97.45508980827368,0,0,0,0,97.62191406732309,98.22588235294121,98.22588235294121,98.37390334349004,99.41646526287221,0,0,0,0,-0.004171726769681038,,,,,,1728363,,-1088868.6900000167,,,0.0010159999999999998,0.0008127999999999998,0.0006095999999999999,0.0004063999999999999,0.00020319999999999995,0,0.0010159999999999998,1.3603746108647354,1.590330173792441,,
1770301800,96.59,96.87,93.1,93.67,-60,-20,-55,-15,97.32327478922028,98.7710588235294,98.7710588235294,97.93961194250299,0,0,0,0,0,96.63893369151494,97.8922,97.8922,95.71073056262726,97.99936471088921,0,0,0,0,98.16098678481825,99.40315294117644,99.40315294117644,96.50973222293806,97.45508980827368,0,0,0,0,95.52553397985389,96.94367058823529,96.94367058823529,95.71073056262726,97.99936471088921,0,0,0,0,-0.04772748760480129,,,,,,3369065,,-9837669.800000006,,,-0.0007035000000000017,-0.0005628000000000013,-0.000422100000000001,-0.00028140000000000066,-0.00014070000000000033,-0.0007035000000000017,0,1.315458331280378,1.3655010516935735,,
1770388200,97.38,98.93,96.252,98.76,15,0,0,0,97.32327478922028,98.7710588235294,98.7710588235294,97.93961194250299,0,0,0,0,0,96.50691889485448,97.76605882352946,99.02519875220445,97.34526354645988,97.99936471088921,0,0,0,0,98.12046212431373,99.31891764705883,100.51737316980392,96.86783293022178,97.45508980827368,0,0,0,0,95.62781814189438,97.02341176470581,98.41900538751725,97.34526354645988,97.99936471088921,0,0,0,0,0.0038289018563109753,,,,,,1916331,,2644536.7800000184,,,0.004999999999999999,0.004,0.0029999999999999996,0.002,0.001,0,0.004999999999999999,1.1379460137595068,0.5752842812775346,,
1770647400,98.9,99.72,98.34,99.72,45,10,10,0,97.37938926531935,98.82751764705878,100.27564602879822,97.93961194250299,0,0,0,0,0,96.55927502996929,97.8189529411764,99.07863085238353,98.51224677609434,97.99936471088921,0,0,0,0,98.14492180228926,99.30002352941179,100.45512525653432,97.84527431228307,97.45508980827368,0,0,0,0,96.08857402208186,97.47432941176467,98.86008480144748,98.51224677609434,97.99936471088921,0,0,0,0,0.013301358587962848,,,31.059244646918113,31.05876319350102,66.02076359122373,1052002,,862641.6399999928,,,-0.002639500000000002,-0.0021116000000000017,-0.0015837000000000013,-0.0010558000000000008,-0.0005279000000000004,-0.002639500000000002,0,1.2754364821994326,1.126845893200568,,
1770733800,99.5,99.9,99.46,99.67,40,10,25,15,97.37938926531935,98.82751764705878,100.27564602879822,98.16032527781374,0,0,0,0,0,96.71095902390515,97.96756470588235,99.22417038785956,98.88676609587438,98.10885048475816,0,0,0,0,98.16619370846199,99.30437647058817,100.44255923271434,98.50368040191753,97.45508980827368,0,0,0,0,96.63535401563927,98.03336470588242,99.43137539612557,98.88676609587438,98.10885048475816,0,0,0,0,0.012545321739908069,,,,,,924083,,157094.1100000016,,,-0.0022755000000000006,-0.0018204000000000007,-0.0013653000000000005,-0.0009102000000000003,-0.00045510000000000017,-0.0022755000000000006,0,1.2726696886888778,1.0956872809643916,,
1770820200,99.77,100.04,99.4,100,25,10,10,0,97.46030787188222,98.92119999999993,100.38209212811763,98.16032527781374,0,0,0,0,0,96.88844532707022,98.1448823529412,99.40131937881218,99.30621101705296,98.10885048475816,0,0,0,0,98.20181701874904,99.30807058823525,100.41432415772147,98.84949993838809,97.45508980827368,0,0,0,0,97.14100130511285,98.57265882352938,100.00431634194591,99.30621101705296,98.10885048475816,0,0,0,0,0.01563983786325646,,,,,,930444,,214002.1200000037,,,-0.0009969999999999988,-0.000797599999999999,-0.0005981999999999993,-0.0003987999999999995,-0.00019939999999999975,-0.0009969999999999988,0,1.2505487691550836,0.9881783844324317,,
1770906600,100.01,100.09,99.95,100.03,50,10,45,15,97.46030787188222,98.92119999999993,100.38209212811763,98.74242332627819,0,0,0,0,0,97.08340846286183,98.33964705882343,99.59588565478504,99.51755317727117,98.73252924451087,0,0,0,0,98.23787800095067,99.29623529411764,100.3545925872846,99.0943647427938,97.45508980827368,0,0,0,0,97.6183883750005,99.09628235294112,100.57417633088173,99.51755317727117,98.73252924451087,0,0,0,0,0.015704169433630566,,,,,,1993934,,39878.67999999207,,,0.003885499999999999,0.0031083999999999994,0.0023312999999999997,0.0015541999999999997,0.0007770999999999999,0,0.003885499999999999,1.2196846771704628,0.8498602988416751,,
1770993000,99.54,99.9,99.42,99.8,15,55,15,0,97.52693464723875,98.99547058823538,100.46400652923201,98.74242332627819,89.44197295918367,0,0,0,0,97.25611844527486,98.50847058823524,99.76082273119562,99.51755317727117,98.73252924451087,0,0,0,0,98.26255542505378,99.31362352941169,100.3646916337696,99.0943647427938,97.45508980827368,0,0,0,0,98.01995252723052,99.52663529411748,101.03331806100445,99.51755317727117,98.73252924451087,0,0,0,0,0.01313728416267467,,,,,,1037059,,269635.3399999906,,,0.004999999999999999,0.004,0.0029999999999999996,0.002,0.001,0,0.004999999999999999,1.2061508539918506,0.7821689953256724,,
1771338600,99.73,99.77,99.2705,99.33,10,30,5,0,97.52693464723875,98.99547058823538,100.46400652923201,98.74242332627819,89.44197295918367,0,0,0,0,97.37209056652951,98.61357647058821,99.85506237464692,99.51755317727117,98.73252924451087,0,0,0,0,98.26031668580798,99.30581176470585,100.35130684360372,99.0943647427938,97.45508980827368,0,0,0,0,98.2262580449738,99.74350588235296,101.26075371973212,99.51755317727117,98.73252924451087,0,0,0,0,0.008168468574537423,,,44.21316024227547,33.13100202704077,66.07507397357116,1104041,,-441616.40000000625,,,0.001013500000000001,0.0008108000000000008,0.0006081000000000006,0.0004054000000000004,0.0002027000000000002,0,0.001013500000000001,1.2558624363799356,0.9561888876423387,,
1771425000,99.44,99.63,99.32,99.5,10,35,10,0,97.56976469772322,99.03915294117655,100.50854118462989,98.74242332627819,89.44197295918367,0,0,0,0,97.51445398687615,98.74428235294111,99.97411071900608,99.51755317727117,98.73252924451087,0,0,0,0,98.26797673348585,99.30854117647047,100.34910561945509,99.0943647427938,97.45508980827368,0,0,0,0,98.39438506214704,99.91943529411765,101.44448552608826,99.51755317727117,98.73252924451087,0,0,0,0,0.009688954916119916,,,,,,634930,,38095.80000000144,,,0.0034595000000000003,0.0027676000000000003,0.0020757,0.0013838000000000001,0.0006919000000000001,0,0.0034595000000000003,1.2309631971303698,0.8500280851792446,,
1771511400,99.4,99.7,99.2,99.66,15,40,15,0,97.56976469772322,99.03915294117655,100.50854118462989,98.74242332627819,89.44197295918367,0,0,0,0,97.67691455031944,98.89752941176468,100.11814427320992,99.51755317727117,98.73252924451087,0,0,0,0,98.28393178645159,99.32023529411767,100.35653880178374,99.0943647427938,97.45508980827368,0,0,0,0,98.66455751182933,100.20332941176463,101.74210131169993,99.51755317727117,98.73252924451087,0,0,0,0,0.011031463104351684,,,,,,419302,,109018.51999999619,,,-0.0013939999999999992,-0.0011151999999999994,-0.0008363999999999995,-0.0005575999999999997,-0.00027879999999999984,-0.0013939999999999992,0,1.2133307134977758,0.7728301002200834,,
1771597800,99.54,99.85,99.54,99.82,30,40,15,0,97.61769714909346,99.08297647058825,100.54825579208304,98.74242332627819,89.44197295918367,0,0,0,0,97.85984941665454,99.07385882352938,100.28786823040421,99.54953132066022,98.73252924451087,0,0,0,0,98.31640211786984,99.35449411764706,100.39258611742429,99.14553749485914,97.45508980827368,0,0,0,0,98.91955218578697,100.47563529411772,102.03171840244848,99.54953132066022,98.73252924451087,0,0,0,0,0.01236501123723135,,,,,,461464,,129209.91999999397,,,-0.00036149999999999984,-0.0002891999999999999,-0.0002168999999999999,-0.00014459999999999994,-0.00007229999999999997,-0.00036149999999999984,0,1.2232939308454334,0.7978125349646561,,
1771857000,99.62,99.88,99.55,99.84,15,15,15,0,97.61769714909346,99.08297647058825,100.54825579208304,98.74242332627819,89.44197295918367,0,0,0,0,98.04229632411901,99.25185882352937,100.46142132293974,99.54953132066022,98.73252924451087,0,0,0,0,98.36665572736452,99.4096705882353,100.45268544910608,99.14553749485914,97.45508980827368,0,0,0,0,99.02039201602348,100.56101176470598,102.10163151338848,99.54953132066022,98.73252924451087,0,0,0,0,0.012281415044505388,,,58.9971506281128,44.7565185057688,66.64913885654809,774898,,170477.55999999912,,,0.0009844999999999997,0.0007875999999999998,0.0005906999999999999,0.0003937999999999999,0.00019689999999999996,0,0.0009844999999999997,1.2362709766969202,0.8331887400084397,,
1771943400,99.71,99.94,99.65,99.91,45,15,30,25,97.66772426106462,99.1295529411765,100.59138162128838,98.78110060728238,89.44197295918367,0,0,0,0,98.24265850186812,99.4498117647059,100.65696502754368,99.70140392161456,98.7644936430838,0,0,0,0,98.41568317604984,99.4641176470589,100.51255211806796,99.38469951037776,97.45508980827368,0,0,0,0,99.08165962910407,100.36755294117658,101.6534462532491,99.70140392161456,98.7644936430838,0,0,0,0,0.012698515668395291,,,,,,635528,,127105.60000000181,,,-0.0014850000000000009,-0.0011880000000000007,-0.0008910000000000005,-0.0005940000000000003,-0.00029700000000000017,-0.0014850000000000009,0,1.1828252858665942,0.6349114850933152,,
1772029800,99.97,100,99.85,99.96,45,15,30,25,97.66772426106462,99.1295529411765,100.59138162128838,99.03245056390506,89.44197295918367,0,0,0,0,98.40126499843765,99.61651764705884,100.83177029568003,99.7358855009692,99.01702981143494,0,0,0,0,98.46938917484371,99.52385882352942,100.57832847221513,99.48446029211144,97.45508980827368,0,0,0,0,99.60044881358206,99.89865882352942,100.19686883347677,99.7358855009692,99.01702981143494,0,0,0,0,0.013002016680685482,,,,,,1248347,,-12483.470000006386,,,0.0038520000000000004,0.0030816000000000003,0.0023112000000000002,0.0015408000000000002,0.0007704000000000001,0,0.0038520000000000004,1.1736927380353874,0.5940041833868315,,
1772116200,99.99,100,99.82,100,45,15,30,25,97.77873774689061,99.25281176470588,100.72688578252115,99.0587040950547,89.44197295918367,0,0,0,0,98.56239404513425,99.78672941176481,101.01106477839537,99.83163124201327,99.03367053918959,0,0,0,0,98.52346365134491,99.58421176470587,100.64495987806683,99.58430504778997,97.45508980827368,0,0,0,0,99.65568659421028,99.84709411764712,100.03850164108395,99.83163124201327,99.03367053918959,0,0,0,0,0.013301610237588897,,,,,,795392,,7953.920000004069,,,0.004551000000000001,0.0036408000000000013,0.002730600000000001,0.0018204000000000007,0.0009102000000000003,0,0.004551000000000001,1.2457049707696872,0.831949332539951,,
1772202600,99.95,100.05,99.91,100.02,25,50,25,40,97.77873774689061,99.25281176470588,100.72688578252115,99.19451094540794,95.74254631924198,0,0,0,0,98.64363630204932,99.87297647058824,101.10231663912717,99.83163124201327,99.16983692924748,0,0,0,0,98.54415319545753,99.58950588235295,100.63485856924838,99.58430504778997,97.4800848629146,0,0,0,0,99.67676347492745,99.86932941176471,100.06189534860196,99.83163124201327,99.16983692924748,0,0,0,0,0.013399528863446588,,,,,,389289,,27250.229999997344,,,-0.0027000000000000006,-0.0021600000000000005,-0.0016200000000000003,-0.0010800000000000002,-0.0005400000000000001,-0.0027000000000000006,0,,,,