time,open,high,low,close,Risk Oscillator,SRI Bias Histogram,STH MVRV,MVRV SMA,Reversal Support,Reversal Robust Fit,Reversal Resistance,Fast Trackline,Slow Trackline,Stage 4 to 1,Stage 1 to 2,Stage 2 to 3,Stage 3 to 4,%K,%D,MTF RSI,Volume,STH-MVRV,NRPL,Deviation Dot,Max Risk,Median Risk,Min Risk,Displayed STH SOPR (Mirrored),Short-Term Risk Score,Funding Rate,Funding Rate,Funding Rate,Funding Rate,Funding Rate,Funding Rate,Funding Rate,MVRV,Z-score,Plot,Plot
1753450200,88.5,88.75,88,88.6,,0,,,,,,,,0,0,0,0,,,,1004810,,100480.99999999428,,,,,,,0.004999999999999999,0.004,0.0029999999999999996,0.002,0.001,0,0.004999999999999999,2.3253806121677583,,7,
1753709400,88.58,95,88,89.95,,0,,,,,,,,0,0,0,0,,,,1160838,,1590348.0600000052,,89.95000000000002,89.95000000000002,89.95000000000002,,,0.005,0.004,0.003,0.002,0.001,0,0.005,2.3385188286177585,127.38613501172779,7,
1753795800,90.7,95,90.32,93.25,,0,,,,,,,,0,0,0,0,,,,2463223,,6281218.649999993,97.91250000000001,93.25000000000001,92.7513974495713,92.2554608991779,,,0.004999999999999999,0.004,0.0029999999999999996,0.002,0.001,0,0.004999999999999999,2.309039740435535,113.89924176950142,7,
1753882200,93.74,95,93.3,94.5,,0,,,,,,,,0,0,0,0,,,,3074414,,2336554.6400000155,99.22500000000001,94.9426834042624,94.50000000000001,93.93009132938289,,,0.004999999999999999,0.004,0.0029999999999999996,0.002,0.001,0,0.004999999999999999,2.3027657075859667,114.21546425345676,7,
1753968600,95,95.99,94,94.48,,0,,,,,,,,0,0,0,0,,,,1964083,,-1021323.1599999922,99.20400000000001,95.8536161639595,95.11856200525351,94.47999999999998,,,-0.003347000000000002,-0.0026776000000000013,-0.0020082000000000008,-0.0013388000000000007,-0.0006694000000000003,-0.003347000000000002,0,2.2975142698504802,115.65449720169545,7,
1754055000,94.68,95.25,93.55,94.14,,0,,,,,,,,0,0,0,0,,,,2692995,,-1454217.3000000168,98.84700000000001,96.21707238967926,95.19088857565065,94.13999999999997,,,0.0003039999999999998,0.00024319999999999984,0.00018239999999999988,0.00012159999999999992,0.00006079999999999996,0,0.0003039999999999998,2.2560652098892118,59.44032230439268,7,
1754314200,95.9,96.39,95.15,96.39,,0,,,,,,,,0,0,0,0,,,,1445291,,708192.5899999926,101.2095,98.21802147762236,96.99034274428384,96.09775388359421,,,0.0003550000000000005,0.0002840000000000004,0.0002130000000000003,0.0001420000000000002,0.0000710000000000001,0,0.0003550000000000005,2.224325308240829,39.02812526810093,7,
1754400600,96.75,97.18,96.01,96.5,,0,,,,,,,,0,0,0,0,,,,1410022,,-352505.5,101.325,98.42098908116158,97.01058155680154,96.29633995280861,,,0.0020255000000000004,0.0016204000000000001,0.0012153,0.0008102000000000001,0.00040510000000000003,0,0.0020255000000000004,2.2380708771263875,37.72239404129247,7,
1754487000,96.99,97.3,96.85,97,,0,,,,,,,,0,0,0,0,,,,1348808,,13488.080000006901,101.85000000000001,98.78554298194845,97.18477963823754,96.6530240980202,,,-0.004123000000000001,-0.003298400000000001,-0.002473800000000001,-0.0016492000000000004,-0.0008246000000000002,-0.004123000000000001,0,2.2184474012655206,34.09806764098918,7,
1754573400,97.55,97.75,97.3,97.59,,0,,,,,,,,0,0,0,0,,,,1290989,,51639.560000008074,102.46950000000001,99.2410274457319,97.58999999999997,97.09867585560968,,,0.0018870000000000015,0.0015096000000000011,0.0011322000000000007,0.0007548000000000006,0.0003774000000000003,0,0.0018870000000000015,2.2349278034224507,34.96134367840782,7,
1754659800,97.8,97.89,97.4,97.5,,0,,,,,,,,0,0,0,0,,,,825980,,-247793.99999999764,102.375,99.54910019615659,97.82132552295441,97.40009812927357,,,0.0024769999999999996,0.0019815999999999996,0.0014861999999999996,0.0009907999999999998,0.0004953999999999999,0,0.0024769999999999996,2.2790138431499347,37.602568580822464,7,
1754919000,98.25,98.33,97.865,98.05,,0,,,,,,,,0,0,0,0,,,,1357463,,-271492.6000000039,102.9525,100.71639876212414,98.89595567350646,98.04999999999997,,,0.004999999999999999,0.004,0.0029999999999999996,0.002,0.001,0,0.004999999999999999,2.3091833176410437,36.956309422826266,7,
1755005400,98.49,98.49,97.28,97.79,,0,,,,,,,,0,0,0,0,,,,821514,,-575059.7999999906,102.6795,100.6008473997029,98.75548128721819,97.78999999999998,,,0.0036125,0.0028899999999999998,0.0021674999999999997,0.0014449999999999999,0.0007224999999999999,0,0.0036125,2.295211629160305,36.72485939893462,7,
1755091800,98.16,98.1999,97.65,97.9,,0,,,,,,0,,0,0,0,0,,,,759059,,-197355.3399999931,102.79500000000002,100.58282913418283,98.71079415352303,97.77248517551538,,,0.0006349999999999992,0.0005079999999999993,0.0003809999999999995,0.00025399999999999967,0.00012699999999999983,0,0.0006349999999999992,2.3196884978471877,35.39194517829271,7,
1755178200,97.98,98.19,97.6,98.01,,15,,,,,,95.81413928571428,,0,0,0,0,,,,821998,,24659.940000000934,102.91050000000001,100.61462227323648,98.6963960904712,97.80338999538934,,,0.005,0.004,0.003,0.002,0.001,0,0.005,2.377275275701291,29.688403240016985,7,
1755264600,97.78,97.9,96.38,96.95,,0,,,,,,95.81413928571428,,0,0,0,0,,,,650827,,-540186.4099999989,101.79750000000001,100.42274389826574,98.46268439947556,96.94999999999999,,,0.0021300000000000004,0.0017040000000000002,0.001278,0.0008520000000000001,0.00042600000000000005,0,0.0021300000000000004,2.2799292209339335,28.435275584843016,7,
1755523800,97.2,97.23,95.43,96.25,,0,,,,,,95.81413928571428,,0,0,0,0,,,,715325,,-679558.750000002,101.0625,100.59773060113574,98.58063606997051,96.25000000000003,,,0.001241,0.0009927999999999998,0.0007445999999999999,0.0004963999999999999,0.00024819999999999996,0,0.001241,2.2529658074110936,28.8121630652271,7,
1755610200,96.25,96.25,92.2,93.6,,0,,,,,,95.81413928571428,,0,0,0,0,,,,1311595,,-3475726.7500000075,98.28,99.56400337731151,97.51459641684094,93.60000000000002,,,0.004999999999999999,0.004,0.0029999999999999996,0.002,0.001,0,0.004999999999999999,2.229339821693586,28.818164989482675,7,
1755696600,94,94.4873,92.53,93.99,,0,,,,,,95.81413928571428,,0,0,0,0,,,,821917,,-8219.170000004206,98.6895,98.8742481930586,96.78941399647226,92.95156197967044,,,0.0016205000000000013,0.001296400000000001,0.0009723000000000007,0.0006482000000000005,0.00032410000000000023,0,0.0016205000000000013,2.1627055159246913,25.25092414982442,7,
1755783000,94.1,94.5299,93.6,94.44,,0,,,,,,95.81413928571428,,0,0,0,0,,,,419932,,142776.88000000143,99.162,98.42284702308959,96.29815778667901,92.52720028190922,,,0.004632000000000001,0.0037056000000000003,0.0027792000000000003,0.0018528000000000001,0.0009264000000000001,0,0.004632000000000001,2.1881031837018745,25.50478967289463,7,
1755869400,94.84,95.8,94.12,95.05,,0,,,,,,95.81413928571428,,0,0,0,0,,,,722537,,151732.76999999548,99.8025,98.16640954464629,95.83597789785831,92.28612371640259,,,0.004999999999999999,0.004,0.0029999999999999996,0.002,0.001,0,0.004999999999999999,2.1533941803342542,23.4241161798627,7,
1756128600,95,95.25,94.5,95.1,,0,,,,,,95.81413928571428,,0,0,0,0,,,,566099,,56609.899999996785,99.855,98.13121789996781,95.59088380073555,92.25304009350504,,,0.004999999999999999,0.004,0.0029999999999999996,0.002,0.001,0,0.004999999999999999,2.1669858641963073,23.38510619636761,7,
1756215000,95.11,95.8,94.92,95.66,,0,,,,,,95.81413928571428,,0,0,0,0,,,,355477,,195512.349999999,100.443,97.98550405145481,95.55441275932368,92.11605467951831,,,0.0018785000000000004,0.0015028000000000003,0.0011271000000000002,0.0007514000000000002,0.0003757000000000001,0,0.0018785000000000004,2.1034896850404676,20.01455954822326,7,
1756301400,95.88,96.95,95.66,96.52,,0,,,,,,95.81413928571428,,0,0,0,0,,,,506822,,324366.0800000003,101.346,98.00832923617736,95.68228347133278,92.13751260826325,,,-0.00009100000000000167,-0.00007280000000000134,-0.000054600000000001,-0.00003640000000000067,-0.000018200000000000334,-0.00009100000000000167,0,2.133276072271477,19.94605618549709,7,
1756387800,96.92,97.62,96.7002,97.41,,0,,,,,,95.81413928571428,,0,0,0,0,,,,580021,,284210.289999997,102.2805,98.16128728342083,95.93687008039245,92.2813082847763,,,0.000392000000000003,0.0003136000000000024,0.00023520000000000181,0.0001568000000000012,0.0000784000000000006,0,0.000392000000000003,2.1225445819829893,19.122193144114622,7,
1756474200,97.39,97.9,97.24,97.75,,0,,,,,,95.81413928571428,,0,0,0,0,,,,3887593,,1399533.479999998,102.6375,98.33945880972708,96.21656970453334,92.44880712267523,,,-0.00010100000000000191,-0.00008080000000000153,-0.00006060000000000115,-0.000040400000000000765,-0.000020200000000000383,-0.00010100000000000191,0,2.144930477677856,19.436782510221743,7,
1756819800,97.5,98.1,97.2,97.48,,0,,,,,,95.81413928571428,,0,0,0,0,,,,688375,,-13767.49999999726,102.35400000000001,98.73287463751905,96.6510214034024,92.81865686989542,,,0.00002550000000000035,0.00002040000000000028,0.00001530000000000021,0.00001020000000000014,0.00000510000000000007,0,0.00002550000000000035,2.071482959625429,17.19626077561321,7,
1756906200,98.43,98.43,97.55,97.67,,15,,,,,,96.06865862672461,,0,0,0,0,,,,606020,,-460575.2000000031,102.5535,98.82242254398021,96.78828014570107,92.90284074921374,,,0.004999999999999999,0.004,0.0029999999999999996,0.002,0.001,0,0.004999999999999999,2.1080607741066846,17.553513982195614,7,
1756992600,97.89,97.9392,97.34,97.46,,0,,,,,,96.06865862672461,,0,0,0,0,,,,631015,,-271336.4500000043,102.333,98.87124331472077,96.88876674205962,92.94873709715387,,,0.004935000000000001,0.003948,0.0029610000000000005,0.001974,0.000987,0,0.004935000000000001,2.1165623747532916,17.61977660988456,7,
1757079000,97.77,97.97,97.5015,97.6,,15,,,,,,96.14804953018601,,0,0,0,0,,,,410133,,-69722.6100000007,102.48,98.93382555136122,97.00282688516222,93.00757058265914,,,0.005000000000000003,0.004000000000000002,0.0030000000000000014,0.002000000000000001,0.0010000000000000005,0,0.005000000000000003,2.095881854846883,17.06303167368627,7,
1757338200,97.8,97.8999,97.45,97.56,,15,,,,,,96.16108884945845,,0,0,0,0,,,,375228,,-90054.71999999808,102.438,99.15601337841933,97.26559569614065,93.21644909203191,,,-0.0011019999999999986,-0.0008815999999999989,-0.0006611999999999992,-0.00044079999999999944,-0.00022039999999999972,-0.0011019999999999986,0,2.097925131672797,17.0335606005,7,
1757424600,97.51,97.69,97.19,97.33,,0,,,,,,96.16108884945845,,0,0,0,0,,,,318255,,-57285.90000000217,102.1965,99.14401340698745,97.29875748389861,93.20516793330061,,,0.00009000000000000219,0.00007200000000000175,0.00005400000000000131,0.000036000000000000875,0.000018000000000000438,0,0.00009000000000000219,2.1137108165992142,17.3556257131736,7,
1757511000,97.54,97.65,97.3,97.4,,0,,,,,,96.16108884945845,,0,0,0,0,,,,313553,,-43897.42000000018,102.27000000000001,99.14557868692235,97.3159138819078,93.20663945108753,,,0.004947,0.0039576,0.0029682,0.0019788,0.0009894,0,0.004947,2.1029514661424242,17.19384866036072,7,
1757597400,97.5,97.54,97.25,97.37,,0,,,,,,96.16108884945845,,0,0,0,0,,,,308674,,-40127.6199999986,102.23850000000002,99.14605935744495,97.33200851620975,93.20709132886854,,,0.0018219999999999998,0.0014575999999999999,0.0010932,0.0007287999999999999,0.00036439999999999997,0,0.0018219999999999998,2.1467430472528513,18.143700087972903,7,
1757683800,97.63,97.79,97.134,97.25,,0,,,,,,96.16108884945845,,0,0,0,0,,,,472332,,-179486.15999999785,102.11250000000001,99.13544412080621,97.30596634237604,93.19711195765322,,,0.0021185000000000006,0.0016948000000000006,0.0012711000000000005,0.0008474000000000003,0.00042370000000000016,0,0.0021185000000000006,2.173007561881926,18.84360100460426,7,
1757943000,96.8,97.2156,96.61,96.9,,0,,,,,,96.16108884945845,,0,0,0,0,,,,333918,,33391.80000000285,101.745,99.2315370674119,97.38465216494994,93.2874488213509,,,-0.0052915,-0.0042332,-0.0031749000000000005,-0.0021166,-0.0010583,-0.0052915,0,2.166168993316091,19.026646727330956,7,
1758029400,97.08,97.5,96.62,96.95,,0,,,,,,96.16108884945845,,0,0,0,0,,,,281533,,-36599.28999999872,101.79750000000001,99.17153749946655,97.3055860196151,93.23104329958414,,,0.0027140000000000016,0.002171200000000001,0.0016284000000000008,0.0010856000000000006,0.0005428000000000003,0,0.0027140000000000016,2.165277552569518,19.28763270750428,7,
1758115800,96.9,97.34,96.8803,97.26,,0,,,,,,96.16108884945845,,0,0,0,0,,,,249794,,89925.83999999985,102.123,99.1535871042688,97.26779792441933,93.21416815461691,,,0.004999999999999999,0.004,0.0029999999999999996,0.002,0.001,0,0.004999999999999999,2.189421419026316,19.882289308268263,7,
1758202200,97.49,98.1,97.1001,97.5,,0,,,,,,96.16108884945845,,0,0,0,0,,,,328268,,3282.680000001679,102.375,99.1632546823418,97.29745904695199,93.22325663315272,,,0.004999999999999999,0.004,0.0029999999999999996,0.002,0.001,0,0.004999999999999999,2.179924624515812,19.94963656030922,7,
1758288600,97.64,97.74,97.4,97.7,,15,,,,,,96.45497122406535,,0,0,0,0,,,,283477,,17008.620000000643,102.58500000000001,99.19218364768112,97.34603118612361,93.25045271872492,,,-0.004168500000000002,-0.0033348000000000015,-0.002501100000000001,-0.0016674000000000007,-0.0008337000000000004,-0.004168500000000002,0,2.1902131598090633,20.280660419846605,7,
1758547800,97.75,97.75,97.51,97.55,,15,,,,,,96.6153304223464,,0,0,0,0,,,,231881,,-46376.20000000066,102.4275,99.3313793658703,97.49828573460329,93.38131044622241,,,0.0013390000000000006,0.0010712000000000005,0.0008034000000000003,0.0005356000000000002,0.0002678000000000001,0,0.0013390000000000006,2.1505958912886514,19.900209721403833,7,
1758634200,97.5,97.75,97.4,97.4,,0,,,,,,96.6153304223464,,0,0,0,0,,,,214288,,-21428.79999999878,102.27000000000001,99.31266527278109,97.46427042235209,93.36371734978461,,,0.0026024999999999998,0.0020819999999999996,0.0015614999999999997,0.0010409999999999998,0.0005204999999999999,0,0.0026024999999999998,2.104121087585582,19.206163341498566,7,
1758720600,97.75,97.75,97.5,97.5,,15,,,,,,96.68036143559459,,0,0,0,0,,,,134630,,-33657.5,102.375,99.30663395760051,97.47399698615833,93.35804731762688,,,0.0025075,0.002006,0.0015045,0.001003,0.0005015,0,0.0025075,2.0884488742532654,18.979783760309996,7,
1758807000,97.49,97.49,96.88,96.92,,0,,,,,,96.68036143559459,,0,0,0,0,,,,533133,,-303885.8099999964,101.766,99.25138434218105,97.40413004473429,93.30610722052508,,,0.004999999999999999,0.004,0.0029999999999999996,0.002,0.001,0,0.004999999999999999,2.1104000795597075,19.55189206024162,7,
1758893400,97.05,97.29,96.96,97,,0,,,,,,96.68036143559459,,0,0,0,0,,,,306829,,-15341.449999999128,101.85000000000001,99.20942062734231,97.34275636154135,93.26665718260303,,,-0.0016229999999999999,-0.0012984,-0.0009737999999999999,-0.0006492,-0.0003246,-0.0016229999999999999,0,2.029547348157246,17.651043963731748,7,
1759152600,97.31,97.345,96.95,97.05,,0,,,,,,96.68036143559459,,0,0,0,0,,,,277420,,-72129.20000000142,101.9025,99.28013117053135,97.39193526554061,93.33313207933264,,,0.0042935,0.0034347999999999996,0.0025760999999999996,0.0017173999999999998,0.0008586999999999999,0,0.0042935,2.08603857333139,18.725289159839754,7,
1759239000,97.2,97.46,97.0401,97.06,,0,,,,,,96.68036143559459,,0,0,0,0,,,,423086,,-59232.04000000024,101.91300000000001,99.23537992143092,97.34413287791163,93.29106148379897,,,-0.0001474999999999968,-0.00011799999999999745,-0.00008849999999999809,-0.000058999999999998724,-0.000029499999999999362,-0.0001474999999999968,0,2.123716222261145,19.60182007232065,7,
1759325400,97.88,98.25,97.4,97.98,,0,,,,,,96.68036143559459,,0,0,0,0,,,,620606,,62060.60000000529,102.879,99.27138697879651,97.38335737845134,93.32491167518438,,,-0.0006484999999999976,-0.0005187999999999981,-0.00038909999999999856,-0.00025939999999999904,-0.00012969999999999952,-0.0006484999999999976,0,2.114523734107681,19.668393448068848,7,
1759411800,99.13,100,98.58,98.97,,15,,,,,,97.73268338901373,,0,0,0,0,,,,989578,,-158332.47999999663,103.91850000000001,99.38239672600321,97.51247784687865,93.4292718052122,,,0.004999999999999999,0.004,0.0029999999999999996,0.002,0.001,0,0.004999999999999999,2.1908473557772012,20.954521225252307,7,
1759498200,99.25,99.4,98.65,99,,15,,,,,,97.80963457551276,,0,0,0,0,,,,763727,,-190931.75,103.95,99.48670963015304,97.63507548800804,93.52733624112508,,,0.004999999999999999,0.004,0.0029999999999999996,0.002,0.001,0,0.004999999999999999,2.222440627436381,21.021456500641648,7,
1759757400,99.37,99.6,99.0329,99.15,,15,,,,,,98.2097035344047,,0,0,0,0,,,,856743,,-188483.45999999903,104.10750000000002,99.70583548356169,97.86583151712253,93.73333619274739,,,0.005000000000000003,0.004000000000000002,0.0030000000000000014,0.002000000000000001,0.0010000000000000005,0,0.005000000000000003,2.2670390712184245,20.616746105920907,7,
1759843800,99.3,99.4,98.55,98.7,,0,,,,,,98.2097035344047,,0,0,0,0,,,,609941,,-365964.59999999654,103.635,99.76524725438694,97.93986728587618,93.78918912714748,,,0.004999999999999999,0.004,0.0029999999999999996,0.002,0.001,0,0.004999999999999999,2.2851584117059938,19.621642700507977,7,
1759930200,99,99.03,98.58,98.9,,0,,,,,,98.2097035344047,,0,0,0,0,,,,417326,,-41732.59999999763,103.84500000000001,99.83510546243409,98.01365216837057,93.85486274463386,,,0.0012905000000000013,0.001032400000000001,0.0007743000000000008,0.0005162000000000005,0.00025810000000000026,0,0.0012905000000000013,2.2164810029164412,18.304090794016332,7,
1760016600,99.2,99.2792,98.66,98.75,,0,,,,,,98.2097035344047,,0,0,0,0,,,,504709,,-227119.05000000144,103.6875,99.88922313020426,98.07199043070091,93.90573869911002,,,-0.0030735,-0.0024587999999999997,-0.0018440999999999998,-0.0012293999999999999,-0.0006146999999999999,-0.0030735,0,2.2479844498895094,18.18042409644827,7,
1760103000,99.05,99.19,98.63,98.63,,0,,,,,,98.2097035344047,,0,0,0,0,,,,1054323,,-442815.6600000018,103.5615,99.93141381717363,98.11928624950282,93.94540211325948,,,-0.005662000000000001,-0.004529600000000001,-0.0033972000000000004,-0.0022648000000000004,-0.0011324000000000002,-0.005662000000000001,0,2.2151609904241893,17.45630624081659,7,
1760362200,99.14,99.19,98.901,99.03,,0,,,,,,98.2097035344047,,0,0,0,0,,,,682402,,-75064.21999999961,103.98150000000001,100.10884650156387,98.2993848849538,94.11220636676052,,,-0.009275499999999997,-0.007420399999999998,-0.005565299999999999,-0.003710199999999999,-0.0018550999999999995,-0.009275499999999997,0,2.0939688166760297,15.85694882226169,7,
1760448600,99.04,99.05,98.78,98.8,,0,,,,,,98.2097035344047,,0,0,0,0,,,,901128,,-216270.7200000082,103.74,100.14736574484843,98.34428005443846,94.14841826111123,,,0.0008320000000000002,0.0006656000000000001,0.0004992000000000001,0.00033280000000000007,0.00016640000000000003,0,0.0008320000000000002,2.0972954843291314,16.05351656008403,7,
1760535000,98.35,98.5874,98.2,98.38,,0,,,,,,98.2097035344047,,0,0,0,0,,,,567955,,17038.650000000645,103.299,100.15507464615088,98.35892337450998,94.15566538996737,,,0.004999999999999999,0.004,0.0029999999999999996,0.002,0.001,0,0.004999999999999999,2.0530045365620357,15.516400448223244,7,
1760621400,98.57,98.6499,97.08,97.3,,0,,,,,,98.2097035344047,,0,0,0,0,,,,812977,,-1032480.7899999968,102.165,100.09120016911082,98.2891257019632,94.0956170708144,,,-0.001045000000000001,-0.0008360000000000008,-0.0006270000000000006,-0.0004180000000000004,-0.0002090000000000002,-0.001045000000000001,0,2.0050483350942794,14.78839409449369,7,
1760707800,97.3,98.05,96.75,97.4,,0,,,,,,98.2097035344047,,0,0,0,0,,,,954689,,95468.90000000814,102.27000000000001,100.03924376247664,98.23104021135417,94.04677291533655,,,-0.0025640000000000003,-0.0020512000000000004,-0.0015384000000000003,-0.0010256000000000002,-0.0005128000000000001,-0.0025640000000000003,0,1.9595770053045214,13.814240822574819,7,
1760967000,98.5,98.8,98.2,98.62,,0,,,,,,98.2097035344047,,0,0,0,0,,,,600672,,72080.64000000274,103.55100000000002,100.16719968464409,98.36375689754202,94.16706412409285,,,-0.00012500000000000033,-0.00010000000000000026,-0.0000750000000000002,-0.00005000000000000013,-0.000025000000000000066,-0.00012500000000000033,0,1.9666782588748468,13.726191534311372,7,
1761053400,98.65,98.7586,98.43,98.625,,0,,,,,,98.2097035344047,,0,0,0,0,,,,373609,,-9340.225000002123,103.55625,100.18670702948172,98.38998847210175,94.18540295554665,,,-0.005321500000000002,-0.004257200000000001,-0.0031929000000000007,-0.0021286000000000005,-0.0010643000000000002,-0.005321500000000002,0,1.9992577911416487,14.151917785377531,7,
1761139800,98.65,98.7,97.9,98.12,,0,,,,,,98.2097035344047,,0,0,0,0,,,,560327,,-296973.31000000064,103.02600000000001,100.1736750182323,98.37011564712178,94.17315157742235,,,-0.012233999999999997,-0.009787199999999998,-0.007340399999999999,-0.004893599999999999,-0.0024467999999999994,-0.012233999999999997,0,1.9582764358031701,13.37560423706453,7,
1761226200,98.53,98.67,98.15,98.67,,0,,,,,,98.2097035344047,,0,0,0,0,,,,481498,,67409.72000000028,103.60350000000001,100.19583102162673,98.39894883728975,94.19398040960438,,,0.004926,0.0039407999999999995,0.0029556,0.0019703999999999998,0.0009851999999999999,0,0.004926,1.9410741377772698,12.91642726925544,7,
1761312600,98.85,98.8966,98.61,98.71,,0,,,,,,98.2097035344047,0,0,0,0,0,,,,534409,,-74817.2600000003,103.6455,100.21938026820341,98.4230848277186,94.21611902802879,,,0.0036284999999999998,0.0029027999999999997,0.0021770999999999995,0.0014513999999999998,0.0007256999999999999,0,0.0036284999999999998,1.985258204195514,13.49748215159704,7,
1761571800,98.93,98.93,98.31,98.5,,0,,,,,,98.2097035344047,0,0,0,0,0,,,75.32894736842104,706138,,-303639.3400000048,103.42500000000001,100.32261670317737,98.52346078219801,94.31317147656226,,,0.004497999999999999,0.0035983999999999994,0.0026987999999999995,0.0017991999999999997,0.0008995999999999999,0,0.004497999999999999,2.0616380191626904,14.682799400696242,7,
1761658200,98.79,98.8399,98.495,98.6,,0,,,,,,98.2097035344047,0,0,0,0,0,,,,590990,,-112288.10000000705,103.53,100.33070414387377,98.53241337504281,94.32077446984805,,,0.004999999999999999,0.004,0.0029999999999999996,0.002,0.001,0,0.004999999999999999,2.0516730234112206,14.666958251480954,7,
1761744600,98.81,98.9,98.6,98.72,,0,,,,,,98.2097035344047,0,0,0,0,0,,,,886646,,-79798.14000000303,103.656,100.34582967453632,98.5482781537894,94.33499396305835,,,-0.0018294999999999987,-0.001463599999999999,-0.0010976999999999992,-0.0007317999999999995,-0.00036589999999999973,-0.0018294999999999987,0,2.026705651441795,14.430604863620086,7,
1761831000,98.98,99.02,98.77,98.89,,0,,,,,,98.2097035344047,0,0,0,0,0,,,,994505,,-89505.45000000339,103.8345,100.37014044910063,98.58170332292184,94.35784849302935,,,0.004999999999999999,0.004,0.0029999999999999996,0.002,0.001,0,0.004999999999999999,1.9731135457694116,13.659700778172049,7,
1761917400,99.64,99.64,99.14,99.38,,55,,,,,,98.47158918823382,95.86554846938776,0,0,0,0,,,,1449503,,-376870.7800000074,104.349,100.42046087233513,98.64068271651983,94.40515466247795,,,0.0030805000000000016,0.002464400000000001,0.0018483000000000009,0.0012322000000000006,0.0006161000000000003,0,0.0030805000000000016,1.9383238557616678,13.054109800082148,7,
1762180200,99.77,99.85,99.49,99.61,,40,,,,,,98.83576138907425,95.86554846938776,0,0,0,0,,,74.57414829659322,1232974,,-197275.8399999958,104.5905,100.57485569970707,98.79822683157195,94.55030105426424,,,-0.004909,-0.0039272000000000005,-0.0029454000000000004,-0.0019636000000000002,-0.0009818000000000001,-0.004909,0,1.9761464996180382,13.59822355916892,7,
1762266600,99.7,100.14,99.55,99.74,,40,,,,,,98.90034986128323,95.86554846938776,0,0,0,0,,,,1518002,,60720.07999998792,104.727,100.63416308495988,98.86237605639168,94.60605585591304,,,0.004999999999999999,0.004,0.0029999999999999996,0.002,0.001,0,0.004999999999999999,1.9049620293421237,12.3778667136811,7,
1762353000,100.19,100.19,99.88,100.01,,40,,,,,,99.24461058547729,95.86554846938776,0,0,0,0,,,,1015992,,-182878.5599999925,105.01050000000001,100.70482347508354,98.94972745374699,94.67248360380613,,,-0.0063634999999999985,-0.005090799999999999,-0.0038180999999999988,-0.0025453999999999993,-0.0012726999999999997,-0.0063634999999999985,0,1.8158835472971515,10.541593981922407,7,
1762439400,100.18,100.2,99.8548,99.89,,25,,,,,,99.24461058547729,95.86554846938776,0,0,0,0,,,,1218828,,-353460.1200000076,104.8845,100.76526337746073,99.02706308898448,94.72930308344343,,,0.003380000000000001,0.0027040000000000007,0.0020280000000000003,0.0013520000000000003,0.0006760000000000002,0,0.003380000000000001,1.8580606328312017,10.764880445697532,7,
1762525800,100.04,100.05,99.16,99.18,,15,,,,,,99.24461058547729,96.81586643586006,0,0,0,0,,,,1508021,,-1296898.0599999991,104.13900000000001,100.78570236484813,99.07118910504582,94.74851775093937,,,0.004999999999999999,0.004,0.0029999999999999996,0.002,0.001,0,0.004999999999999999,1.811608392339155,9.732696447849621,7,
1762785000,99.84,100.03,99.7,99.96,,0,,,,,,99.24461058547729,96.81586643586006,0,0,0,0,,,69.26725372279499,1214940,,145792.79999998826,104.958,100.93855028113447,99.24551875527646,94.8922098934719,,,-0.0004764999999999999,-0.00038119999999999994,-0.00028589999999999996,-0.00019059999999999997,-0.00009529999999999999,-0.0004764999999999999,0,1.864894729961747,10.223752241234347,7,
1762871400,100.07,100.07,99.94,100,,15,,,,,,99.32739011171951,96.81586643586006,0,0,0,0,,,,766466,,-53652.61999999477,105,100.99244013785629,99.30538974422333,94.9428716830551,,,0.0037849999999999997,0.003028,0.002271,0.001514,0.000757,0,0.0037849999999999997,1.8860578806566204,10.371795918202073,7,
1762957800,100.02,100.1,99.95,100.01,,15,,,,,,99.37043367516813,96.81586643586006,0,0,0,0,,,,1776438,,-17764.379999983845,105.01050000000001,101.04410168212554,99.36307731750233,94.99143863877782,,,-0.0060290000000000005,-0.004823200000000001,-0.0036174000000000006,-0.0024116000000000003,-0.0012058000000000001,-0.0060290000000000005,0,1.8339197825764966,9.533796226984775,7,
1763044200,100.03,100.0662,97.82,98.625,,0,,,,,,99.37043367516813,96.81586643586006,0,0,0,0,,,,2691936,,-3782170.080000003,103.55625,101.02377009431345,99.33619634254288,94.97232493749362,,,0.0002409999999999999,0.00019279999999999992,0.00014459999999999994,0.00009639999999999996,0.00004819999999999998,0,0.0002409999999999999,1.8087472464641525,8.983014369892963,7,
1763130600,98,99.41,97.08,97.76,,0,,,,,,99.37043367516813,96.81586643586006,0,0,0,0,,,,1976792,,-474430.0799999899,102.64800000000001,100.96213273965255,99.2687056677359,94.91437973440253,,,-0.000004999999999997411,-0.000003999999999997929,-0.0000029999999999984466,-0.0000019999999999989644,-9.999999999994822e-7,-0.000004999999999997411,0,1.774112311062296,8.278857053910826,7,
1763389800,98.18,98.4,92.472,94.58,,0,,,,,,99.37043367516813,96.81586643586006,0,0,0,0,0,,61.382791301462106,2884027,,-10382497.200000025,99.309,100.82205606119786,99.10692437146976,94.58,,,0.004999999999999999,0.004,0.0029999999999999996,0.002,0.001,0,0.004999999999999999,1.682341009651451,6.812162115511544,,
1763476200,94.87,97.1,94.315,96.39,,-15,,,,,,98.39496197426914,96.81586643586006,0,0,0,0,,,,1395566,,2121260.3199999942,101.2095,100.69556562688491,98.95856762425694,94.46134079243478,,,-0.00016199999999999743,-0.00012959999999999795,-0.00009719999999999846,-0.00006479999999999897,-0.000032399999999999487,-0.00016199999999999743,0,1.644901864081096,5.99422850700902,,
1763562600,96.78,96.9,91.13,94.59,,0,,,,,,98.39496197426914,96.81586643586006,0,0,0,0,,,,2099068,,-4596958.919999995,99.3195,100.48683203788694,98.73553519806826,94.26553023650399,,,-0.00011249999999999867,-0.00008999999999999894,-0.0000674999999999992,-0.00004499999999999947,-0.000022499999999999734,-0.00011249999999999867,0,1.6573251678402925,5.789907927940729,,
1763649000,95.99,96.5,90.68,92.79,,0,,,,,,98.39496197426914,96.81586643586006,0,0,0,0,,,,1835749,,-5874396.799999979,97.4295,100.20085575119866,98.43669762607445,92.79000000000005,,,0.0007635000000000004,0.0006108000000000003,0.00045810000000000024,0.00030540000000000016,0.00015270000000000008,0,0.0007635000000000004,1.6324412051512907,5.2708443153749505,,
1763735400,90.64,95.89,90.52,95.38,,-15,,,,,,98.05177895680367,96.81586643586006,0,0,0,0,,,,2306343,,10932065.81999999,100.149,100.05669137872239,98.2892157495822,92.65649802517372,,,0.004999999999999999,0.004,0.0029999999999999996,0.002,0.001,0,0.004999999999999999,1.5457935721829672,4.22468855913834,,
1763994600,95.66,97.59,95.4,96.38,,0,,,,,,98.05177895680367,96.81586643586006,0,0,0,0,5.708730583814687,,63.77123673144514,1098631,,791014.3199999988,101.199,100.02019585059608,98.24751169670071,92.6227017064751,,,0.004999999999999999,0.004,0.0029999999999999996,0.002,0.001,0,0.004999999999999999,1.541737584820487,3.9786527571031978,,
1764081000,96.39,97.24,95.7,96.29,,0,,,,,,98.05177895680367,96.81586643586006,0,0,0,0,,,,558403,,-55840.29999999682,101.10450000000002,99.92314998877872,98.14267752550376,92.53283335704312,,,-0.002802000000000002,-0.0022416000000000016,-0.0016812000000000012,-0.0011208000000000008,-0.0005604000000000004,-0.002802000000000002,0,1.5662867980767956,3.9779047653790283,,
1764167400,97.19,97.57,96.6901,97.17,,0,,,,,,98.05177895680367,96.81586643586006,0,0,0,0,,,,545679,,-10913.579999997828,102.02850000000001,99.87249654588432,98.08342410880223,92.48592624301764,,,-0.0017105000000000006,-0.0013684000000000005,-0.0010263000000000004,-0.0006842000000000003,-0.00034210000000000013,-0.0017105000000000006,0,1.5495213993353643,3.6990401696414614,,
1764340200,97.84,97.91,96.6,96.66,,0,,,,,,98.05177895680367,96.81586643586006,0,0,0,0,,,,523464,,-617687.5200000036,101.493,99.82497275569564,98.03574653091057,92.44191731256942,,,0.0032900000000000013,0.002632000000000001,0.001974000000000001,0.0013160000000000005,0.0006580000000000003,0,0.0032900000000000013,1.6184922143405982,4.067305637057475,,
1764599400,96.15,96.94,95.57,96.41,,0,,,,,,98.05177895680367,96.81586643586006,0,0,0,0,17.803168235961426,7.837299606592038,66.44291875263039,988476,,257003.75999999102,101.2305,99.78727524143913,97.99771997475173,92.40700790664033,,,0.004999999999999999,0.004,0.0029999999999999996,0.002,0.001,0,0.004999999999999999,1.602300604931039,3.861357605188326,,
1764685800,97.28,98,97.25,97.8,,0,,,,,,98.05177895680367,96.81586643586006,0,0,0,0,,,,780921,,406078.9199999969,102.69,99.76812175410696,97.97186409564563,92.38927101131912,,,0.00212,0.001696,0.0012720000000000001,0.000848,0.000424,0,0.00212,1.5309851164037978,3.2866791942545763,,
1764772200,98.5,98.7,98.1,98.2,,0,,,,,,98.05177895680367,96.81586643586006,0,0,0,0,,,,597053,,-179115.8999999983,103.11000000000001,99.7682774894374,97.97906292277479,92.38941522846382,,,0.0024860000000000004,0.0019888,0.0014916,0.0009944,0.0004972,0,0.0024860000000000004,1.6197613299229823,3.7681508537558,,
1764858600,98.6,98.7099,97.87,98.2,,0,,,,,,98.05177895680367,96.81586643586006,0,0,0,0,,,,518780,,-207511.99999999558,103.11000000000001,99.76865235300518,97.98043559447592,92.38976236712041,,,-0.004479000000000001,-0.003583200000000001,-0.0026874000000000004,-0.0017916000000000004,-0.0008958000000000002,-0.004479000000000001,0,1.6570428380533766,3.9505899429266202,,
1764945000,98.25,98.25,97.6964,98.19,,0,,,,,,98.05177895680367,96.81586643586006,0,0,0,0,,,,561452,,-33687.120000001276,103.0995,99.76878621047956,97.98157159520959,92.38988632449536,,,-0.0012334999999999983,-0.0009867999999999986,-0.000740099999999999,-0.0004933999999999993,-0.00024669999999999965,-0.0012334999999999983,0,1.633031507134464,3.7547999363501603,,
1765204200,98.58,98.79,98.46,98.53,,0,,,,,,98.05177895680367,96.81586643586006,0,0,0,0,33.36313719982275,18.958345339866288,67.89284396847353,549953,,-27497.649999998437,103.4565,99.8271274909435,98.04836599668083,92.44391268358845,,,-0.0043475000000000015,-0.003478000000000001,-0.0026085000000000006,-0.0017390000000000005,-0.0008695000000000003,-0.0043475000000000015,0,1.6051728699531551,3.5291210079413875,,
1765290600,98.73,99.09,98.65,99.09,,0,,,,,,98.05177895680367,96.81586643586006,0,0,0,0,,,,508198,,182951.2799999997,104.04450000000001,99.86314810878554,98.09324735319233,92.47726921636959,,,0.004999999999999999,0.004,0.0029999999999999996,0.002,0.001,0,0.004999999999999999,1.6094332093541772,3.5027819731882697,,
1765377000,99.46,99.46,98.93,98.98,,0,,,,,,98.05177895680367,96.81586643586006,0,0,0,0,,,,685694,,-329133.119999993,103.929,99.8929180733355,98.12833545736589,92.50483739420481,,,0.0017795000000000003,0.0014236000000000001,0.0010677,0.0007118000000000001,0.00035590000000000003,0,0.0017795000000000003,1.6450993315944296,3.6740399837141737,,
1765463400,99,99.4,98.97,99.07,,0,,,,,,98.05177895680367,96.81586643586006,0,0,0,0,,,,608012,,42560.83999999585,104.0235,99.92513803693568,98.16583425803647,92.53467436914926,,,0.004999999999999999,0.004,0.0029999999999999996,0.002,0.001,0,0.004999999999999999,1.6315570057734015,3.565492484702808,,
1765549800,99.28,99.3,98.93,99.06,,0,,,,,,98.05177895680367,96.81586643586006,0,0,0,0,,,,828848,,-182346.55999999907,104.013,99.95559198337801,98.21355366041949,92.56287594157297,,,0.004999999999999999,0.004,0.0029999999999999996,0.002,0.001,0,0.004999999999999999,1.6401675135080434,3.5841273757252265,,
1765809000,98.75,98.83,97.1,97.7,0.0038685415136117474,0,,,,,,98.05177895680367,96.81586643586006,0,0,0,0,40.48379498165641,30.550033472480198,66.75041087319087,821405,,-862475.2499999977,102.58500000000001,99.97289894606715,98.21275427818274,92.57890288122219,,,-0.004825499999999998,-0.003860399999999998,-0.0028952999999999987,-0.001930199999999999,-0.0009650999999999996,-0.004825499999999998,0,1.5643567201223492,3.108847622902815,,
1765895400,98,98.17,97.66,97.84,0.004353498761495769,0,,,,,,98.05177895680367,96.81586643586006,0,0,0,0,,,,389398,,-62303.67999999867,102.73200000000001,99.95100248779156,98.18539382563195,92.55862588510115,,,0.0012610000000000004,0.0010088000000000002,0.0007566000000000002,0.0005044000000000001,0.00025220000000000006,0,0.0012610000000000004,1.535364448935331,2.8940319358555153,,
1765981800,98.18,98.1999,97.24,97.33,-0.00163812177081272,0,,,,,,98.05177895680367,96.81586643586006,0,0,0,0,,,,536099,,-455684.15000000456,102.1965,99.90968590233393,98.13896034522462,92.52036507449358,,,0.004999999999999999,0.004,0.0029999999999999996,0.002,0.001,0,0.004999999999999999,1.5604921503766982,2.988563030112271,,
1766068200,98.09,98.3036,97.66,97.9,0.003729897207395794,0,,,,,,98.05177895680367,96.81586643586006,0,0,0,0,,,,326179,,-61974.00999999926,102.79500000000002,99.89319085328133,98.11325221440816,92.5050899993446,,,0.0018114999999999997,0.0014491999999999999,0.0010869,0.0007245999999999999,0.00036229999999999997,0,0.0018114999999999997,1.5329197098572125,2.7959879192672994,,
1766154600,98.2,98.74,98.0575,98.74,0.011902199867593777,0,,,,,,98.05177895680367,96.81586643586006,0,0,0,0,,,,421003,,227341.61999999665,103.67699999999999,99.9102214075929,98.13948635958347,92.52086097378113,,,0.0008534999999999999,0.0006827999999999999,0.0005120999999999999,0.00034139999999999995,0.00017069999999999998,0,0.0008534999999999999,1.519862641355173,2.684007483761632,,
1766413800,98.82,99.005,98.6303,98.94,0.013488596972850722,0,,,,,,98.05177895680367,96.81586643586006,0,0,0,0,43.022044355782604,38.95632551242059,67.50488340988313,457967,,54956.04000000208,103.887,99.97509846896993,98.20906415752184,92.58093972740099,,,0.004999999999999999,0.004,0.0029999999999999996,0.002,0.001,0,0.004999999999999999,1.5762075654622427,2.9455256996441515,,
1766500200,98.96,99.0299,98.65,99,0.013598602667300033,0,,,,,,98.05177895680367,96.81586643586006,0,0,0,0,,,,495275,,19811.000000003096,103.95,99.99903933134725,98.23843443013709,92.60310992348701,,,0.0047735,0.0038188000000000002,0.0028641,0.0019094000000000001,0.0009547000000000001,0,0.0047735,1.5746529317934796,2.9107925679824525,,
1766586600,99,99.0299,98.9,98.96,0.012922541518462484,0,,,,,,98.05177895680367,96.81586643586006,0,0,0,0,,,,200704,,-8028.160000001255,103.908,100.02053829479979,98.27736807955606,92.62301882350394,,,0.004999999999999999,0.004,0.0029999999999999996,0.002,0.001,0,0.004999999999999999,1.5549684966821213,2.7824389724209313,,
1766759400,99,99.15,98.68,99.15,0.014592116573206339,0,,,,,,98.05177895680367,96.81586643586006,0,0,0,0,,,,384669,,57700.35000000219,104.10750000000002,100.06894157250018,98.34275283167125,92.66784219456348,,,-0.01448,-0.011584,-0.008688,-0.005792,-0.002896,-0.01448,0,1.5512462203681407,2.7359887689040416,,
1767018600,99,99.1,98.61,98.79,0.010723139206420226,0,,,,,,98.05177895680367,96.81586643586006,0,0,0,0,44.42955335747164,42.645130898303556,68.48172417456968,527432,,-110760.7199999967,103.72950000000002,100.12221167445028,98.4189853686479,92.71717243952888,,,0.005000000000000001,0.004000000000000001,0.0030000000000000005,0.0020000000000000005,0.0010000000000000002,0,0.005000000000000001,1.565042019464467,2.7786503973861665,,
1767105000,99,99.18,98.86,98.98,0.012523042111056433,0,,,,,,98.05177895680367,96.81586643586006,0,0,0,0,,,,335141,,-6702.819999998666,103.929,100.1397993767477,98.46016521452003,92.73345935528367,,,0.004999999999999999,0.004,0.0029999999999999996,0.002,0.001,0,0.004999999999999999,1.552331276516156,2.691863647030834,,
1767191400,99.18,99.18,98.65,98.795,0.010496707792622946,0,,,,,,98.05177895680367,96.81586643586006,0,0,0,0,,,,580298,,-223414.73000000298,103.73475,100.14981030509598,98.47683580654088,92.74272987532538,,,-0.003380000000000001,-0.0027040000000000007,-0.0020280000000000003,-0.0013520000000000003,-0.0006760000000000002,-0.003380000000000001,0,1.5752041394798215,2.7843849765453856,,
1767364200,99.16,99.68,98.8401,99.67,0.01927750640563801,0,,,,,,98.05177895680367,96.81586643586006,0,0,0,0,,,,829679,,423136.2900000042,104.65350000000001,100.21250013422103,98.5453107430442,92.80078316440064,,,0.003363500000000001,0.002690800000000001,0.002018100000000001,0.0013454000000000005,0.0006727000000000003,0,0.003363500000000001,1.5816651736552265,2.797910743431971,,
1767623400,99.85,99.97,99.7,99.93,0.021712802900834122,15,,,,,,98.8440081955792,96.81586643586006,0,0,0,0,50.219034510302,45.89021074118542,69.17264110431356,859440,,68755.20000001075,104.92650000000002,100.30401927836157,98.65708477195169,92.88553355222055,,,0.0012980000000000001,0.0010384,0.0007788000000000001,0.0005192,0.0002596,0,0.0012980000000000001,1.6300744539674061,3.0237252139242328,,
1767709800,99.95,99.99,99.86,99.97,0.021905495463677982,15,,,,,,99.05586475303784,96.81586643586006,0,0,0,0,,,,516347,,10326.939999997945,104.9685,100.35234426477147,98.72640903912102,92.9302844224138,,,0.0025250000000000016,0.0020200000000000014,0.0015150000000000012,0.0010100000000000007,0.0005050000000000003,0,0.0025250000000000016,1.671230160917444,3.2217485414394362,,
1767796200,100.02,100.07,99.99,99.99,0.021903106742833377,15,,,,,,99.23616012782084,96.81586643586006,0,0,0,0,,,,771430,,-23142.90000000088,104.98949999999999,100.39940864481154,98.77804609018108,92.97386792069011,,,0.0028005,0.0022404,0.0016803,0.0011202,0.0005601,0,0.0028005,1.6680052814258375,3.2059887563199636,,
1767882600,99.99,100.09,99.98,100.03,0.0219902092050638,15,,,,,,99.27214869011937,96.81586643586006,0,0,0,0,,,,811063,,32442.52000000507,105.03150000000001,100.44602172068473,98.82924439157414,93.0170334932578,,,0.003085000000000002,0.0024680000000000014,0.001851000000000001,0.0012340000000000007,0.0006170000000000004,0,0.003085000000000002,1.6252783384629785,2.9940811405174492,,
1767969000,100.11,100.15,100,100.03,0.021595672593038115,30,,,,,,99.33199521225369,97.45508980827368,0,0,0,0,,,,1169074,,-93525.919999998,105.03150000000001,100.49080572286992,98.88155423479034,93.05850527043586,,,0.004227500000000001,0.003382000000000001,0.0025365000000000006,0.0016910000000000004,0.0008455000000000002,0,0.004227500000000001,1.6205497198571082,2.9637919134182584,,
1768228200,100.01,100.12,100,100.07,0.021329320275586417,15,,,,,,99.37113841137842,97.45508980827368,0,0,0,0,53.98866364098,49.54575050291788,69.08203849501284,1765322,,105919.31999997892,105.0735,100.57950133055097,98.97708412898129,93.14064095056577,,,0.004999999999999999,0.004,0.0029999999999999996,0.002,0.001,0,0.004999999999999999,1.6190374197220199,2.9479521437243728,,
1768314600,100.31,100.4182,100,100.02,0.020191155793348448,15,,,,,,99.38618566770853,97.45508980827368,0,0,0,0,,,,1753733,,-508582.57000001095,105.021,100.61967019992007,99.02201597860082,93.177838930172,,,0.00008650000000000129,0.00006920000000000103,0.000051900000000000774,0.000034600000000000516,0.000017300000000000258,0,0.00008650000000000129,1.624531969312814,2.968083714464109,,
1768401000,100.18,100.1899,100,100.05,0.01991354436012265,15,,,,,,99.41646526287221,97.45508980827368,0,0,0,0,,,,1970060,,-256107.80000001905,105.0525,100.65935774332586,99.06647872778264,93.21459118268537,,,0.004999999999999999,0.004,0.0029999999999999996,0.002,0.001,0,0.004999999999999999,1.6962286580771,3.3166259319925873,,
1768487400,99.55,99.99,99.43,99.99,0.018788854761709432,0,,,,,,99.41646526287221,97.45508980827368,0,0,0,0,,,,1179260,,518874.39999999735,104.98949999999999,100.69551173312269,99.10717340066485,93.2480712232309,,,0.004999999999999999,0.004,0.0029999999999999996,0.002,0.001,0,0.004999999999999999,1.723033303005223,3.454077672177855,,
1768573800,99.99,100.04,99.88,100.01,0.01848311091037695,0,,,,,,99.41646526287221,97.45508980827368,0,0,0,0,,,,925797,,18515.940000009472,105.01050000000001,100.73103942987996,99.1472555629469,93.28097129137296,,,0.0027260000000000006,0.0021808000000000005,0.0016356000000000005,0.0010904000000000003,0.0005452000000000001,0,0.0027260000000000006,1.698711429321276,3.3431459934399297,,
1768919400,99.9,100.04,99.08,99.12,0.009063963884631553,0,,,,,,99.41646526287221,97.45508980827368,0,0,0,0,49.69061035037267,51.29943616721823,66.68348451532219,1696875,,-1323562.5000000019,104.07600000000001,100.802047565236,99.21202877112687,93.3467276647122,,,0.0046065,0.0036852,0.0027639,0.0018426,0.0009213,0,0.0046065,1.6447264966979813,3.0849993092159576,,
1769005800,99.8,99.99,99.5,99.55,0.013128950299689687,0,,,,,,99.41646526287221,97.45508980827368,0,0,0,0,,,,1391246,,-347811.5,104.5275,100.81825726238259,99.23310207835792,93.36173849258343,,,0.001094,0.0008752,0.0006564,0.0004376,0.0002188,0,0.001094,1.5708985802207998,2.7182255383330904,,
1769092200,99.84,99.85,99.5,99.71,0.014519812439492243,0,,,,,,99.41646526287221,97.45508980827368,0,0,0,0,,,,943774,,-122690.62000000912,104.6955,100.83941822769097,99.25411679728496,93.38133439280051,,,0.0017444999999999993,0.0013955999999999994,0.0010466999999999996,0.0006977999999999997,0.00034889999999999986,0,0.0017444999999999993,1.5899100229634853,2.8003707898468964,,
1769178600,99.83,99.94,99.25,99.5,0.012202894289904086,0,,,,,,99.41646526287221,97.45508980827368,0,0,0,0,,,,1178268,,-388828.43999999797,104.47500000000001,100.85288281631621,99.267556199021,93.39380314038922,,,0.004999999999999999,0.004,0.0029999999999999996,0.002,0.001,0,0.004999999999999999,1.5917310161759375,2.8011585846568248,,