time,open,high,low,close,Reversal Support,Reversal Robust Fit,Reversal Resistance,Fast Trackline,Slow Trackline,Reversal Support,Reversal Robust Fit,Reversal Resistance,Fast Trackline,Slow Trackline,SRI Bias Histogram
1750080600,6.397062463899662,6.397062463899662,6.187182429109982,6.214274075281082,6.113973511166662,6.519783856124222,6.519783856124222,6.242999427172958,6.318641967859779,5.725527722809051,6.069184363763737,6.069184363763737,6.303150461732598,6.225183451522,-10
1750095000,6.214943371628778,6.214943371628778,6.156626506024096,6.183656957928802,6.069847248721853,6.47309859598178,6.47309859598178,6.242999427172958,6.318641967859779,5.738184117803136,6.072184431414917,6.072184431414917,6.260131256130533,6.225183451522,-15
1750167000,6.252165944685105,6.31402283182825,6.208692710975816,6.286803320345587,6.069847248721853,6.47309859598178,6.47309859598178,6.242999427172958,6.318641967859779,5.7575631962418665,6.082275077075817,6.082275077075817,6.260131256130533,6.225183451522,-10
1750181400,6.285617482635948,6.305882352941176,6.246281975014872,6.305882352941176,6.038282470980975,6.439166308640579,6.439166308640579,6.242999427172958,6.318641967859779,5.779783998648339,6.094809743530606,6.094809743530606,6.260131256130533,6.225183451522,-15
1750253400,6.29026248941575,6.29026248941575,6.206354515050167,6.250211327134404,6.038282470980975,6.439166308640579,6.439166308640579,6.242999427172958,6.318641967859779,5.803500666418643,6.1064999213617455,6.1064999213617455,6.260131256130533,6.225183451522,-10
1750267800,6.250042265426881,6.2784810126582276,6.238743279569892,6.257884028484232,6.000342009204058,6.397294846726947,6.397294846726947,6.242999427172958,6.318641967859779,5.833555250179681,6.1217826167894955,6.1217826167894955,6.260131256130533,6.225183451522,-15
1750426200,6.178470724829989,6.295443080544812,6.130252804285954,6.288010945784164,6.000342009204058,6.397294846726947,6.397294846726947,6.242999427172958,6.318641967859779,5.86956364329488,6.141190929607776,6.141190929607776,6.260131256130533,6.225183451522,-10
1750440600,6.288622754491017,6.320401565424536,6.272789347900307,6.301873935264054,5.967345720436546,6.334397668263453,6.334397668263453,6.242999427172958,6.318641967859779,5.913142447889063,6.164556717728562,6.164556717728562,6.260131256130533,6.225183451522,-15
1750685400,6.307116756568645,6.3729047865906345,6.2639664804469275,6.339218050292801,5.967345720436546,6.334397668263453,6.334397668263453,6.242999427172958,6.318641967859779,5.9438509313576,6.184009003641307,6.4241670759250145,6.269178088599368,6.225183451522,10
1750699800,6.342921116086806,6.342921116086806,6.259246633713993,6.259246633713993,5.933170730800617,6.301394093314159,6.301394093314159,6.242999427172958,6.318641967859779,5.961550380743893,6.194210180179788,6.194210180179788,6.269178088599368,6.225183451522,-25
1750771800,6.251714907144052,6.386635638297873,6.229535723281001,6.328231575445018,5.933170730800617,6.301394093314159,6.301394093314159,6.242999427172958,6.318641967859779,5.99274898589878,6.213870105081464,6.434991224264149,6.269178088599368,6.225183451522,10
1750786200,6.330227915488272,6.346249379036264,6.277360066833751,6.279220779220779,5.895059184546188,6.257660269533829,6.257660269533829,6.242999427172958,6.318641967859779,6.014739983670712,6.2273441413593735,6.2273441413593735,6.269178088599368,6.225183451522,5
1750858200,6.276129137453123,6.3283460060502,6.230927157756426,6.3031941031941034,5.895059184546188,6.257660269533829,6.257660269533829,6.242999427172958,6.318641967859779,6.050793106101868,6.248338223485063,6.248338223485063,6.269178088599368,6.225183451522,10
1750872600,6.301556101556102,6.348655256723716,6.295936831715743,6.341113105924595,5.867083397504178,6.228985343060265,6.228985343060265,6.242999427172958,6.318641967859779,6.095182669512614,6.274455659532577,6.45372864955254,6.269178088599368,6.225183451522,10
1750944600,6.3382570162481535,6.433263978767673,6.326289926289927,6.326289926289927,5.867083397504178,6.228985343060265,6.228985343060265,6.242999427172958,6.318641967859779,6.1416254974819,6.300356586489794,6.459087675497689,6.269178088599368,6.225183451522,15
1750959000,6.324434981984933,6.349844695111983,6.304775972427375,6.320359771054783,5.841547843860001,6.204770325337248,6.204770325337248,6.242999427172958,6.318641967859779,6.189847737761299,6.326128002200267,6.462408266639236,6.269178088599368,6.225183451522,10
1751031000,6.348467369808834,6.520310435931307,6.339285714285714,6.47896120973044,5.841547843860001,6.204770325337248,6.204770325337248,6.242999427172958,6.318641967859779,6.220735908320302,6.353851352589309,6.486966796858317,6.391732754685039,6.225183451522,15
1751045400,6.479611969746793,6.490473061760841,6.31952565263938,6.31952565263938,5.818521804087751,6.183290078416498,6.183290078416498,6.242999427172958,6.318641967859779,6.2389735926689855,6.36754073869219,6.36754073869219,6.391732754685039,6.225183451522,10
1751290200,6.3587400032642405,6.613024318589848,6.316023007395234,6.56995918367347,5.818521804087751,6.183290078416498,6.183290078416498,6.242999427172958,6.318641967859779,6.261586226562003,6.3959714489377975,6.530356671313592,6.3927653817182275,6.225183451522,15
1751304600,6.571475222467141,6.679790026246719,6.547525401507702,6.6056199967325595,5.819037720300715,6.183723266843047,6.548408813385379,6.423470071086845,6.318641967859779,6.281752281324068,6.423977122269042,6.566201963214016,6.487174070263387,6.225183451522,20
1751376600,6.531858699240673,6.531858699240673,6.270888594164456,6.304185661002901,5.819037720300715,6.183723266843047,6.548408813385379,6.423470071086845,6.318641967859779,6.278595143535049,6.417235253812909,6.417235253812909,6.443739450705259,6.225183451522,0
1751391000,6.306009117281393,6.330489522074049,6.233160621761658,6.237840548219957,5.790924234522016,6.158489522962467,6.158489522962467,6.423470071086845,6.318641967859779,6.26991180332633,6.401550595958917,6.401550595958917,6.4127970569660855,6.225183451522,5
1751463000,6.2650089972190415,6.371458299983992,6.201436500163238,6.371286333708046,5.790924234522016,6.158489522962467,6.158489522962467,6.423470071086845,6.318641967859779,6.271894794720558,6.394137313131352,6.516379831542145,6.374768266131173,6.225183451522,10
1751477400,6.371986960222254,6.497675164341831,6.366585956416465,6.4436969405734414,5.775653053668879,6.142801468958482,6.509949884248085,6.423470071086845,6.318641967859779,6.278168089080103,6.392071243366441,6.505974397652779,6.374768266131173,6.225183451522,10
1751549400,6.439639929271821,6.589226124265057,6.434335315865616,6.4959794146027665,5.771556638587595,6.138797005811374,6.506037373035153,6.423470071086845,6.318641967859779,6.287505292841378,6.392744107702931,6.497982922564483,6.374768266131173,6.263522778180548,5
1751895000,6.534728984096073,6.5664562085154605,6.4574502771437885,6.544182262001627,5.771556638587595,6.138797005811374,6.506037373035153,6.423470071086845,6.318641967859779,6.297986979534807,6.397600573185082,6.497214166835358,6.421947424202521,6.263522778180548,10
1751909400,6.542629352424341,6.545454545454545,6.441746781815219,6.444390164468328,5.759958255522082,6.127457318958615,6.494956382395148,6.423470071086845,6.318641967859779,6.302045875440405,6.400187583149931,6.4983292908594565,6.421947424202521,6.267984763710773,-5
1751981400,6.453796445880452,6.476489533011272,6.385739808348222,6.4239780255291645,5.759958255522082,6.127457318958615,6.494956382395148,6.423470071086845,6.318641967859779,6.304707408314951,6.401185228667905,6.497663049020859,6.421947424202521,6.267984763710773,10
1751995800,6.421035624848534,6.437157589429584,6.385534388117533,6.416558861578267,5.749625256445678,6.11761107858268,6.485596900719682,6.423470071086845,6.318641967859779,6.306598008176401,6.399313205933687,6.4920284036909734,6.421947424202521,6.267984763710773,5
1752067800,6.449028736554824,6.541002094409538,6.401680400710939,6.479206963249517,5.749625256445678,6.11761107858268,6.485596900719682,6.423470071086845,6.318641967859779,6.311913371237577,6.404533444433132,6.4971535176286865,6.421947424202521,6.267984763710773,10
1752082200,6.473972602739726,6.544064962980655,6.473972602739726,6.5346752634061955,5.7591291234397,6.125532636504301,6.491936149568901,6.423470071086845,6.318641967859779,6.320901129277146,6.4167438146927145,6.5125865001082826,6.452807676443664,6.267984763710773,15
1752154200,6.533101045296167,6.62046100410483,6.488357555868104,6.492338647268225,5.7591291234397,6.125532636504301,6.491936149568901,6.423470071086845,6.318641967859779,6.327255332076032,6.424336562647612,6.521417793219193,6.45522323999614,6.267984763710773,10
1752168600,6.490326574833617,6.539773608311367,6.483359253499223,6.537591071151759,5.772989966509125,6.136818780871617,6.500647595234109,6.423470071086845,6.318641967859779,6.3438279199369765,6.44288144391651,6.541934967896043,6.45522323999614,6.3623958496619295,30
1752240600,6.4404904306220105,6.529534295491743,6.386756165623351,6.4605715995810264,5.772989966509125,6.136818780871617,6.500647595234109,6.423470071086845,6.318641967859779,6.353163110020699,6.4529562688257665,6.552749427630834,6.45522323999614,6.3623958496619295,0
1752255000,6.459851284429749,6.471288307051473,6.3865647023541765,6.46600208302336,5.7933863808354795,6.150489138520186,6.507591896204892,6.423470071086845,6.318641967859779,6.364006690590407,6.4643200230488755,6.564633355507344,6.45522323999614,6.3623958496619295,15
1752499800,6.462416883492338,6.5712640368557445,6.4524328249818454,6.567622950819673,5.7933863808354795,6.150489138520186,6.507591896204892,6.423470071086845,6.318641967859779,6.37532435876743,6.479706279482573,6.584088200197717,6.45522323999614,6.3623958496619295,10
1752514200,6.5703410920802225,6.623388042203986,6.542703972974958,6.618363156350836,5.831915277244419,6.179810897796312,6.527706518348205,6.427020438698169,6.318641967859779,6.390053088357885,6.500279431602446,6.610505774847007,6.493148866067324,6.3623958496619295,15
1752586200,6.649484536082474,6.789355658543878,6.648960047882688,6.705019824942022,5.831915277244419,6.179810897796312,6.527706518348205,6.529325873040452,6.318641967859779,6.4067618385948855,6.5265852614150655,6.6464086842352454,6.5999098167584584,6.3623958496619295,10
1752600600,6.706322484100261,6.752220382357368,6.677899508877975,6.677899508877975,5.865911929832526,6.2093807221036625,6.552849514374799,6.5615019984188,6.318641967859779,6.420747563311112,6.547394901363825,6.674042239416538,6.605283596388536,6.497196406304735,35
1752672600,6.639230199851962,6.692748933666716,6.625593824228028,6.662259438812987,5.865911929832526,6.2093807221036625,6.552849514374799,6.5615019984188,6.318641967859779,6.434299080815932,6.566446450016381,6.698593819216829,6.605283596388536,6.497196406304735,15
1752687000,6.663092177745133,6.7257862561685196,6.661490683229813,6.718644067796611,5.917474972191207,6.250383679118619,6.583292386046032,6.5615019984188,6.318641967859779,6.449662834996732,6.589158958180801,6.728655081364869,6.651047287890379,6.497196406304735,20
1752759000,6.736331766987395,6.747260882440035,6.671553383681326,6.671553383681326,5.917474972191207,6.250383679118619,6.583292386046032,6.564550829743462,6.318641967859779,6.463846027163278,6.608255488150022,6.752664949136767,6.651047287890379,6.497196406304735,15
1752773400,6.6737746186879905,6.687913056249082,6.658664787326198,6.672627845107893,5.972449578786166,6.291006838827621,6.609564098869076,6.564550829743462,6.318641967859779,6.476537503344635,6.624935912283006,6.773334321221378,6.651047287890379,6.527817445406144,35
1752845400,6.690553745928338,6.698216128556686,6.3919952031179745,6.393256750708638,5.972449578786166,6.291006838827621,6.609564098869076,6.564550829743462,6.318641967859779,6.47092513393671,6.6181222838611165,6.6181222838611165,6.541183807532516,6.527817445406144,0
1752859800,6.392004773269689,6.420706655710764,6.342184218421842,6.345055109844792,5.999710392569132,6.305175851864565,6.305175851864565,6.534099576478959,6.318641967859779,6.460239916939381,6.605538615160267,6.605538615160267,6.46559099593273,6.527817445406144,10
1753104600,6.3978574616872494,6.453994978585143,6.365788298347476,6.45315773720443,5.999710392569132,6.305175851864565,6.305175851864565,6.534099576478959,6.318641967859779,6.458358226485974,6.601858518248611,6.601858518248611,6.46559099593273,6.527817445406144,10
1753119000,6.454735897052222,6.474522771681948,6.41733353465197,6.423767154275373,6.039834370056819,6.3287263879122095,6.3287263879122095,6.534099576478959,6.318641967859779,6.456056523030818,6.599177042573658,6.599177042573658,6.46559099593273,6.527817445406144,15
1753191000,6.3288813459268,6.379475115783283,6.192543793981135,6.256812796208531,6.039834370056819,6.3287263879122095,6.3287263879122095,6.497282442496829,6.318641967859779,6.436577604876786,6.579667119499919,6.579667119499919,6.365240925386415,6.527817445406144,-20
1753205400,6.257777777777777,6.313639035861257,6.255889761446141,6.284724270126807,6.07308632883463,6.34377193877244,6.34377193877244,6.427156501696344,6.318641967859779,6.421220360669246,6.56489552804915,6.56489552804915,6.365240925386415,6.505198096944734,-5
1753277400,6.3005513336313514,6.313775130305286,6.089368720947669,6.126775302735835,6.07308632883463,6.34377193877244,6.34377193877244,6.427156501696344,6.318641967859779,6.392187402847438,6.541672524773372,6.541672524773372,6.2882738389492685,6.505198096944734,-10
1753291800,6.1268690191387565,6.136630281428678,6.070870244919228,6.13464110566206,6.0868666770055855,6.344972308931619,6.344972308931619,6.25409138121904,6.318641967859779,6.359755082412645,6.511781361711475,6.511781361711475,6.209398342882462,6.464121327393546,-5
1753363800,6.139111111111111,6.146475118483413,6.065108638841185,6.108395481060326,6.0868666770055855,6.344972308931619,6.344972308931619,6.25409138121904,6.318641967859779,6.324163621900676,6.478814990091399,6.478814990091399,6.201877015288639,6.464121327393546,-10
1753378200,6.108682811577082,6.183919893977323,6.1053020233348105,6.130781734889907,6.09618495656232,6.344539706961286,6.344539706961286,6.25409138121904,6.318641967859779,6.2932082632051625,6.451889785563863,6.451889785563863,6.201877015288639,6.337448995372109,-25
1753450200,6.139527845036319,6.186891727493917,6.1332723391277835,6.1456883509833595,6.09618495656232,6.344539706961286,6.344539706961286,6.25409138121904,6.318641967859779,6.264934017429033,6.427252306849652,6.427252306849652,6.201877015288639,6.337448995372109,-10
1753464600,6.143094841930116,6.176359942818449,6.110968714662646,6.11376478565509,6.114769047966107,6.3479446044626,6.3479446044626,6.25409138121904,6.318641967859779,6.23226078319149,6.398286143211694,6.398286143211694,6.201877015288639,6.325727810977724,-20
1753709400,6.18203397374082,6.18203397374082,6.05100209392761,6.057411273486429,6.114769047966107,6.3479446044626,6.3479446044626,6.25409138121904,6.318641967859779,6.193755678514382,6.365572253839303,6.365572253839303,6.138485488717439,6.325727810977724,-10
1753723800,6.055464440137171,6.067953899116898,6.017138599105813,6.017138599105813,6.1303554465915155,6.346868891211953,6.346868891211953,6.170996467431053,6.318641967859779,6.152052544457905,6.33140808704228,6.33140808704228,6.1174151397029215,6.325727810977724,-45
1753795800,6.003105590062112,6.016701152822938,5.874417905963648,5.90759814897746,6.1303554465915155,6.346868891211953,6.346868891211953,6.122577872910521,6.318641967859779,6.098432036486021,6.28993029274785,6.28993029274785,6.000525759779401,6.325727810977724,-15
1753810200,5.906268656716418,5.978966211680466,5.9003900390039,5.914131575003745,6.109115236445931,6.3273143261009,6.3273143261009,6.082892892667263,6.318641967859779,6.0488613986094135,6.251381272101991,6.251381272101991,5.997516917883056,6.167252223646904,-35
1753882200,5.935609463911351,6.0123843628767535,5.912743628185907,6.012102196324517,6.109115236445931,6.3273143261009,6.3273143261009,6.082892892667263,6.318641967859779,6.009953132172316,6.2182407288609225,6.2182407288609225,5.997516917883056,6.167252223646904,-15
1753896600,6.013596294636186,6.037927430192624,5.950745594215996,5.950745594215996,6.094259252072764,6.3120084293823,6.3120084293823,6.082892892667263,6.318641967859779,5.967226368259623,6.183676939919225,6.183676939919225,5.997516917883056,6.134907327790698,-20
1753968600,5.942193087008342,6.094566508313539,5.934678624813153,6.07335474714275,6.094259252072764,6.3120084293823,6.3120084293823,6.082892892667263,6.318641967859779,5.937582480894857,6.157561161546952,6.157561161546952,5.997516917883056,6.134907327790698,-15
1753983000,6.070670850141939,6.115825517344052,6.031803180318032,6.0563847429519075,6.106088443641078,6.3124453145908985,6.3124453145908985,6.082892892667263,6.318641967859779,5.907612635663611,6.131571035883672,6.131571035883672,5.997516917883056,6.134907327790698,-25
1754055000,5.948346792625324,5.976252093164865,5.757281553398058,5.764923076923077,6.106088443641078,6.3124453145908985,6.3124453145908985,6.082892892667263,6.318641967859779,5.846271165126592,6.085047257109124,6.085047257109124,5.962894135701906,6.134907327790698,-15
1754069400,5.764579166025543,5.8113763174209545,5.702057998129093,5.710124610591899,6.075731343508356,6.285764248024269,6.285764248024269,5.929507436986871,6.318641967859779,5.7802560036564365,6.035031352655242,6.035031352655242,5.844195719725996,6.133371656619832,-35
1754314200,5.752623456790124,5.919596453683888,5.656626506024097,5.882012195121952,6.075731343508356,6.285764248024269,6.285764248024269,5.929507436986871,6.318641967859779,5.73710884555206,5.999574608121811,5.999574608121811,5.844195719725996,6.133371656619832,-15
1754328600,5.878219783569578,5.973960327793521,5.878219783569578,5.969171779141104,6.0562726961175635,6.268908198080145,6.268908198080145,5.929507436986871,6.318641967859779,5.712149554155699,5.978261012543795,5.978261012543795,5.844195719725996,6.133371656619832,-20
1754400600,5.921671420861923,5.963907233911842,5.855448017483609,5.860735910572893,6.0562726961175635,6.268908198080145,6.268908198080145,5.929507436986871,6.318641967859779,5.669799517934171,5.9433497729594045,5.9433497729594045,5.844195719725996,6.133371656619832,-15
1754415000,5.856699270299644,5.865438216165996,5.802766552688841,5.815491866769946,6.010860257487633,6.233451262228861,6.233451262228861,5.929507436986871,6.318641967859779,5.636792928174152,5.916022312961247,5.916022312961247,5.844195719725996,6.133234892805897,-50
1754487000,5.791222376757843,5.831540116815247,5.7620214395099545,5.800762776506484,6.010860257487633,6.233451262228861,6.233451262228861,5.929507436986871,6.318641967859779,5.6070644952034945,5.890752832163587,5.890752832163587,5.844195719725996,6.133234892805897,-15
1754501400,5.80137299771167,5.850450175492141,5.795662797800855,5.850450175492141,5.96174405192688,6.188323763722074,6.188323763722074,5.929507436986871,6.318641967859779,5.569436243834712,5.859177840023233,5.859177840023233,5.844195719725996,6.0156868516022985,-35
1754573400,5.860855114065569,6.1145394340758585,5.858656174334141,6.050914035352773,5.96174405192688,6.188323763722074,6.188323763722074,5.929507436986871,6.318641967859779,5.55032465861499,5.841582085397224,6.1328395121794586,5.911235352659854,6.0156868516022985,0
1754587800,6.055135951661631,6.099856916936517,6.006056018168055,6.01705565529623,5.9302532846980665,6.155280494510104,6.155280494510104,5.929507436986871,6.318641967859779,5.534359278092785,5.827134985651912,5.827134985651912,5.9355764423190065,6.0156868516022985,-15
1754659800,5.9890043681277305,6.171286532087978,5.9009555589261335,5.954181158324513,5.9302532846980665,6.155280494510104,6.155280494510104,5.929507436986871,6.318641967859779,5.517113593460932,5.8115357743655665,5.8115357743655665,5.9355764423190065,6.0156868516022985,-10
1754674200,5.953273854528958,5.977794561933535,5.914411008619386,5.9758125472411185,5.894963903136772,6.120431052424008,6.120431052424008,5.929507436986871,6.318641967859779,5.506355065941,5.800859277608621,5.800859277608621,5.9355764423190065,6.0156868516022985,-15
1754919000,5.946976949701745,6.056595495758994,5.937504606087405,5.95797825448134,5.894963903136772,6.120431052424008,6.120431052424008,5.929507436986871,6.318641967859779,5.4983998585303215,5.791950036409483,5.791950036409483,5.9355764423190065,6.0156868516022985,-10
1754933400,5.955039670878636,5.968295904887715,5.913357400722022,5.91735659373152,5.857948422336698,6.0885919713858545,6.0885919713858545,5.929507436986871,6.318641967859779,5.482464693637747,5.7772742623743705,5.7772742623743705,5.9355764423190065,6.0156868516022985,-15
1755005400,5.914808799645652,5.914808799645652,5.791137831217992,5.810731132075471,5.857948422336698,6.0885919713858545,6.0885919713858545,5.929507436986871,6.318641967859779,5.456324989942968,5.754742928278365,5.754742928278365,5.933811809194115,6.0156868516022985,-10
1755019800,5.810243183493,5.810243183493,5.775165319617928,5.805768098881695,5.810104057009645,6.049720810688292,6.049720810688292,5.92584600244188,6.318641967859779,5.431248212927245,5.73297239656093,5.73297239656093,5.877899742378341,6.0156868516022985,-15
1755091800,5.799533119346367,5.799533119346367,5.610005851375073,5.61131966503032,5.810104057009645,6.049720810688292,6.049720810688292,5.920861611763657,6.318641967859779,5.390803436114972,5.700046594664714,5.700046594664714,5.7214710041565455,6.0156868516022985,-15
1755106200,5.610974729241877,5.612052187702732,5.541002441476375,5.584848918802807,5.739332740091153,5.997190641719193,5.997190641719193,5.729789341106383,6.318641967859779,5.354020930522573,5.669326236945838,5.669326236945838,5.663223173607688,5.970845185154863,-35
1755178200,5.653920547537569,5.653920547537569,5.475547554755476,5.5347139451728244,5.739332740091153,5.997190641719193,5.997190641719193,5.729789341106383,6.318641967859779,5.312338008405137,5.6352544668516025,5.6352544668516025,5.619884814348021,5.970845185154863,-15
1755192600,5.5333730631704405,5.571810089020771,5.514526850399583,5.566897992687113,5.676545162119035,5.95052716421038,5.95052716421038,5.689250870510981,6.318641967859779,5.280717703095695,5.607745024936392,5.607745024936392,5.619884814348021,5.822760543568926,-35
1755264600,5.526964789778636,5.531472684085511,5.40107752170009,5.468174329788828,5.676545162119035,5.95052716421038,5.95052716421038,5.652369157682635,6.318641967859779,5.236531013659945,5.571773185812047,5.571773185812047,5.5452989567460484,5.822760543568926,-15
1755279000,5.470790892750149,5.543303537895291,5.470790892750149,5.515995483628152,5.607592183580958,5.898976880769261,5.898976880769261,5.652369157682635,6.318641967859779,5.20170600956891,5.542066790370081,5.542066790370081,5.5452989567460484,5.698314002679481,-35
1755523800,5.473371880706026,5.574969586374696,5.473371880706026,5.543819885161679,5.607592183580958,5.898976880769261,5.898976880769261,5.652369157682635,6.318641967859779,5.1800668722912055,5.520821022228209,5.520821022228209,5.5452989567460484,5.698314002679481,-15
1755538200,5.5452485269678204,5.5452485269678204,5.486853072668031,5.504694124772864,5.543055292926793,5.850021836103534,5.850021836103534,5.652369157682635,6.318641967859779,5.161573437632933,5.500975810478936,5.500975810478936,5.5452989567460484,5.698314002679481,-35
1755610200,5.527765099650083,5.544832826747721,5.242276321329986,5.283159695226248,5.543055292926793,5.850021836103534,5.850021836103534,5.652369157682635,6.318641967859779,5.128821402113592,5.470015766312226,5.470015766312226,5.4098603387018,5.698314002679481,-15
1755624600,5.282326413187154,5.311345646437994,5.217492984097286,5.248714352501168,5.446389927202071,5.780652560725466,5.780652560725466,5.434975779122573,6.318641967859779,5.095466408168718,5.438641883196581,5.438641883196581,5.337396810134467,5.698314002679481,-20
1755696600,5.2741258741258745,5.283315359728856,5.1077816128020075,5.247543140137739,5.446389927202071,5.780652560725466,5.780652560725466,5.41065289343074,6.318641967859779,5.066435232917893,5.40991424468629,5.40991424468629,5.337396810134467,5.698314002679481,-15
1755711000,5.247910863509749,5.319886057433213,5.247910863509749,5.306572155019648,5.3650434559723355,5.719851056305756,5.719851056305756,5.41065289343074,6.318641967859779,5.0547092953837565,5.391354164958352,5.391354164958352,5.337396810134467,5.489771630957744,-35
1755783000,5.283561218147918,5.311817970745298,5.237566468564279,5.267859946616423,5.3650434559723355,5.719851056305756,5.719851056305756,5.41065289343074,6.318641967859779,5.040263173504998,5.3712270908904465,5.3712270908904465,5.337396810134467,5.489771630957744,-15
1755797400,5.267488419565046,5.3130885122410545,5.266928515318146,5.298366834170854,5.284355809873856,5.658327175360529,5.658327175360529,5.41065289343074,6.318641967859779,5.035210918852202,5.356814573459274,5.356814573459274,5.337396810134467,5.464122081819985,-35
1755869400,5.261285266457681,5.3958521190261495,5.232753873987257,5.371557562076749,5.284355809873856,5.658327175360529,5.658327175360529,5.41065289343074,6.318641967859779,5.020579028690942,5.340143812327024,5.340143812327024,5.337396810134467,5.464122081819985,-10
1755883800,5.37020316027088,5.416792282182695,5.3533142080628116,5.403651727780294,5.2192535449585,5.606485656408024,5.606485656408024,5.41065289343074,6.0412833997463995,5.009453346203031,5.326441001223389,5.326441001223389,5.337396810134467,5.464122081819985,-15
1756128600,5.436790668348046,5.511996236474831,5.404716379859783,5.4068696330991415,5.2192535449585,5.606485656408024,5.606485656408024,5.41065289343074,6.0412833997463995,5.010502015186543,5.319527222879063,5.319527222879063,5.337396810134467,5.464122081819985,-10
1756143000,5.407025761124122,5.457856234096692,5.407025761124122,5.457856234096692,5.162983098500502,5.560572334326402,5.560572334326402,5.41065289343074,6.0412833997463995,5.018358603742438,5.3178586351870365,5.3178586351870365,5.377714689474664,5.464122081819985,-15
1756215000,5.473802275276398,5.555342597029228,5.473802275276398,5.538143536989857,5.162983098500502,5.560572334326402,5.560572334326402,5.41065289343074,6.0412833997463995,5.024507074133281,5.318018677679752,5.318018677679752,5.438788310677229,5.464122081819985,-10
1756229400,5.539016183303958,5.571315497862909,5.516994917407878,5.568757921419518,5.129128346115504,5.531204889669323,5.531204889669323,5.412414686575454,6.0412833997463995,5.038122509082954,5.323363282530144,5.608604055977334,5.480153974934704,5.464122081819985,5
1756301400,5.51359898798229,5.51359898798229,5.41680478603337,5.441623569973358,5.129128346115504,5.531204889669323,5.531204889669323,5.412414686575454,6.0412833997463995,5.0308232195695775,5.314202946922496,5.314202946922496,5.480153974934704,5.464122081819985,-20
1756315800,5.441625797151408,5.46265625,5.374116538401131,5.374116538401131,5.065816547073695,5.479787684060249,5.479787684060249,5.412414686575454,6.0412833997463995,5.019598577040525,5.301727642704559,5.301727642704559,5.464945088662167,5.464122081819985,-15
1756387800,5.392617972278462,5.413337478625836,5.301129234629862,5.314406381980291,5.065816547073695,5.479787684060249,5.479787684060249,5.412414686575454,6.0412833997463995,5.002991217895956,5.2853556650446025,5.2853556650446025,5.406380631434083,5.464122081819985,-10
1756402200,5.316332916145181,5.331025802391441,5.283685160480263,5.331025802391441,5.006316944719833,5.431617017489748,5.431617017489748,5.412414686575454,6.0412833997463995,4.992449531771974,5.273037796297008,5.273037796297008,5.374517032885831,5.464122081819985,-15
1756474200,5.331793564829564,5.501703715722862,5.331793564829564,5.489769405651185,5.006316944719833,5.431617017489748,5.431617017489748,5.412414686575454,6.0412833997463995,5.0012070286849895,5.275523944758021,5.275523944758021,5.391814582574047,5.464122081819985,10
1756488600,5.488798701298701,5.4888168557536465,5.437922331677929,5.444173177083334,4.960032811763104,5.392653215750564,5.392653215750564,5.412414686575454,6.0412833997463995,5.005700135131348,5.274736076259065,5.274736076259065,5.391814582574047,5.464122081819985,-10
1756819800,5.386658083205923,5.501660079051383,5.353567969002261,5.408888888888889,4.960032811763104,5.392653215750564,5.392653215750564,5.412414686575454,6.0412833997463995,5.005109723747426,5.270529855739603,5.270529855739603,5.391814582574047,5.464122081819985,10
1756834200,5.407871766386288,5.4540557667934095,5.407871766386288,5.426280269948393,4.9167969399232945,5.355965863086987,5.355965863086987,5.412414686575454,6.0412833997463995,5.005549633106462,5.267589052855658,5.267589052855658,5.391814582574047,5.464122081819985,10
1756906200,5.412424913057224,5.415657915422104,5.251525105584233,5.251525105584233,4.9167969399232945,5.355965863086987,5.355965863086987,5.412414686575454,6.0412833997463995,4.9833466653987575,5.248087662331607,5.248087662331607,5.384494975376091,5.464122081819985,-20
1756920600,5.249687108886108,5.25640625,5.1593700787401575,5.181775407779172,4.847404364163346,5.300505514531732,5.300505514531732,5.363259776312353,6.0412833997463995,4.956283040495006,5.2249754512387865,5.2249754512387865,5.2806866701192225,5.464122081819985,-15
1756992600,5.243999364171038,5.276940168227266,5.1175337186897885,5.248155277510427,4.847404364163346,5.300505514531732,5.300505514531732,5.363259776312353,6.0412833997463995,4.9454030067586086,5.212659457630222,5.212659457630222,5.2806866701192225,5.464122081819985,-10
1757007000,5.249598973371832,5.253448829002245,5.1959935897435905,5.253448829002245,4.791254346280096,5.254178161494009,5.254178161494009,5.3602595593103874,6.0412833997463995,4.933455975383474,5.2000977508033,5.2000977508033,5.2806866701192225,5.434732177368871,-45
1757079000,5.230661260137242,5.307178099633933,5.084207181442644,5.307178099633933,4.791254346280096,5.254178161494009,5.254178161494009,5.3602595593103874,6.0412833997463995,4.93827878814639,5.198253028201833,5.198253028201833,5.2806866701192225,5.434732177368871,10
1757093400,5.305316778096147,5.327065887185969,5.280367903583889,5.29742942753509,4.7466872952373445,5.216139316834103,5.216139316834103,5.3602595593103874,5.962300322095178,4.943692266124714,5.1967753182992,5.1967753182992,5.2806866701192225,5.434732177368871,5
1757338200,5.146823529411765,5.19223573433115,5.06414292460255,5.141651031894934,4.7466872952373445,5.216139316834103,5.216139316834103,5.311247559131322,5.962300322095178,4.915689946084159,5.17332918471844,5.17332918471844,5.266312048704251,5.434732177368871,-20
1757352600,5.142589118198875,5.182603234416706,5.1365991521431935,5.182603234416706,4.691825794189721,5.1705808042488925,5.1705808042488925,5.2964002204649745,5.962300322095178,4.891089101689073,5.152337453021486,5.152337453021486,5.256858464225717,5.353191663072157,-10
1757424600,5.155070202808113,5.195786472358625,5.135356076088666,5.181702668360864,4.691825794189721,5.1705808042488925,5.1705808042488925,5.2964002204649745,5.962300322095178,4.878628246806231,5.1393925251677,5.1393925251677,5.245958616939389,5.353191663072157,10
1757439000,5.182179161372299,5.1962986396709905,5.157151918807484,5.1962986396709905,4.642880016690531,5.129141339693087,5.129141339693087,5.2964002204649745,5.962300322095178,4.876412902377656,5.132715102039359,5.132715102039359,5.245958616939389,5.352066225044308,-25
1757511000,5.15170278637771,5.228356143318468,5.060027919962774,5.06281017369727,4.642880016690531,5.129141339693087,5.129141339693087,5.2964002204649745,5.962300322095178,4.854951846731769,5.11315378243263,5.11315378243263,5.223774922233472,5.352066225044308,-20
1757525400,5.064205955334987,5.064205955334987,5.009101516919486,5.059662172632883,4.600736364170424,5.090930084226288,5.090930084226288,5.169777835093817,5.962300322095178,4.8329241492620465,5.093415740372017,5.093415740372017,5.127755797634405,5.352066225044308,-15
1757597400,5.05834107087589,5.065673246793149,4.989075242344977,4.99654138805626,4.600736364170424,5.090930084226288,5.090930084226288,5.169175564029788,5.962300322095178,4.8056367464291085,5.069965814237586,5.069965814237586,5.125714317737768,5.352066225044308,-10
1757611800,4.999538816295158,5.025019186492709,4.995988892317186,5.013070890358296,4.536147162303358,5.038193358043723,5.038193358043723,5.123202073510697,5.962300322095178,4.786522486509728,5.05167913692004,5.05167913692004,5.082033124180278,5.210840001302598,-30
1757683800,5.037042706260523,5.126906650396583,5.023762072665951,5.050538776749127,4.536147162303358,5.038193358043723,5.038193358043723,5.123202073510697,5.962300322095178,4.790682024455005,5.04629058937581,5.04629058937581,5.082033124180278,5.210840001302598,10
1757698200,5.047496206373292,5.047496206373292,4.9631753697555085,4.991719361638061,4.486069162361878,4.995019014828536,4.995019014828536,5.123202073510697,5.692130151905746,4.789727704001711,5.037334376182116,5.037334376182116,5.066487390608888,5.205026618665572,-40
1757943000,5.04238714613619,5.067135647652546,4.932307692307693,4.975602270983581,4.486069162361878,4.995019014828536,4.995019014828536,5.123202073510697,5.692130151905746,4.785720318884081,5.027024294408522,5.027024294408522,5.066487390608888,5.205026618665572,-10
1757957400,4.9744533947065595,5.006261453879047,4.952497701501685,5.006261453879047,4.445774304718582,4.958195447541767,4.958195447541767,5.103930909017894,5.692130151905746,4.79116719205799,5.0222626021278,5.0222626021278,5.051946964360546,5.190224772206817,-10
1758029400,5.019368613695288,5.0426829268292686,4.9670112496199454,4.999774045341568,4.445774304718582,4.958195447541767,4.958195447541767,5.103930909017894,5.692130151905746,4.798641853146153,5.0185651066346315,5.0185651066346315,5.051946964360546,5.190224772206817,10
1758043800,5,5.052044889658808,5,5.048063884285068,4.411964575914548,4.92625139280764,4.92625139280764,5.103930909017894,5.692130151905746,4.811819401045643,5.019246906815654,5.019246906815654,5.051946964360546,5.187033878750697,-10
1758115800,5.081351310407514,5.148891075618802,5.04225352112676,5.04225352112676,4.411964575914548,4.92625139280764,4.92625139280764,5.103930909017894,5.692130151905746,4.818436240025618,5.017257925530954,5.017257925530954,5.051946964360546,5.187033878750697,15
1758130200,5.042789706106289,5.087692772905957,4.964746543778802,5.020255863539446,4.3784501028492375,4.894478471397594,4.894478471397594,5.103930909017894,5.692130151905746,4.82571938237192,5.015170552119835,5.015170552119835,5.051946964360546,5.187033878750697,-5
1758202200,5.033872901678658,5.3259668508287294,5.033872901678658,5.306989971561143,4.3784501028492375,4.894478471397594,4.894478471397594,5.103930909017894,5.692130151905746,4.845603026576816,5.029417565590097,5.213232104603378,5.16680427053554,5.187033878750697,15
1758216600,5.3053892215568865,5.345367745785469,5.198437734715338,5.229928100659077,4.3787028289032985,4.886781614316237,4.886781614316237,5.103930909017894,5.692130151905746,4.858521551581173,5.03733819145526,5.216154831329346,5.173749125043984,5.187033878750697,15
1758288600,5.262607905497501,5.330966767371601,5.141549725442342,5.173179261061275,4.3787028289032985,4.886781614316237,4.886781614316237,5.103930909017894,5.692130151905746,4.864187251725905,5.039682145696201,5.2151770396664965,5.173749125043984,5.187033878750697,15
1758303000,5.1724190360346665,5.276430205949657,5.167607998778812,5.275967569221355,4.388019571432814,4.8857320189873,4.8857320189873,5.103930909017894,5.692130151905746,4.881880581279933,5.0521453414927615,5.22241010170559,5.173749125043984,5.187033878750697,15
1758547800,5.252142745831385,5.3013656114214776,5.153689487701707,5.265590723911,4.388019571432814,4.8857320189873,4.8857320189873,5.103930909017894,5.692130151905746,4.892809706761416,5.0605384014280315,5.228267096094647,5.173749125043984,5.187033878750697,15
1758562200,5.2682544656847385,5.283500313087038,5.243188224240526,5.275455688246386,4.396810413896173,4.8850604437736465,4.8850604437736465,5.1285503972311375,5.692130151905746,4.908395209656054,5.072086960290871,5.235778710925689,5.192308870122207,5.187033878750697,15
1758634200,5.260130922693267,5.265610438024232,5.214810185908451,5.244594171106236,4.396810413896173,4.8850604437736465,4.8850604437736465,5.1285503972311375,5.692130151905746,4.924538202005092,5.08291816516741,5.241298128329728,5.192308870122207,5.187033878750697,15
1758648600,5.244437480413663,5.24494909945184,5.170950954108185,5.170950954108185,4.411077768049484,4.884721275254832,4.884721275254832,5.1285503972311375,5.692130151905746,4.932754205083478,5.087170220929855,5.087170220929855,5.192308870122207,5.187033878750697,15
1758720600,5.154672897196262,5.207179328485224,5.087583320415439,5.101592701407144,4.411077768049484,4.884721275254832,4.884721275254832,5.1285503972311375,5.692130151905746,4.922433668171709,5.077960713231691,5.077960713231691,5.192308870122207,5.187033878750697,15
1758735000,5.102589872439118,5.102589872439118,5.01862775535548,5.01862775535548,4.422037462257137,4.878916497938846,4.878916497938846,5.1285503972311375,5.692130151905746,4.902842243397336,5.0613586242342015,5.0613586242342015,5.120448770544362,5.187033878750697,15
1758807000,4.9960555380246126,4.997635188396658,4.767244145011229,4.7874318691888424,4.422037462257137,4.878916497938846,4.878916497938846,5.115119907259049,5.692130151905746,4.8569584925137255,5.0272993863978135,5.0272993863978135,4.926185392269303,5.187033878750697,-20
1758821400,4.788520121853455,4.863002723922449,4.74654976457217,4.845063617329682,4.424548275263634,4.864751600011396,4.864751600011396,4.980413745676832,5.692130151905746,4.823199670013885,5.001158859649868,5.001158859649868,4.926185392269303,5.158361024066031,-25
1758893400,4.858064516129032,4.926833199033037,4.824538685658789,4.9125140201890725,4.424548275263634,4.864751600011396,4.864751600011396,4.980413745676832,5.692130151905746,4.7970577564801395,4.979793072405912,4.979793072405912,4.926185392269303,5.158361024066031,10
1758907800,4.911566805511054,4.996776273372018,4.903355273719698,4.990799031476998,4.446510907668033,4.864478232871524,4.864478232871524,4.980413745676832,5.692130151905746,4.781812398030408,4.966562269602798,4.966562269602798,4.926185392269303,5.150498455677862,-5
1759152600,4.924827369742624,5.021161985378992,4.885328306628967,4.9973741118319435,4.446510907668033,4.864478232871524,4.864478232871524,4.980413745676832,5.692130151905746,4.772198425441235,4.957493320514516,4.957493320514516,4.926185392269303,5.150498455677862,10
1759167000,4.9989187519308,5.0580615313439745,4.99459292445543,5.023857164845313,4.450698804601203,4.857854729792871,4.857854729792871,4.980413745676832,5.692130151905746,4.768309834452452,4.9526449008771705,4.9526449008771705,4.926185392269303,5.150498455677862,15
1759239000,4.979503105590061,5.018721955748105,4.930257844050948,4.930257844050948,4.450698804601203,4.857854729792871,4.857854729792871,4.980413745676832,5.692130151905746,4.756530953209736,4.941551119750739,4.941551119750739,4.926185392269303,5.150498455677862,15
1759253400,4.926063995029512,4.95814740729343,4.92351935333437,4.95814740729343,4.460074898098793,4.852319620322486,4.852319620322486,4.980413745676832,5.692130151905746,4.752714624508336,4.935783784725511,4.935783784725511,4.926185392269303,5.139476539734841,0
1759325400,5.003468556778766,5.145979937116334,5.003468556778766,5.049651763648618,4.460074898098793,4.852319620322486,4.852319620322486,4.980413745676832,5.692130151905746,4.76560872666735,4.941508771431356,4.941508771431356,4.977931524868602,5.139476539734841,15
1759339800,5.047176875842444,5.077590073254597,5.021109770808203,5.070262172284644,4.4749135921064065,4.853477980350755,4.853477980350755,4.980413745676832,5.692130151905746,4.785054158172465,4.951208063533988,5.117361968895511,4.977931524868602,5.139476539734841,20
1759411800,5.145956316410861,5.182685253118121,5.065310969274157,5.1105712603062425,4.4749135921064065,4.853477980350755,4.853477980350755,4.980413745676832,5.692130151905746,4.799319874439362,4.96012479488195,5.120929715324538,5.0153530985260595,5.139476539734841,15
1759426200,5.111601884570082,5.132664922987504,5.100684981954776,5.125799883653286,4.4870132484904195,4.855413086324449,4.855413086324449,4.997862283315169,5.692130151905746,4.810986123233562,4.968302649390824,5.125619175548087,5.050660142150115,5.139476539734841,20
1759498200,5.118868887107354,5.133750545772086,5.049104563835933,5.0561056105610565,4.4870132484904195,4.855413086324449,4.855413086324449,4.997862283315169,5.692130151905746,4.81366822776006,4.969264816802179,4.969264816802179,5.050660142150115,5.139476539734841,15
1759512600,5.053953221409097,5.053953221409097,4.987547060527078,5.040395358831113,4.494601805581737,4.8530069683190025,4.8530069683190025,4.997862283315169,5.595566682548489,4.816866351836613,4.9702796727107525,4.9702796727107525,5.050660142150115,5.139476539734841,15
1759757400,5.114507042253521,5.120022434099832,5.005001761183516,5.028387638092574,4.494601805581737,4.8530069683190025,4.8530069683190025,4.997862283315169,5.595566682548489,4.8325792649069435,4.9773957448889865,4.9773957448889865,5.050660142150115,5.139476539734841,15
1759771800,5.028947000419522,5.045164457535591,4.981182418199691,5.045164457535591,4.505948689841479,4.853200064055693,4.853200064055693,4.997862283315169,5.595566682548489,4.847790993577805,4.985076242769633,4.985076242769633,5.050660142150115,5.139476539734841,20
1759843800,5.056080033817105,5.063389209747852,4.79813574133411,4.84121229698376,4.505948689841479,4.853200064055693,4.853200064055693,4.997862283315169,5.595566682548489,4.841091932574158,4.9764479277609395,4.9764479277609395,4.936344038973492,5.139476539734841,-20
1759858200,4.842639593908629,4.867891766748662,4.750217076700435,4.750217076700435,4.48256718781456,4.829064987968426,4.829064987968426,4.978138325353021,5.595566682548489,4.827309633503932,4.962785466400635,4.962785466400635,4.936344038973492,5.139476539734841,-15
1759930200,4.824374820350676,4.824374820350676,4.6384261918437675,4.686234098500462,4.48256718781456,4.829064987968426,4.829064987968426,4.94002866966236,5.595566682548489,4.794535893029131,4.938755445319059,4.938755445319059,4.778962114768983,5.139476539734841,-10
1759944600,4.685377291459428,4.719097916071938,4.670417319470162,4.719097916071938,4.453016099763181,4.801602426778141,4.801602426778141,4.829967961618629,5.595566682548489,4.764318117180116,4.915817311588678,4.915817311588678,4.774222789271226,4.978088466285317,-30
1760016600,4.666904320547555,4.706707140792136,4.666904320547555,4.676866764275257,4.453016099763181,4.801602426778141,4.801602426778141,4.813386011337234,5.595566682548489,4.734920801065944,4.893343900841468,4.893343900841468,4.758590440297848,4.978088466285317,-10
1760031000,4.681505344852833,4.690586868099941,4.652281673713369,4.6623990688877575,4.42359583979448,4.7735598298423465,4.7735598298423465,4.792381904633715,5.595566682548489,4.706525562081696,4.871303066425566,4.871303066425566,4.744899241511122,4.837185357793366,-30
1760103000,4.662074437391807,4.683470954657396,4.51308744794765,4.636390753169277,4.42359583979448,4.7735598298423465,4.7735598298423465,4.790165167632311,5.595566682548489,4.681159603711303,4.850782638932358,4.850782638932358,4.7124438554086145,4.837185357793366,-10
1760117400,4.6379837446871965,4.672955974842767,4.603656693865216,4.603656693865216,4.401499228444343,4.748552876725487,4.748552876725487,4.776979121246442,5.566618406232746,4.653812810940915,4.828908884295037,4.828908884295037,4.706365938412471,4.8036885160346845,-30
1760362200,4.7190146266358735,4.796698257413635,4.63567684242985,4.746828630737295,4.401499228444343,4.748552876725487,4.748552876725487,4.776979121246442,5.566618406232746,4.635620851401289,4.813553280068453,4.813553280068453,4.706365938412471,4.8036885160346845,-10
1760376600,4.743889315910837,4.802474793767186,4.743889315910837,4.791764795259439,4.379466243193807,4.727672179944955,4.727672179944955,4.776979121246442,5.566618406232746,4.6257687273748695,4.804253918837772,4.804253918837772,4.706365938412471,4.8036885160346845,-10
1760448600,4.78548720394214,4.8751560549313355,4.766875100208434,4.8751560549313355,4.379466243193807,4.727672179944955,4.727672179944955,4.776979121246442,5.566618406232746,4.625055714195365,4.8023132408668125,4.8023132408668125,4.743391127696251,4.8036885160346845,10
1760463000,4.876111717896707,4.876111717896707,4.702799937431566,4.702799937431566,4.370560940665655,4.712468415539277,4.712468415539277,4.776979121246442,5.566618406232746,4.609084503030721,4.788294742303412,4.788294742303412,4.743391127696251,4.8036885160346845,-25
1760535000,4.7968083425501655,4.843656891955464,4.714720000000001,4.730683269476373,4.370560940665655,4.712468415539277,4.712468415539277,4.776979121246442,5.566618406232746,4.590118556490013,4.772262937241565,4.772262937241565,4.743391127696251,4.8036885160346845,10
1760549400,4.729971273539738,4.749367488931057,4.696643445218493,4.696643445218493,4.353618807434052,4.693580626708626,4.693580626708626,4.776979121246442,5.566618406232746,4.568489683189223,4.754243594969401,4.754243594969401,4.743391127696251,4.8036885160346845,5
1760621400,4.75459587955626,4.770753512132822,4.679285480170435,4.744250080984775,4.353618807434052,4.693580626708626,4.693580626708626,4.776979121246442,5.566618406232746,4.54998540041361,4.738250098273482,4.738250098273482,4.743391127696251,4.8036885160346845,10
1760635800,4.743074680058319,4.746724890829695,4.6189229006384025,4.6211331813741445,4.335179814640321,4.672771279703688,4.672771279703688,4.776979121246442,5.566618406232746,4.519949208402676,4.7139517431282725,4.7139517431282725,4.705786974571646,4.8036885160346845,-25
1760707800,4.658874603439639,4.783403185247276,4.658874603439639,4.766296234864821,4.335179814640321,4.672771279703688,4.672771279703688,4.776979121246442,5.566618406232746,4.508121383226087,4.703345793966168,4.703345793966168,4.705786974571646,4.8036885160346845,10
1760722200,4.76845247968154,4.8216939078751855,4.766406379797308,4.7920939464108505,4.353917790307841,4.674808436621058,4.674808436621058,4.776979121246442,5.2860792201863,4.496743476755552,4.69305899060646,4.69305899060646,4.719919861908328,4.8036885160346845,15
1760967000,4.730916030534352,4.829113924050633,4.688644688644688,4.797032072762087,4.353917790307841,4.674808436621058,4.674808436621058,4.776979121246442,5.2860792201863,4.4856615020380834,4.682980641467198,4.682980641467198,4.719919861908328,4.8036885160346845,10
1760981400,4.7970644543714105,4.7970644543714105,4.711743206737645,4.711743206737645,4.366249139338048,4.671872035692623,4.671872035692623,4.776979121246442,5.2860792201863,4.468295538202365,4.66792639521885,4.66792639521885,4.719919861908328,4.8036885160346845,15
1761053400,4.75741130730601,4.75741130730601,4.706386292834891,4.729094895082994,4.366249139338048,4.671872035692623,4.671872035692623,4.776979121246442,5.2860792201863,4.453218513589845,4.654652944305567,4.654652944305567,4.719919861908328,4.8036885160346845,15
1761067800,4.728866624921728,4.760408483896308,4.728866624921728,4.7561436672967865,4.383307354244064,4.6728504605070915,4.6728504605070915,4.776979121246442,5.2860792201863,4.443933434077877,4.646048236675462,4.646048236675462,4.719919861908328,4.8036885160346845,20
1761139800,4.783585735222276,4.8127927636892265,4.627021728475739,4.629354654483152,4.383307354244064,4.6728504605070915,4.6728504605070915,4.776979121246442,5.2860792201863,4.422584610975075,4.628053191681705,4.628053191681705,4.719919861908328,4.8036885160346845,-20
1761154200,4.628426892950391,4.628426892950391,4.538713910761155,4.5879421615881055,4.377077234619419,4.65902113475947,4.65902113475947,4.733463832658186,5.2860792201863,4.397051719244074,4.606934208857647,4.606934208857647,4.651767378283114,4.8036885160346845,-15
1761226200,4.6078114912847,4.6078114912847,4.511522965350524,4.561801341424466,4.377077234619419,4.65902113475947,4.65902113475947,4.71222354429438,5.2860792201863,4.388965531801683,4.596272041263993,4.596272041263993,4.651767378283114,4.8036885160346845,-10
1761240600,4.564995209198339,4.5702538151340235,4.52581934452438,4.55338021416014,4.353532043812178,4.636613947692172,4.636613947692172,4.670381755115129,5.2860792201863,4.376812435816402,4.5836269080822865,4.5836269080822865,4.613460750807589,4.75145461680479,-30
1761312600,4.599493430425835,4.638873418728617,4.584041019067457,4.592734225621415,4.353532043812178,4.636613947692172,4.636613947692172,4.670381755115129,5.2860792201863,4.367185960955791,4.573359421939541,4.573359421939541,4.613460750807589,4.75145461680479,-10
1761327000,4.590981516889738,4.609144308620415,4.590981516889738,4.601400827761859,4.337641206075342,4.619488606429868,4.619488606429868,4.670381755115129,5.257589037353954,4.368350326278148,4.569242157313964,4.569242157313964,4.613460750807589,4.75145461680479,-30
1761571800,4.581765335780939,4.581765335780939,4.501075268817204,4.534056200366524,4.337641206075342,4.619488606429868,4.619488606429868,4.670381755115129,5.257589037353954,4.364213491742623,4.561067922493415,4.561067922493415,4.594600076723971,4.75145461680479,-10
1761586200,4.531307269395235,4.554654011022658,4.525168815224064,4.529181985294118,4.313503392677651,4.597002338111069,4.597002338111069,4.643864046709205,5.257589037353954,4.363325504216486,4.554631075484289,4.554631075484289,4.594600076723971,4.716436659196075,-30
1761658200,4.51247130833971,4.51247130833971,4.428920073215375,4.428920073215375,4.313503392677651,4.597002338111069,4.597002338111069,4.602470763768557,5.257589037353954,4.35152860141406,4.540930663329219,4.540930663329219,4.517054743435519,4.716436659196075,-10
1761672600,4.4279176201373,4.446779141104295,4.410697674418604,4.410697674418604,4.279125582636826,4.567563840882994,4.567563840882994,4.532927311622917,5.257589037353954,4.334748633914376,4.524788839994459,4.524788839994459,4.480928919248179,4.650067037525588,-30
1761744600,4.409598387346876,4.473650894128818,4.391249606547056,4.4544877894069135,4.279125582636826,4.567563840882994,4.567563840882994,4.532927311622917,5.257589037353954,4.320567588375014,4.5110616914323645,4.5110616914323645,4.480928919248179,4.650067037525588,-10
1761759000,4.4539974619289335,4.4539974619289335,4.389207715606568,4.389207715606568,4.228826005248261,4.528249656818096,4.528249656818096,4.532927311622917,5.257589037353954,4.295531836545604,4.490469739090762,4.490469739090762,4.4637278201803445,4.563772434841799,-45
1761831000,4.388572821846554,4.406300746995778,4.30671923771973,4.354451209478361,4.228826005248261,4.528249656818096,4.528249656818096,4.4917935667773,5.257589037353954,4.256192954639822,4.459412199155487,4.459412199155487,4.405835802391927,4.563772434841799,-10
1761845400,4.353851217906518,4.353851217906518,4.210927152317881,4.210927152317881,4.164614294881123,4.479990883780939,4.479990883780939,4.443489126072252,5.257589037353954,4.20386453586763,4.420534486259762,4.420534486259762,4.311887877810265,4.538249962181677,-30
1761917400,4.329724961911635,4.403027888446215,4.240728797162205,4.361402941651851,4.164614294881123,4.479990883780939,4.479990883780939,4.443489126072252,5.257589037353954,4.175740632398426,4.397530877744367,4.397530877744367,4.311887877810265,4.538249962181677,-10
1761931800,4.364268391269199,4.368725868725869,4.291312028264012,4.3269662921348315,4.1181189443714,4.4427077305595075,4.4427077305595075,4.443489126072252,5.009709794228381,4.150470996599441,4.376281497079262,4.376281497079262,4.311887877810265,4.518840492431412,-30
1762180200,4.329918872408424,4.40582811985512,4.329918872408424,4.342805519053876,4.1181189443714,4.4427077305595075,4.4427077305595075,4.443489126072252,5.009709794228381,4.129775513995281,4.358086948399337,4.358086948399337,4.311887877810265,4.518840492431412,-10
1762194600,4.343185550082102,4.424177806938408,4.343185550082102,4.373038162894432,4.08745961934771,4.415545815330775,4.415545815330775,4.443489126072252,5.009709794228381,4.1164159086784835,4.344839359109406,4.344839359109406,4.311887877810265,4.518840492431412,-30
1762266600,4.335713071562128,4.382796075683252,4.287845019715412,4.382796075683252,4.08745961934771,4.415545815330775,4.415545815330775,4.443489126072252,5.009709794228381,4.100189198816559,4.330136809044118,4.330136809044118,4.311887877810265,4.518840492431412,-10
1762281000,4.382095304835319,4.390953990122173,4.3184044786564035,4.3184044786564035,4.0583590364438695,4.388788866973754,4.388788866973754,4.443489126072252,5.009709794228381,4.080770220251977,4.312838168723785,4.312838168723785,4.311887877810265,4.477934133393201,-30
1762353000,4.294910308128057,4.30261254361331,4.221620707156149,4.221620707156149,4.0583590364438695,4.388788866973754,4.388788866973754,4.394998630313844,5.009709794228381,4.059256744544248,4.293190004937962,4.293190004937962,4.311887877810265,4.477934133393201,-10
1762367400,4.221282354931484,4.326970391108849,4.211667090000847,4.326970391108849,4.043061030931717,4.3697733626879165,4.3697733626879165,4.394998630313844,5.009709794228381,4.053918491353787,4.284494658972713,4.284494658972713,4.311887877810265,4.44894220534157,-30
1762439400,4.317520123308785,4.320664269816812,4.134930971607189,4.172347826086956,4.043061030931717,4.3697733626879165,4.3697733626879165,4.394998630313844,5.009709794228381,4.037565881664082,4.26715461096469,4.26715461096469,4.239512376963062,4.44894220534157,-10
1762453800,4.172521739130435,4.192731656906648,4.117904695164682,4.13971358714635,3.9961789668783334,4.331512031176376,4.331512031176376,4.291884626738665,5.009709794228381,4.022462380595631,4.250097339770972,4.250097339770972,4.239512376963062,4.446662174000894,-45
1762525800,3.913494505494506,4.04824034334764,3.8969675474374887,4.04824034334764,3.9961789668783334,4.331512031176376,4.331512031176376,4.157649961028002,5.009709794228381,3.9944948005314354,4.225469872362148,4.225469872362148,4.118935765813017,4.446662174000894,-10
1762540200,4.047210300429184,4.134775941386948,4.047210300429184,4.108847002886738,3.9470441953906814,4.291747153039646,4.291747153039646,4.157649961028002,4.838122472077252,3.976626732176002,4.207291371430024,4.207291371430024,4.118935765813017,4.268964180268173,-30
1762785000,4.141234035495107,4.141234035495107,3.9494949494949494,4.024787888870405,3.9470441953906814,4.291747153039646,4.291747153039646,4.157649961028002,4.838122472077252,3.9514817097390127,4.184297497182246,4.184297497182246,4.116703798600906,4.268964180268173,-10
1762799400,4.0249500998003995,4.025265957446809,3.9674364512377474,3.9674364512377474,3.893959327245857,4.248516543917535,4.248516543917535,4.135106562488581,4.838122472077252,3.924827254045692,4.159882936435356,4.159882936435356,4.073752247017404,4.268964180268173,-15
1762871400,3.9854205292432163,4.0626698369565215,3.963976210705183,4.039222373806275,3.893959327245857,4.248516543917535,4.248516543917535,4.135106562488581,4.838122472077252,3.8955285624700142,4.135420085621824,4.135420085621824,4.073752247017404,4.268964180268173,-10
1762885800,4.040757162346521,4.040757162346521,3.9570815450643777,3.965195027861123,3.845174578023789,4.207741798700645,4.207741798700645,4.135106562488581,4.838122472077252,3.8546820395348256,4.103456455425171,4.103456455425171,4.073752247017404,4.161062699009559,-45
1762957800,3.931741761936786,3.942732387270132,3.8609133530126756,3.86254772648386,3.845174578023789,4.207741798700645,4.207741798700645,4.0497539626086505,4.838122472077252,3.800783135375021,4.062810355755543,4.062810355755543,3.9868918976652457,4.161062699009559,-10
1762972200,3.8628710293351847,3.9006599513720044,3.8428321678321677,3.9006599513720044,3.777329589286939,4.155530385743109,4.155530385743109,4.004167684439189,4.838122472077252,3.7569258266178447,4.028376196537784,4.028376196537784,3.9407706526042188,4.076050356342254,-30
1763044200,3.855483870967742,3.855483870967742,3.7787673672960453,3.7787673672960453,3.777329589286939,4.155530385743109,4.155530385743109,3.96030480767841,4.838122472077252,3.6991741191683922,3.9847139269897855,3.9847139269897855,3.905045746540308,4.076050356342254,-10
1763058600,3.778628673196794,3.794232823068708,3.732155731795242,3.75148461400036,3.7013156710462,4.097781914284799,4.097781914284799,3.896000627962433,4.838122472077252,3.6411449325831504,3.940467699127988,3.940467699127988,3.8209686139386916,3.9863184419003113,-30
1763130600,3.708264004437049,3.7767727930535457,3.615348880423674,3.7213400642496555,3.7013156710462,4.097781914284799,4.097781914284799,3.882801748499853,4.838122472077252,3.5818525918914563,3.89498383113889,3.89498383113889,3.82003197016797,3.9863184419003113,-10
1763145000,3.7198457866715624,3.732934355713484,3.6679694770147035,3.732934355713484,3.6327127756551842,4.044003005605908,4.044003005605908,3.8360301628206823,4.579743422576578,3.525906084652584,3.8512439238534535,3.8512439238534535,3.7877779722748843,3.912969777069965,-45
1763389800,3.6863351128594175,3.7487372577830835,3.631259484066768,3.6553699284009546,3.6327127756551842,4.044003005605908,4.044003005605908,3.8360301628206823,4.579743422576578,3.4726189656867774,3.8092570028354666,3.8092570028354666,3.7877779722748843,3.912969777069965,-10
1763404200,3.655527974030934,3.752759381898455,3.6548418024928093,3.752759381898455,3.5646124988921306,3.9904175129537682,3.9904175129537682,3.8360301628206823,4.579743422576578,3.437725617237848,3.7791976711460222,3.7791976711460222,3.7806349111800515,3.8827044232665977,-30
1763476200,3.777030273906776,4.018605525277204,3.777030273906776,3.970129501843274,3.5646124988921306,3.9904175129537682,3.9904175129537682,3.8360301628206823,4.579743422576578,3.4351802171974435,3.771796858952963,3.771796858952963,3.8549441901627812,3.8827044232665977,-10
1763490600,3.9697542533081287,4.008660453732467,3.9248006076718576,3.9248006076718576,3.5235138921388156,3.954580927290224,3.954580927290224,3.8360301628206823,4.579743422576578,3.4194457703758987,3.7561116209903327,3.7561116209903327,3.8776864696897904,3.8827044232665977,-15
1763562600,3.90889748549323,3.90889748549323,3.623935010897563,3.623935010897563,3.5235138921388156,3.954580927290224,3.954580927290224,3.8360301628206823,4.579743422576578,3.375628769689133,3.7200109742770424,3.7200109742770424,3.8128464186660196,3.8827044232665977,-10
1763577000,3.62398414271556,3.701131333005411,3.6108903020667724,3.6738573680063045,3.4495335677541723,3.896752088271433,3.896752088271433,3.824983457184401,4.579743422576578,3.3393728860878995,3.6890291723420647,3.6890291723420647,3.7694871165923827,3.8827044232665977,-15
1763649000,3.7107597377554957,3.723109486242063,3.5363859362224037,3.5690495532087736,3.4495335677541723,3.896752088271433,3.896752088271433,3.824983457184401,4.579743422576578,3.2981631093431183,3.6542201727527877,3.6542201727527877,3.680174175910675,3.8827044232665977,-10
1763663400,3.5667276051188304,3.6518435980551054,3.5180549856380794,3.617316724525219,3.371407909327924,3.8358156192583026,3.8358156192583026,3.7805755149446116,4.579743422576578,3.2586974328122578,3.620999478781955,3.620999478781955,3.680174175910675,3.8808194231206414,-30
1763735400,3.6373973468098546,3.7335668658561714,3.5627677806341045,3.5846524792955234,3.371407909327924,3.8358156192583026,3.8358156192583026,3.7805755149446116,4.579743422576578,3.228922271672133,3.5934109454549104,3.5934109454549104,3.680174175910675,3.8808194231206414,-10
1763749800,3.5839798699937093,3.615249145343417,3.5533555648186748,3.5533555648186748,3.290117605976598,3.772416212531657,3.772416212531657,3.7419970646779057,4.4587839976579176,3.201889673877187,3.5672045454787167,3.5672045454787167,3.680174175910675,3.8808194231206414,-15
1763994600,3.522216521292971,3.5292099687216223,3.434215970211005,3.495513459621137,3.290117605976598,3.772416212531657,3.772416212531657,3.65541443628991,4.4587839976579176,3.1733635546636827,3.539619079756756,3.539619079756756,3.603199021539597,3.8808194231206414,-10
1764009000,3.492224880382775,3.5489538097118043,3.492224880382775,3.5423259493670884,3.213563060131529,3.711779790477523,3.711779790477523,3.65541443628991,4.4587839976579176,3.1485694010178076,3.515319308275597,3.515319308275597,3.603199021539597,3.7054746304707633,-45
1764081000,3.516826680141486,3.5655423146839023,3.464058876902914,3.492251962165426,3.213563060131529,3.711779790477523,3.711779790477523,3.65541443628991,4.4587839976579176,3.123824088790208,3.4905770765158124,3.4905770765158124,3.603199021539597,3.7054746304707633,-10
1764095400,3.4910480788573723,3.4996983712045044,3.419533169533169,3.474624154979316,3.1376441696215567,3.6512339233350364,3.6512339233350364,3.6166957361855014,4.4587839976579176,3.1037971915449116,3.468458266928762,3.468458266928762,3.549403773390466,3.6885966476701713,-15
1764167400,3.5036348949919223,3.5201928872814943,3.4313330648409184,3.5092610645349973,3.1376441696215567,3.6512339233350364,3.6512339233350364,3.6166957361855014,4.4587839976579176,3.0827903942549697,3.446972691011884,3.446972691011884,3.549403773390466,3.6885966476701713,-10
1764181800,3.510430883213102,3.520719311962471,3.4411995295962363,3.4411995295962363,3.0622639650327237,3.5907465342683063,3.5907465342683063,3.6166957361855014,4.4587839976579176,3.055473178446221,3.421181351701489,3.421181351701489,3.549403773390466,3.666941471079034,-30
1764340200,3.4624775243683166,3.548680964129816,3.417195276666342,3.440645035943268,3.006106417893645,3.5419798609823716,3.5419798609823716,3.6166957361855014,3.9710936072142906,3.0303759403490957,3.39699954274088,3.39699954274088,3.5469997034960614,3.666941471079034,-30
1764599400,3.437678790355538,3.437678790355538,3.2476260043827616,3.352953325072284,3.006106417893645,3.5419798609823716,3.5419798609823716,3.55714985268534,3.9710936072142906,2.999089862660737,3.3683099000937906,3.3683099000937906,3.433555814227358,3.666941471079034,-10
1764613800,3.352364237043155,3.547336973318224,3.3464419475655434,3.5353535353535355,2.970611690948746,3.506736450341287,3.506736450341287,3.55714985268534,3.9710936072142906,2.9943661516168945,3.358181791618965,3.358181791618965,3.433555814227358,3.666941471079034,5
1764685800,3.5371473976956693,3.570874539460927,3.4624243607261374,3.5282277389053966,2.970611690948746,3.506736450341287,3.506736450341287,3.55714985268534,3.9710936072142906,2.9934129077540805,3.350335004659117,3.350335004659117,3.433555814227358,3.666941471079034,10
1764700200,3.5279907975460127,3.595533498759305,3.5043194471107695,3.509192955293207,2.939038161026559,3.473798667410307,3.473798667410307,3.55714985268534,3.9710936072142906,2.9893318542608447,3.3408415507908775,3.3408415507908775,3.433555814227358,3.666941471079034,5
1764772200,3.4872502378686967,3.5805905585856683,3.4375960061443935,3.5191598069826853,2.939038161026559,3.473798667410307,3.473798667410307,3.55714985268534,3.9710936072142906,2.9895845125332343,3.334338467968747,3.334338467968747,3.433555814227358,3.666941471079034,15
1764786600,3.519394512771996,3.575580298169466,3.507249141549027,3.570995260663507,2.9126617976540095,3.445545430467094,3.445545430467094,3.55714985268534,3.9710936072142906,2.991036461537413,3.3302263019570644,3.3302263019570644,3.4710867239219003,3.666941471079034,10
1764858600,3.5382132345960318,3.60835065180427,3.528033794162827,3.570584873309201,2.9126617976540095,3.445545430467094,3.445545430467094,3.55714985268534,3.9710936072142906,2.9941068548056267,3.327372021240236,3.327372021240236,3.4942111815044377,3.666941471079034,15
1764873000,3.5699314024390243,3.5720673580058984,3.532953777863553,3.542372881355932,2.8782980171427606,3.412728435779795,3.412728435779795,3.55714985268534,3.9710936072142906,3.000760768763044,3.326055502926832,3.326055502926832,3.4942111815044377,3.666941471079034,10
1764945000,3.5746835443037974,3.5746835443037974,3.4957884427032324,3.5452934226073256,2.8782980171427606,3.412728435779795,3.412728435779795,3.55714985268534,3.9710936072142906,3.006035821931451,3.3245007058245735,3.3245007058245735,3.4942111815044377,3.666941471079034,15
1764959400,3.5457947606854443,3.5500882179964717,3.519763430261212,3.531755424063116,2.836419892465842,3.375444087419396,3.375444087419396,3.55714985268534,3.9710936072142906,3.010432717469417,3.322490143397293,3.322490143397293,3.4942111815044377,3.666941471079034,10
1765204200,3.510369441497058,3.602726387536514,3.4965625613828326,3.575117370892019,2.836419892465842,3.375444087419396,3.375444087419396,3.55714985268534,3.9710936072142906,3.0115606880641117,3.320041301108919,3.320041301108919,3.5065641772226757,3.666941471079034,15
1765218600,3.5748385834474665,3.5759524505505214,3.5554245283018866,3.5656055900621113,2.812068331380895,3.349810241862377,3.349810241862377,3.55714985268534,3.9710936072142906,3.0248978241417617,3.324368951603418,3.324368951603418,3.511083607048491,3.666941471079034,10
1765290600,3.542650790552411,3.6928518242740136,3.5238934586760675,3.6194309247472853,2.812068331380895,3.349810241862377,3.349810241862377,3.55714985268534,3.9710936072142906,3.0433480711106538,3.3333709794024085,3.623393887694163,3.5560634080969304,3.666941471079034,15
1765305000,3.6203669037813553,3.641668225172994,3.573163788195104,3.5763770584894945,2.7960668390056154,3.329727305783983,3.329727305783983,3.55714985268534,3.9710936072142906,3.061962465646278,3.3413283592919973,3.3413283592919973,3.5560634080969304,3.666941471079034,10
1765377000,3.628054038516815,3.628054038516815,3.5387552500954564,3.566380133715377,2.7960668390056154,3.329727305783983,3.329727305783983,3.55714985268534,3.9710936072142906,3.0853929423854374,3.3515221742129033,3.3515221742129033,3.5560634080969304,3.666941471079034,15
1765391400,3.5648767437416398,3.608498583569405,3.4717987804878048,3.5160522053920165,2.7744288597340714,3.305837867055563,3.305837867055563,3.55714985268534,3.9710936072142906,3.1087212779173288,3.360096508926556,3.360096508926556,3.5560634080969304,3.666941471079034,10
1765463400,3.5157318741450068,3.5157318741450068,3.381065088757396,3.455245709828393,2.7744288597340714,3.305837867055563,3.305837867055563,3.55714985268534,3.9710936072142906,3.1243527385541743,3.3634131315631173,3.3634131315631173,3.530891653650543,3.666941471079034,15
1765477800,3.454084616884383,3.5209132770529545,3.439609756097561,3.519677481282396,2.76608192952782,3.2899226994555324,3.2899226994555324,3.55714985268534,3.9710936072142906,3.1413031016829756,3.369892302696863,3.369892302696863,3.530891653650543,3.655597581633588,-5
1765549800,3.5004301691998854,3.5412005058857865,3.4859445645763714,3.5412005058857865,2.76608192952782,3.2899226994555324,3.2899226994555324,3.55714985268534,3.9710936072142906,3.173409044487652,3.3839082918658603,3.3839082918658603,3.530891653650543,3.655597581633588,15
1765564200,3.538027621085392,3.5484748397124535,3.447157647978121,3.447157647978121,2.7601217091415915,3.274183255218485,3.274183255218485,3.55714985268534,3.9710936072142906,3.1859176245570415,3.3862860974322677,3.3862860974322677,3.530891653650543,3.651069205142944,10
1765809000,3.4700837851158206,3.4700837851158206,3.3321649484536087,3.3360807747784875,2.7601217091415915,3.274183255218485,3.274183255218485,3.55714985268534,3.9710936072142906,3.187170181253385,3.3804400707646307,3.3804400707646307,3.442862390084495,3.651069205142944,15
1765823400,3.3366316223459083,3.3709628120224147,3.314650731506285,3.33127825729552,2.741535108950632,3.2499734916694782,3.2499734916694782,3.4698936586888345,3.9710936072142906,3.1832316241440077,3.3724531137225253,3.3724531137225253,3.417200826624712,3.6015976957336373,-5
1765895400,3.3458379803305283,3.4276289484206313,3.2791497975708506,3.308119011598588,2.741535108950632,3.2499734916694782,3.2499734916694782,3.4698936586888345,3.9710936072142906,3.185148829152432,3.366779145363281,3.366779145363281,3.417200826624712,3.6015976957336373,15
1765909800,3.307785397337636,3.3821464393179537,3.2971116946071506,3.370295834171866,2.7341082180766243,3.2331207727131126,3.2331207727131126,3.4698936586888345,3.9710936072142906,3.189543400695786,3.364454725705052,3.364454725705052,3.417200826624712,3.5604877658665113,-20
1765981800,3.3704038577456297,3.3704038577456297,3.3176351692774126,3.3476797552269253,2.7341082180766243,3.2331207727131126,3.2331207727131126,3.4681673537721873,3.9710936072142906,3.189323858025522,3.3596201578344935,3.3596201578344935,3.417200826624712,3.5604877658665113,15
1765996200,3.3476132190942467,3.353909465020576,3.2938398357289524,3.2938398357289524,2.7026625741283423,3.202433754149979,3.202433754149979,3.4489805419946387,3.9710936072142906,3.1924226073637487,3.3549347665197997,3.3549347665197997,3.386222984611754,3.498609915420511,-5
1766068200,3.339043824701195,3.352650316455696,3.2749748743718596,3.29734693877551,2.7026625741283423,3.202433754149979,3.202433754149979,3.4464788480804565,3.9710936072142906,3.1923002448476714,3.34931443886992,3.34931443886992,3.364069907041585,3.498609915420511,15
1766082600,3.298102428075903,3.314605597964377,3.288220551378446,3.299082951229679,2.675062798353099,3.174558336614273,3.174558336614273,3.4036167378006494,3.9710936072142906,3.1862751767526425,3.341294422694531,3.341294422694531,3.3540488361246084,3.4673654179292592,-5
1766154600,3.2730368589743586,3.3281746031746033,3.257557436517533,3.324916675083325,2.675062798353099,3.174558336614273,3.174558336614273,3.4036167378006494,3.9710936072142906,3.188476921391567,3.3381306076615505,3.3381306076615505,3.3540488361246084,3.4673654179292592,15
1766169000,3.3225610987679257,3.3252963632710464,3.2802087515054192,3.2945301542777004,2.6484344708514738,3.1477677148157213,3.1477677148157213,3.4036167378006494,3.862476635685134,3.17978540157637,3.329086355358953,3.329086355358953,3.3540488361246084,3.4247466288526134,-20
1766413800,3.3117035875318566,3.3267693507506335,3.2618670886075947,3.2764363851384646,2.6484344708514738,3.1477677148157213,3.1477677148157213,3.4036167378006494,3.862476635685134,3.1688981883301284,3.318685246645518,3.318685246645518,3.3461402273642826,3.4247466288526134,15
1766428200,3.2775478020894937,3.2998208242086404,3.2775478020894937,3.278243512974052,2.6204589960944387,3.120259230662068,3.120259230662068,3.3787881355944136,3.862476635685134,3.157803495847154,3.308336434641912,3.308336434641912,3.3319253169217866,3.4247466288526134,-5
1766500200,3.265244515999195,3.2709547738693465,3.1724696356275306,3.1818364476592325,2.6204589960944387,3.120259230662068,3.120259230662068,3.3518368399666016,3.862476635685134,3.1382083439779187,3.2920082493460003,3.2920082493460003,3.252392173299489,3.4247466288526134,15
1766514600,3.181799919646444,3.181799919646444,3.1516187412024936,3.177938808373591,2.6000506294389534,3.095633756918021,3.095633756918021,3.259063102912234,3.862476635685134,3.115150645008791,3.273571547690829,3.273571547690829,3.2194734749325886,3.3768527410181544,-5
1766586600,3.178325919935301,3.2099959693671907,3.167687908496732,3.207802708712351,2.5819167496984097,3.0734943851103367,3.0734943851103367,3.259063102912234,3.862476635685134,3.1039349477405547,3.262472635543106,3.262472635543106,3.2194734749325886,3.314807504487672,-20
1766759400,3.1687112309003345,3.2028254288597378,3.1407030056036676,3.1827935222672066,2.5819167496984097,3.0734943851103367,3.0734943851103367,3.259063102912234,3.862476635685134,3.111967241302909,3.25940888941787,3.25940888941787,3.218593517925604,3.314807504487672,15
1766773800,3.1833265884257385,3.206361989128246,3.1690909090909094,3.200725513905683,2.5678642771223483,3.0540061403380765,3.0540061403380765,3.259063102912234,3.7052976185207793,3.1214843074754524,3.2577769091814166,3.2577769091814166,3.218593517925604,3.3044099697904294,-5
1767018600,3.1815434213177514,3.259377813344003,3.147415185783522,3.1529175050301808,2.5678642771223483,3.0540061403380765,3.0540061403380765,3.259063102912234,3.7052976185207793,3.102182818908315,3.24210185989958,3.24210185989958,3.211149086273977,3.3044099697904294,15
1767033000,3.153319919517102,3.17630408410837,3.145287030474841,3.145287030474841,2.547791695308505,3.0307291392251425,3.0307291392251425,3.2476648667006733,3.7052976185207793,3.0873663050379605,3.228939497479832,3.228939497479832,3.211149086273977,3.3044099697904294,10
1767105000,3.1209209209209203,3.141730731322689,3.0965150145626192,3.137583557817021,2.547791695308505,3.0307291392251425,3.0307291392251425,3.2114780305807007,3.7052976185207793,3.0665311387272585,3.2122303653854165,3.2122303653854165,3.179839248583743,3.3044099697904294,15
1767119400,3.1378691141260977,3.1415734824281154,3.1212364512244077,3.1212364512244077,2.5441472272141286,3.015978878407716,3.015978878407716,3.2077914768251055,3.7052976185207793,3.0485697317344247,3.1971978295032764,3.1971978295032764,3.1742918394128035,3.241817876387328,-20
1767191400,3.0979964292799047,3.1086870289567634,3.0702952400080337,3.096686746987952,2.5441472272141286,3.015978878407716,3.015978878407716,3.173813824555138,3.7052976185207793,3.0274614671841085,3.180119759184878,3.180119759184878,3.131523955642967,3.241817876387328,15
1767205800,3.0959839357429724,3.1060240963855423,3.059842836993754,3.059842836993754,2.533795704685908,2.997103775091888,2.997103775091888,3.169797639397732,3.7052976185207793,3.0019271591707044,3.1600771457050554,3.1600771457050554,3.116507836447859,3.2066551826738965,-20
1767364200,3.0668518151160487,3.1171981999608684,2.9874351814918225,3.0746879875195003,2.533795704685908,2.997103775091888,2.997103775091888,3.169797639397732,3.7052976185207793,2.9767103367353944,3.1400347367118586,3.1400347367118586,3.116507836447859,3.2066551826738965,15
1767378600,3.0745075092646768,3.0920641125879595,3.067046235398056,3.086145996860283,2.536102311721028,2.9857177910990833,2.9857177910990833,3.1574462467196756,3.6294906709130066,2.9570521998094255,3.123744685615198,3.123744685615198,3.116507836447859,3.2066551826738965,15
1767623400,3.1013115377304694,3.150695227358136,3.025852379168228,3.025852379168228,2.536102311721028,2.9857177910990833,2.9857177910990833,3.1574462467196756,3.6294906709130066,2.929274002753448,3.101843417544985,3.101843417544985,3.116507836447859,3.2066551826738965,15
1767637800,3.0254777070063694,3.0911123532699833,3.0226974301256795,3.080246913580247,2.5306391832474424,2.9712459545564065,2.9712459545564065,3.1574462467196756,3.6294906709130066,2.908375322449697,3.0845580235840213,3.0845580235840213,3.116507836447859,3.2066551826738965,10
1767709800,3.115521105715353,3.1204481792717087,2.980444785276074,2.980444785276074,2.5306391832474424,2.9712459545564065,2.9712459545564065,3.1574462467196756,3.6294906709130066,2.879562239251628,3.061836710728489,3.061836710728489,3.0657722970704433,3.2066551826738965,15
1767724200,2.9808245445829336,3.0374809741248097,2.960415065334358,3.013539282990084,2.5209249611135274,2.953600986414509,2.953600986414509,3.1122343602188973,3.6294906709130066,2.852789238568509,3.0402069004843963,3.0402069004843963,3.0657722970704433,3.2066551826738965,10
1767796200,3.1535197685631626,3.2571319165230714,3.071317829457364,3.120696324951644,2.5209249611135274,2.953600986414509,2.953600986414509,3.1122343602188973,3.6294906709130066,2.838751852421635,3.0278815990385084,3.0278815990385084,3.0657722970704433,3.2066551826738965,15
1767810600,3.1212765957446806,3.1481696687972107,3.1114133074307917,3.1328806983511157,2.534516954686856,2.9513953548986245,2.9513953548986245,3.1122343602188973,3.6294906709130066,2.8227022450285886,3.0137475304123083,3.0137475304123083,3.0657722970704433,3.2066551826738965,15
1767882600,3.125197005516154,3.2908950617283947,3.0893987341772147,3.2756453640143093,2.534516954686856,2.9513953548986245,2.9513953548986245,3.1122343602188973,3.6294906709130066,2.82978284910043,3.0185125445352576,3.207242239970085,3.148280517660531,3.2066551826738965,15
1767897000,3.2754519965193847,3.2917994784120546,3.2186282151208108,3.238113720163012,2.557819001351625,2.957575221293573,2.957575221293573,3.128265745936884,3.6294906709130066,2.8340564613164423,3.0206893830926247,3.207322304868807,3.175145191968528,3.2066551826738965,20
1767969000,3.246738072054528,3.246738072054528,3.0550206327372766,3.092520451889365,2.557819001351625,2.957575221293573,2.957575221293573,3.128265745936884,3.6294906709130066,2.8245184570266493,3.0114825624601202,3.0114825624601202,3.175145191968528,3.2066551826738965,15
1767983400,3.0927152317880795,3.100659425911559,3.0674882629107985,3.0748631743549653,2.5602561468237233,2.9493274437073485,2.9493274437073485,3.128265745936884,3.6294906709130066,2.815193339660433,3.0022837861181824,3.0022837861181824,3.1583019672710755,3.2066551826738965,15
1768228200,3.0539800508507726,3.092992171090319,3.028979831603681,3.0851716861691925,2.5602561468237233,2.9493274437073485,2.9493274437073485,3.128265745936884,3.6294906709130066,2.8118828353898744,2.9970042573881757,2.9970042573881757,3.1533882913167135,3.2066551826738965,15
1768242600,3.0852757793764987,3.1383141762452103,3.0806606491261763,3.12842267643656,2.5711767612831404,2.9472755357188767,2.9472755357188767,3.128265745936884,3.6294906709130066,2.8143858290915458,2.996209739642385,2.996209739642385,3.1533882913167135,3.2066551826738965,15
1768314600,3.1388623783164724,3.198267746187159,3.078234223882026,3.198267746187159,2.5711767612831404,2.9472755357188767,2.9472755357188767,3.128265745936884,3.6294906709130066,2.822639408213424,3.0007503880976305,3.178861367981837,3.1533882913167135,3.2066551826738965,15
1768329000,3.1980421686746987,3.238166231830041,3.1859324910428057,3.2329227323628222,2.5827780757789194,2.949140225047012,2.949140225047012,3.128265745936884,3.6294906709130066,2.8351453736871632,3.0089083750946113,3.1826713765020593,3.1533882913167135,3.2066551826738965,20
1768401000,3.288426096572061,3.450653120464441,3.2312602589823087,3.2523143946269735,2.5827780757789194,2.949140225047012,2.949140225047012,3.1338320225529865,3.6294906709130066,2.8492779020676764,3.0187655375497338,3.188253173031791,3.1996816052220836,3.2066551826738965,15
1768415400,3.251905626134301,3.252094028640908,3.2235746316463807,3.232683982683983,2.6078224588072114,2.9581965051984325,2.9581965051984325,3.1338320225529865,3.6294906709130066,2.8661502635010554,3.029490442431701,3.1928306213623467,3.1996816052220836,3.2066551826738965,20
1768487400,3.262156255691131,3.262156255691131,3.14359637774903,3.2139321723189735,2.6078224588072114,2.9581965051984325,2.9581965051984325,3.1338320225529865,3.6294906709130066,2.882086164648582,3.0391845787773235,3.196282992906065,3.1996816052220836,3.2066551826738965,15
1768501800,3.2146131279794643,3.2366918401178855,3.164814814814815,3.164814814814815,2.635318455554757,2.966272682060511,2.966272682060511,3.1338320225529865,3.6294906709130066,2.9000423119363803,3.048045377028253,3.048045377028253,3.1996816052220836,3.2066551826738965,20
1768573800,3.1668508287292823,3.2240640715216986,3.1225782414307006,3.1824411928134837,2.635318455554757,2.966272682060511,2.966272682060511,3.1338320225529865,3.6294906709130066,2.9177405179148854,3.057622342002723,3.1975041660905603,3.1996816052220836,3.2066551826738965,15
1768588200,3.1837377292091125,3.2140012964163347,3.175813953488372,3.203688335638543,2.667187346786285,2.9779900530043975,2.9779900530043975,3.1338320225529865,3.6294906709130066,2.9381396986077384,3.0693761160542365,3.2006125335007347,3.1996816052220836,3.2066551826738965,20
1768919400,3.204695382227396,3.204695382227396,3.1226656182425794,3.1693246702106714,2.667187346786285,2.9779900530043975,2.9779900530043975,3.1338320225529865,3.6294906709130066,2.9529188569865976,3.077301927888008,3.077301927888008,3.1996816052220836,3.2066551826738965,15
1768933800,3.1690944881889767,3.2043666404405977,3.151258016773557,3.1567855032499508,2.701270517707388,2.989099162730655,2.989099162730655,3.1338320225529865,3.6294906709130066,2.9629549273369467,3.0826376799591797,3.0826376799591797,3.1996816052220836,3.2066551826738965,20
1769005800,3.177107959022853,3.1975068172964547,3.1582995951417008,3.189926758302398,2.701270517707388,2.989099162730655,2.989099162730655,3.1338320225529865,3.6294906709130066,2.9827850898867267,3.0938262831786547,3.2048674764705827,3.1996816052220836,3.2066551826738965,15
1769020200,3.189807383627608,3.2331252438548574,3.1772914366027507,3.207004500097828,2.7279877686710683,2.9993087913662406,2.9993087913662406,3.1338320225529865,3.6294906709130066,3.008164431790682,3.107977727858098,3.2077910239255134,3.1996816052220836,3.2066551826738965,20
1769092200,3.2276983735830456,3.2383949645948067,3.1794641967931483,3.210219986189208,2.7565779756323163,3.010780107764629,3.010780107764629,3.1338320225529865,3.586937048052861,3.0263416606470006,3.1194034748019526,3.2124652889569045,3.1996816052220836,3.2066551826738965,20