time,open,high,low,close,S3 Early,S3 Confirmed,S1 Early,S1 Confirmed
1661794200,24.592,24.999,24.551,24.552,0,0,0,0
1661866200,24.896,24.896,23.61,23.6125,0,0,0,0
1661880600,23.719,24.162,23.662,24.047,0,0,0,0
1661952600,24.795,25.125,23.894,23.902,0,0,0,0
1661967000,23.893,23.893,22.324,23.138,0,0,0,0
1662039000,22.206,22.772,21.358,21.833,0,0,0,0
1662053400,21.881,22.189,21.718,22.099,0,0,0,0
1662125400,22.503,22.732,21.609,21.789,0,0,0,0
1662139800,21.7695,22.004,21.612,21.76,0,0,0,0
1662471000,21.82,21.889,20.637,20.689,0,0,0,0
1662485400,20.638,20.924,20.29,20.427,0,0,0,0
1662557400,20.432,21.331,20.432,21.064,0,0,0,0
1662571800,21.05,22.056,21.05,21.856,0,0,0,0
1662643800,21.369,22.974,21.242,22.727,0,0,0,0
1662658200,22.854,23.45,22.688,23.439,0,0,0,0
1662730200,24.824,26.031,24.581,25.929,0,0,0,0
1662744600,25.9135,26.211,25.375,26.177,0,0,0,0
1662989400,26.321,26.751,25.013,25.863,0,0,0,0
1663003800,25.768,26.299,25.612,26.286,0,0,0,0
1663075800,24.1555,24.6345,23.525,23.739,0,0,0,0
1663090200,23.656,23.731,23.006,23.042,0,0,0,0
1663162200,22.659,22.932,22.135,22.819,0,0,0,0
1663176600,22.783,22.783,22.236,22.607,0,0,0,0
1663248600,22.183,23.67,21.669,22.95,0,0,0,0
1663263000,22.934,22.957,21.612,21.687,0,0,0,0
1663335000,21.207,21.374,20.363,20.367,0,0,0,0
1663349400,20.469,20.86,20.365,20.643,0,0,0,0
1663594200,19.907,20.564,19.729,20.103,0,0,0,0
1663608600,19.974,20.67,19.974,20.605,0,0,0,0
1663680600,19.9,20.105,19.452,19.559,0,0,0,0
1663695000,19.53,19.954,19.385,19.586,0,0,0,0
1663767000,19.717,20.45,19.705,20.1195,0,0,0,0
1663781400,20.383,20.81,19.478,19.648,0,0,0,0
1663853400,19.398,19.404,18.634,18.675,0,0,0,0
1663867800,18.806,19.5,18.68,19.363,0,0,0,0
1663939800,18.8355,19.049,18.355,18.778,0,0,0,0
1663954200,18.708,19.192,18.624,19.148,0,0,0,0
1664199000,19.4025,20.541,19.4025,19.701,0,0,0,0
1664213400,19.73,20.375,19.656,20.025,0,0,0,0
1664285400,21.284,21.941,20.125,20.371,0,0,0,0
1664299800,20.344,20.892,20.209,20.581,0,0,0,0
1664371800,20.905,21.742,20.8,21.51,0,0,0,0
1664386200,21.341,22.158,21.338,22.153,0,0,0,0
1664458200,21.4,21.594,20.558,21.29,0,0,0,0
1664472600,21.197,21.312,20.663,21.28,0,0,0,0
1664544600,20.998,22.575,20.847,22.092,0,0,0,0
1664559000,21.864,21.908,21.221,21.244,0,0,0,0
1664803800,21.6,22.204,21.243,22.167,0,0,0,0
1664818200,22.272,22.84,22.122,22.408,0,0,0,0
1664890200,23.6,24.623,23.52,23.759,0,0,0,0
1664904600,23.774,24.901,23.774,24.896,0,0,0,0
1664976600,24.24,24.319,23.263,24.319,0,0,0,0
1664991000,24.03,24.566,23.83,24.207,0,0,0,0
1665063000,24.375,24.9,23.652,24.348,0,0,0,0
1665077400,24.26,24.391,23.966,24.165,0,0,0,0
1665149400,23.164,23.593,21.778,22.065,0,0,0,0
1665163800,22.039,22.197,21.866,22.06,0,0,0,0
1665408600,22.003,23.191,21.557,21.746,0,0,0,0
1665423000,21.851,22.253,21.794,22.138,0,0,0,0
1665495000,22.2,22.592,21.269,22.411,0,0,0,0
1665509400,22.178,22.178,21.372,21.648,0,0,0,0
1665581400,20.851,21.452,20.552,21.419,0,0,0,0
1665595800,21.385,21.868,21.361,21.835,0,0,0,0
1665667800,20.165,22.2,19.83,22.2,0,0,0,0
1665682200,22.2,22.285,21.807,22.036,0,0,0,0
1665754200,22.648,22.75,21.028,21.154,0,0,0,0
1665768600,21.21,21.21,20.77,21.011,0,0,0,0
1666013400,22.1,22.576,22.046,22.246,0,0,0,0
1666027800,22.16,22.229,22.09,22.122,0,0,0,0
1666099800,23.097,23.373,22.015,22.976,0,0,0,0
1666114200,22.926,23.476,22.706,23.475,0,0,0,0
1666186200,23.01,23.431,22.465,22.576,0,0,0,0
1666200600,22.563,22.712,22.425,22.635,0,0,0,0
1666272600,22.506,23.341,22.492,22.492,0,0,0,0
1666287000,22.312,22.312,22.018,22.07,0,0,0,0
1666359000,21.914,22.904,21.649,22.904,0,0,0,0
1666373400,22.985,23.435,22.878,23.272,0,0,0,0
1666618200,23.396,24.334,22.697,23.733,0,0,0,0
1666632600,23.644,23.9,23.552,23.749,0,0,0,0
1666704600,23.95,26.141,23.95,26.009,0,0,0,0
1666719000,25.984,27,25.943,26.897,0,0,0,0
1666791000,26.955,29,26.888,27.529,0,0,0,0
1666805400,27.433,27.703,27.254,27.254,0,0,0,0
1666877400,27.673,27.849,26.658,27.433,0,0,0,0
1666891800,27.279,27.364,27.085,27.085,0,0,0,0
1666963800,26.8,27.851,26.458,27.813,0,0,0,0
1666978200,27.77,28.064,27.456,28.006,0,0,0,0
1667223000,27.935,28.349,26.059,27.031,0,0,0,0
1667237400,26.882,27.049,26.588,26.738,0,0,0,0
1667309400,27.506,27.523,26.224,26.305,0,0,0,0
1667323800,26.206,26.402,25.8,25.848,0,0,0,0
1667395800,25.749,26.5,25.546,26.2,0,0,0,0
1667410200,26.3435,27.812,24.626,24.879,0,0,0,0
1667482200,24.2,26.0675,24.172,24.914,0,0,0,0
1667496600,24.908,25.13,24.544,24.847,0,0,0,0
1667568600,26.343,27.283,25.189,25.606,0,0,0,0
1667583000,25.804,27.728,25.804,27.728,0,0,0,0
1667831400,27.074,27.074,26.001,26.083,0,0,0,0
1667845800,26.242,26.8,26.242,26.625,0,0,0,0
1667917800,23.925,26.664,21.593,21.701,0,0,0,0
1667932200,21.529,22,19.351,21.22,0,0,0,0
1668004200,19.5,20.88,17.8,17.919,0,0,0,0
1668018600,17.873,18.199,16.9,17.071,0,0,0,0
1668090600,18.794,19.799,17.602,17.602,0,0,0,0
1668105000,17.651,17.953,17.366,17.566,0,0,0,0
1668177000,16.321,17.76,15.53,17.547,0,0,0,0
1668191400,17.617,17.81,17.1125,17.502,0,0,0,0
1668436200,17.115,17.792,16.435,16.957,0,0,0,0
1668450600,16.99,17.002,16.561,16.561,0,0,0,0
1668522600,17.465,17.728,16.782,16.812,0,0,0,0
1668537000,16.76,17.272,16.538,17.189,0,0,0,0
1668609000,16.32,16.756,16.025,16.678,0,0,0,0
1668623400,16.525,17.029,16.513,16.957,0,0,0,0
1668695400,16.369,17.5,16.236,17.482,0,0,0,0
1668709800,17.353,17.443,16.854,17.443,0,0,0,0
1668781800,17.6505,17.6505,16.229,16.817,0,0,0,0
1668796200,16.796,17.08,16.634,17.04,0,0,0,0
1669041000,16.946,16.946,15.341,15.402,0,0,0,0
1669055400,15.39,15.856,15.239,15.745,0,0,0,0
1669127400,15.977,16.798,15.725,16.652,0,0,0,0
1669141800,16.462,16.779,16.346,16.7,0,0,0,0
1669213800,16.835,17.438,16.621,16.621,0,0,0,0
1669228200,16.914,17.663,16.896,17.624,0,0,0,0
1669386600,17.4665,18.278,17.4665,18.254,0,0,0,0
1669645800,17.998,18.124,17.012,17.398,0,0,0,0
1669660200,17.309,17.696,17.233,17.667,0,0,0,0
1669732200,18.017,18.251,17.616,17.616,0,0,0,0
1669746600,17.6,18.215,17.6,18.215,0,0,0,0
1669818600,18.8,18.8,18.103,18.273,0,0,0,0
1669833000,18.24,19.832,18.24,19.81,0,0,0,0
1669905000,19.788,20.618,19.699,19.832,0,0,0,0
1669919400,19.808,19.91,19.706,19.883,0,0,0,0
1669991400,19.704,20.636,19.5805,20.252,0,0,0,0
1670005800,20.273,21.098,20.239,20.68,0,0,0,0
1670250600,20.9,20.9,18.95,19.15,0,0,0,0
1670265000,19.131,19.624,18.74,19.544,0,0,0,0
1670337000,19.643,19.643,18.892,19.134,0,0,0,0
1670351400,19.031,19.589,18.886,19.568,0,0,0,0
1670423400,19.233,19.869,19.102,19.365,0,0,0,0
1670437800,19.336,19.525,19.211,19.33,0,0,0,0
1670509800,19.351,19.953,19.029,19.869,0,0,0,0
1670524200,19.968,20.322,19.968,20.21,0,0,0,0
1670596200,20.139,20.221,19.666,19.666,0,0,0,0
1670610600,19.8,20.327,19.685,20.3,0,0,0,0
1670855400,19.95,19.95,19.511,19.511,0,0,0,0
1670869800,19.601,19.835,19.507,19.629,0,0,0,0
1670941800,20.645,21.183,19.56,20.058,0,0,0,0
1670956200,19.954,20.226,19.8,20.186,0,0,0,0
1671028200,20.268,21.148,20.258,21.049,0,0,0,0
1671042600,21.131,21.359,20.219,20.275,0,0,0,0
1671114600,19.876,19.899,18.611,18.88,0,0,0,0
1671129000,18.836,19.139,18.721,18.797,0,0,0,0
1671201000,18.416,18.626,17.288,17.472,0,0,0,0
1671215400,17.485,17.673,17.2435,17.38,0,0,0,0
1671460200,17.213,17.817,16.859,17.102,0,0,0,0
1671474600,17.072,17.168,16.86,17.014,0,0,0,0
1671546600,17.336,17.536,16.83,17.142,0,0,0,0
1671561000,17.17,17.214,16.895,16.895,0,0,0,0
1671633000,16.853,17.15,16.664,16.818,0,0,0,0
1671647400,16.803,16.949,16.803,16.89,0,0,0,0
1671719400,16.726,16.726,16.092,16.2,0,0,0,0
1671733800,16.167,16.741,16.167,16.634,0,0,0,0
1671805800,16.357,16.583,16.054,16.349,0,0,0,0
1671820200,16.309,16.357,16.191,16.279,0,0,0,0
1672151400,16,16.006,14.82,14.841,0,0,0,0
1672165800,14.849,14.945,14.574,14.781,0,0,0,0
1672237800,14.701,15.106,14.058,14.101,0,0,0,0
1672252200,14.106,14.168,13.79,13.822,0,0,0,0
1672324200,13.916,14.286,13.384,13.65,0,0,0,0
1672338600,13.63,13.89,13.49,13.658,0,0,0,0
1672410600,13.443,14.031,13.263,13.646,0,0,0,0
1672425000,13.669,14.209,13.669,14.136,0,0,0,0
1672756200,14.569,14.678,13.958,14.125,0,0,0,0
1672770600,14.126,14.555,14.007,14.4925,0,0,0,0
1672842600,14.65,16.358,14.602,16.128,0,0,0,0
1672857000,16.175,16.563,15.878,16.494,0,0,0,0
1672929000,16.033,16.054,14.98,15.788,0,0,0,0
1672943400,15.811,15.857,15.4965,15.678,0,0,0,0
1673015400,15.274,15.648,14.733,15.648,0,0,0,0
1673029800,15.686,16.189,15.639,16.042,0,0,0,0
1673274600,17.001,18.192,16.54,18.135,0,0,0,0
1673289000,18.038,18.075,17.282,17.5,0,0,0,0
1673361000,17.789,18.572,17.065,18.5,0,0,0,0
1673375400,18.4905,19.097,18.415,18.998,0,0,0,0
1673447400,18.9,19.62,18.411,19.166,0,0,0,0
1673461800,19.181,19.65,18.828,19.458,0,0,0,0
1673533800,20.365,20.658,18.976,20.212,0,0,0,0
1673548200,20.123,21.337,20.071,21.019,0,0,0,0
1673620200,20.612,22.198,20.301,21.181,0,0,0,0
1673634600,21.351,22.028,21.324,21.664,0,0,0,0
1673965800,23.236,23.378,22.301,23.331,0,0,0,0
1673980200,23.3,23.95,23.28,23.579,0,0,0,0
1674052200,23.712,24.1975,20.935,22.153,0,0,0,0
1674066600,22.128,22.294,21.948,22.114,0,0,0,0
1674138600,21.45,22.768,21.449,21.878,0,0,0,0
1674153000,21.928,22.743,21.928,22.165,0,0,0,0
1674225000,22.398,23.279,21.913,22.958,0,0,0,0
1674239400,22.978,24.183,22.978,24.003,0,0,0,0
1674484200,24.095,24.954,23.625,24.838,0,0,0,0
1674498600,24.833,25.043,24.202,25.005,0,0,0,0
1674570600,24.721,25.099,24.187,24.693,0,0,0,0
1674585000,24.654,24.999,24.5,24.746,0,0,0,0
1674657000,23.852,24.04,23.196,23.977,0,0,0,0
1674671400,23.96,24.733,23.871,24.596,0,0,0,0
1674743400,25.303,25.475,23.7,24.156,0,0,0,0
1674757800,24.146,24.572,24.055,24.509,0,0,0,0
1674829800,24.19,25.138,24.173,24.985,0,0,0,0
1674844200,25.044,26.21,25.044,25.855,0,0,0,0
1675089000,25.444,25.871,24.36,24.886,0,0,0,0
1675103400,24.943,24.943,23.915,24.525,0,0,0,0
1675175400,24.898,25.774,24.898,25.298,0,0,0,0
1675189800,25.311,25.562,24.962,25.211,0,0,0,0
1675261800,25.1,25.226,24.454,24.794,0,0,0,0
1675276200,24.816,27.358,24.495,26.835,0,0,0,0
1675348200,27.921,30.22,27.486,29.888,0,0,0,0
1675362600,29.875,30.166,28.585,29.196,0,0,0,0
1675434600,27.927,30.34,27.905,28.772,0,0,0,0
1675449000,28.7,29.005,28.233,28.508,0,0,0,0
1675693800,27.426,28.471,27.154,27.985,0,0,0,0
1675708200,27.966,28.643,27.726,28.212,0,0,0,0
1675780200,27.975,28.733,27.22,27.567,0,0,0,0
1675794600,27.468,28.492,27.081,28.36,0,0,0,0
1675866600,28.243,28.987,27.166,27.715,0,0,0,0
1675881000,27.56,27.8,27.363,27.618,0,0,0,0
1675953000,27.601,27.736,25.651,25.944,0,0,0,0
1675967400,25.989,26.1,24.557,24.925,0,0,0,0
1676039400,24.7415,25.259,24.1,24.513,0,0,0,0
1676053800,24.386,24.506,24.181,24.357,0,0,0,0
1676298600,23.701,24.874,23.701,24.831,0,0,0,0
1676313000,24.811,25.08,24.708,24.917,0,0,0,0
1676385000,25.102,26.917,24.48,26.678,0,0,0,0
1676399400,26.734,27.679,26.419,27.084,0,0,0,0
1676471400,27.563,28.35,27.26,28.066,0,0,0,0
1676485800,28.05,29.95,27.934,29.854,0,0,0,0
1676557800,29.626,31.5,28.719,29.336,0,0,0,0
1676572200,29.34,29.9,28.3,28.396,0,0,0,0
1676644200,28.055,28.72,27.412,28.425,0,0,0,0
1676658600,28.354,29.741,28.288,29.434,0,0,0,0
1676989800,28.624,28.949,26.885,27.243,0,0,0,0
1677004200,27.23,27.38,26.767,26.968,0,0,0,0
1677076200,26.501,27.397,26.244,26.666,0,0,0,0
1677090600,26.687,27.004,26.532,26.795,0,0,0,0
1677162600,27.095,27.538,26.209,26.544,0,0,0,0
1677177000,26.456,27.047,26.433,26.615,0,0,0,0
1677249000,25.907,26.169,24.901,25.3255,0,0,0,0
1677263400,25.299,25.701,25.251,25.588,0,0,0,0
1677508200,26.214,26.936,25.856,25.907,0,0,0,0
1677522600,25.901,26.017,25.603,25.956,0,0,0,0
1677594600,25.979,26.829,25.857,26.632,0,0,0,0
1677609000,26.7,26.967,26.005,26.2,0,0,0,0
1677681000,26.471,26.748,25.451,25.722,0,0,0,0
1677695400,25.63,25.927,25.393,25.83,0,0,0,0
1677767400,24.97,25.208,24.206,24.351,0,0,0,0
1677781800,24.34,25.379,24.3,25.255,0,0,0,0
1677853800,24.02,25.213,23.701,24.897,0,0,0,0
1677868200,24.789,25.001,24.538,24.691,0,0,0,0
1678113000,24.935,25.199,24.1,24.411,0,0,0,0
1678127400,24.237,24.345,23.736,23.761,0,0,0,0
1678199400,23.598,24.099,23.08,23.831,0,0,0,0
1678213800,23.857,23.857,23.11,23.147,0,0,0,0
1678285800,23.04,23.432,22.7,22.8,0,0,0,0
1678300200,22.758,23.332,22.747,23.309,0,0,0,0
1678372200,22.841,23.167,21.9835,21.9835,0,0,0,0
1678386600,21.971,22.103,21.052,21.097,0,0,0,0
1678458600,20.684,20.685,18.838,18.883,0,0,0,0
1678473000,18.914,19.527,18.865,19.185,0,0,0,0
1678714200,20.281,22.957,19.72,21.899,0,0,0,0
1678728600,21.943,22.8,21.749,22.362,0,0,0,0
1678800600,24.181,24.424,23.11,23.572,0,0,0,0
1678815000,23.516,23.598,22.232,22.95,0,0,0,0
1678887000,23,23.472,21.654,22.05,0,0,0,0
1678901400,21.873,22.851,21.701,22.732,0,0,0,0
1678973400,22.748,23.8,22.325,23.733,0,0,0,0
1678987800,23.764,24.482,23.608,24.079,0,0,0,0
1679059800,25.617,26.879,24.906,26.79,0,0,0,0
1679074200,26.786,27.398,26.665,26.771,0,0,0,0
1679319000,28.183,28.183,26.121,26.121,0,0,0,0
1679333400,26.117,26.5,25.848,26.378,0,0,0,0
1679405400,26.92,27.661,26.1,27.547,0,0,0,0
1679419800,27.592,27.881,27.128,27.313,0,0,0,0
1679491800,27.522,27.749,26.746,26.751,0,0,0,0
1679506200,26.795,27.206,24.63,24.63,0,0,0,0
1679578200,24.902,27.087,24.9,26.5,0,0,0,0
1679592600,26.538,26.702,25.301,26.315,0,0,0,0
1679664600,25.914,26.328,24.779,25.291,0,0,0,0
1679679000,25.398,25.993,25.19,25.69,0,0,0,0
1679923800,25.986,26.005,23.118,23.699,0,0,0,0
1679938200,23.69,24.394,23.671,23.893,0,0,0,0
1680010200,23.908,24.034,23.34,23.918,0,0,0,0
1680024600,23.905,24.767,23.905,24.756,0,0,0,0
1680096600,25.587,27.47,25.587,27.263,0,0,0,0
1680111000,27.3135,28.542,27.204,28.4,0,0,0,0
1680183000,28.696,28.818,27.463,28.109,0,0,0,0
1680197400,27.793,28.011,27.6,27.909,0,0,0,0
1680269400,28.185,29.443,28.041,28.791,0,0,0,0
1680283800,28.788,29.528,28.548,29.224,0,0,0,0
1680528600,28.9525,30.075,28.82,29.029,0,0,0,0
1680543000,29.045,29.862,28.971,29.743,0,0,0,0
1680615000,29.835,30.08,28.575,29.615,0,0,0,0
1680629400,29.615,30.12,29.494,29.893,0,0,0,0
1680701400,30.2435,30.707,28.338,28.567,0,0,0,0
1680715800,28.719,29.354,28.65,29.107,0,0,0,0
1680787800,28.623,29.525,27.837,29.4,0,0,0,0
1680802200,29.389,29.52,29.012,29.023,0,0,0,0
1681133400,28.782,30.348,28.501,30.029,0,0,0,0
1681147800,30.068,31.289,30.0235,31.289,0,0,0,0
1681219800,32.142,33.777,31.815,33.624,0,0,0,0
1681234200,33.631,33.787,32.922,33.235,0,0,0,0
1681306200,33.649,33.649,31.855,32.993,0,0,0,0
1681320600,32.982,32.99,32.08,32.25,0,0,0,0
1681392600,33.078,34.414,32.7,34.218,0,0,0,0
1681407000,34.2,34.488,33.9,34.09,0,0,0,0
1681479000,34.3,34.763,32.459,32.984,0,0,0,0
1681493400,32.982,33.631,32.9,33.387,0,0,0,0
1681738200,32.182,32.219,31.279,31.686,0,0,0,0
1681752600,31.669,31.684,31.23,31.303,0,0,0,0
1681824600,32.553,33.4,32.326,32.851,0,0,0,0
1681839000,32.838,33.082,32.549,32.992,0,0,0,0
1681911000,31.8375,32.178,31.3,31.9,0,0,0,0
1681925400,31.908,32.04,31.448,31.482,0,0,0,0
1681997400,30.952,31.2,29.844,30.064,0,0,0,0
1682011800,30.072,30.072,29.211,29.452,0,0,0,0
1682083800,29.695,30.029,29.143,29.197,0,0,0,0
1682098200,29.221,29.56,28.774,29.102,0,0,0,0
1682343000,29.127,29.75,28.3,28.857,0,0,0,0
1682357400,28.783,28.955,28.427,28.514,0,0,0,0
1682429400,28.25,28.645,28.079,28.543,0,0,0,0
1682443800,28.516,29.64,28.5,29.077,0,0,0,0
1682515800,30.8985,32.15,30.719,31.636,0,0,0,0
1682530200,31.649,31.677,29.678,29.928,0,0,0,0
1682602200,30.675,31.335,29.619,31.335,0,0,0,0
1682616600,31.296,31.888,31.149,31.851,0,0,0,0
1682688600,31.349,32.778,30.898,32.469,0,0,0,0
1682703000,32.5,32.88,32.4,32.826,0,0,0,0
1682947800,32,32.3,30.466,31.102,0,0,0,0
1682962200,31.17,31.2,30.432,30.768,0,0,0,0
1683034200,31.1,33.288,30.512,31.932,0,0,0,0
1683048600,31.967,33,31.846,32.82,0,0,0,0
1683120600,31.898,32.186,30.724,31.096,0,0,0,0
1683135000,31.054,31.367,30.2,30.467,0,0,0,0
1683207000,31.073,32.119,31,31.297,0,0,0,0
1683221400,31.344,31.369,30.751,31.216,0,0,0,0
1683293400,31.469,32.831,31.2,32.597,0,0,0,0
1683307800,32.56,32.862,32.176,32.72,0,0,0,0
1683552600,31.149,31.205,29.83,30.32,0,0,0,0
1683567000,30.301,30.421,29.401,29.468,0,0,0,0
1683639000,29.799,31,28.937,30.688,0,0,0,0
1683653400,30.715,30.782,30.1885,30.343,0,0,0,0
1683725400,31.389,32.569,30.5,30.888,0,0,0,0
1683739800,30.855,31.75,30.78,31.494,0,0,0,0
1683811800,31.08,31.08,28.637,28.703,0,0,0,0
1683826200,28.7,28.947,28.475,28.74,0,0,0,0
1683898200,28.3515,28.65,27.46,27.756,0,0,0,0
1683912600,27.7,27.782,26.665,27.091,0,0,0,0
1684157400,27.9825,28.682,27.581,28.4,0,0,0,0
1684171800,28.382,28.531,28.234,28.262,0,0,0,0
1684243800,27.734,28.256,27.247,27.265,0,0,0,0
1684258200,27.274,27.615,27.274,27.339,0,0,0,0
1684330200,27.066,28.316,26.944,28.24,0,0,0,0
1684344600,28.213,29.11,28.2,29.058,0,0,0,0
1684416600,28.883,29.728,28.541,28.58,0,0,0,0
1684431000,28.555,28.795,28.005,28.795,0,0,0,0
1684503000,29.084,29.169,28.262,28.6,0,0,0,0
1684517400,28.64,28.842,28.487,28.827,0,0,0,0
1684762200,28.805,29.711,28.6,29.437,0,0,0,0
1684776600,29.444,29.69,29.243,29.439,0,0,0,0
1684848600,29.83,30.128,29.123,29.162,0,0,0,0
1684863000,29.125,29.312,28.825,28.921,0,0,0,0
1684935000,28.217,28.628,27.668,28.062,0,0,0,0
1684949400,28.039,28.684,28.02,28.484,0,0,0,0
1685021400,28.747,28.843,27.3,27.553,0,0,0,0
1685035800,27.575,28.133,27.488,28.086,0,0,0,0
1685107800,28.208,29.489,27.975,29.169,0,0,0,0
1685122200,29.158,29.165,28.4815,28.548,0,0,0,0
1685453400,30,31.367,29.729,29.844,0,0,0,0
1685467800,29.824,30.166,29.699,29.911,0,0,0,0
1685539800,29.344,29.749,28.918,29.449,0,0,0,0
1685554200,29.418,30.292,29.369,30.142,0,0,0,0
1685626200,29.886,30.571,29.555,30.442,0,0,0,0
1685640600,30.407,30.731,29.99,30.003,0,0,0,0
1685712600,30.531,30.574,29.063,30.002,0,0,0,0
1685727000,30.05,30.268,29.87,30.188,0,0,0,0
1685971800,29.435,29.667,27.137,27.193,0,0,0,0
1685986200,27.2,27.781,27.12,27.654,0,0,0,0
1686058200,27,30.23,26.65,30.207,0,0,0,0
1686072600,30.229,30.455,29.75,29.874,0,0,0,0
1686144600,29.815,30.234,28.775,29.018,0,0,0,0
1686159000,28.933,29.385,28.92,29.058,0,0,0,0
1686231000,28.969,29.741,28.359,28.94,0,0,0,0
1686245400,28.972,29.277,28.7,29.162,0,0,0,0
1686317400,29.499,29.556,28.1,28.175,0,0,0,0
1686331800,28.152,28.517,28.0555,28.251,0,0,0,0
1686576600,27.972,28.166,27.456,27.871,0,0,0,0
1686591000,27.86,28.106,27.76,27.77,0,0,0,0
1686663000,28.507,28.507,27.484,28,0,0,0,0
1686677400,28.023,28.42,27.938,28.401,0,0,0,0
1686749400,28.4,28.603,28,28.169,0,0,0,0
1686763800,28.156,28.41,27.678,28.29,0,0,0,0
1686835800,27.363,27.619,26.594,27.595,0,0,0,0
1686850200,27.611,28.153,27.593,27.762,0,0,0,0
1686922200,28.446,29.5,28.075,29.136,0,0,0,0
1686936600,29.183,29.8,29.1,29.326,0,0,0,0
1687267800,30,31.2,29,30.949,0,0,0,0
1687282200,30.948,31.509,30.83,31.293,0,0,0,0
1687354200,32.2995,33.8,32.043,32.976,0,0,0,0
1687368600,32.949,33.422,32.949,33.146,0,0,0,0
1687440600,33.288,33.738,31.313,32.692,0,0,0,0
1687455000,32.711,33.144,32.502,32.7145,0,0,0,0
1687527000,32.6,33.701,31.744,32.886,0,0,0,0
1687541400,32.914,33.435,32.693,32.882,0,0,0,0
1687786200,32.369,32.843,30.11,30.4,0,0,0,0
1687800600,30.386,31.019,30.25,30.573,0,0,0,0
1687872600,31.235,32.16,31.199,32.121,0,0,0,0
1687887000,32.137,32.796,32.035,32.488,0,0,0,0
1687959000,32,33.285,31.852,32.6,0,0,0,0
1687973400,32.625,32.953,32.411,32.579,0,0,0,0
1688045400,33.475,33.807,32.862,33.7,0,0,0,0
1688059800,33.722,34.075,33.543,34.037,0,0,0,0
1688131800,34.985,35.268,32.204,34.048,0,0,0,0
1688146200,34.079,34.418,34.01,34.252,0,0,0,0
1688391000,34.595,37.827,34.595,37.7885,0,0,0,0
1688563800,36.947,38.275,35.943,38.173,0,0,0,0
1688578200,38.102,38.102,37.474,37.811,0,0,0,0
1688650200,38.085,38.55,36.202,37.123,0,0,0,0
1688664600,37.156,37.697,36.971,37.641,0,0,0,0
1688736600,37.39,39.2,37.39,38.858,0,0,0,0
1688751000,38.834,38.869,37.974,38.085,0,0,0,0
1688995800,38.09,39.571,37.015,39.565,0,0,0,0
1689010200,39.572,40.801,39.273,40.801,0,0,0,0
1689082200,40.016,41.086,39.679,40.7,0,0,0,0
1689096600,40.656,41.5,40.199,41.27,0,0,0,0
1689168600,41.828,42.05,40.52,41.25,0,0,0,0
1689183000,41.264,41.78,41.077,41.351,0,0,0,0
1689255000,41.776,43.85,41.282,43.7,0,0,0,0
1689269400,43.658,46.698,43.655,46.202,0,0,0,0
1689341400,45.5,47.525,45.2,45.8,0,0,0,0
1689355800,45.774,46.049,44.721,45.85,0,0,0,0
1689600600,45.88,46.645,44.819,45.569,0,0,0,0
1689615000,45.57,45.619,44.416,45.02,0,0,0,0
1689687000,44.794,45.4,43.55,43.8,0,0,0,0
1689701400,43.864,45.047,43.826,44.599,0,0,0,0
1689773400,44.982,46.1,44.7,45.345,0,0,0,0
1689787800,45.303,45.775,45.118,45.333,0,0,0,0
1689859800,45.596,46.105,43.549,44.166,0,0,0,0
1689874200,44.149,44.426,43.518,44.031,0,0,0,0
1689946200,44.3275,44.577,42.675,43.628,0,0,0,0
1689960600,43.6,44.316,43.347,43.647,0,0,0,0
1690205400,42.55,43,41.324,42.824,0,0,0,0
1690219800,42.8785,43.148,42.644,43.1,0,0,0,0
1690291800,43.1,43.91,43,43.787,0,0,0,0
1690306200,43.791,44.234,43.51,43.711,0,0,0,0
1690378200,43.917,44.789,43.639,44.516,0,0,0,0
1690392600,44.539,44.775,43.9,44.375,0,0,0,0
1690464600,45.096,45.228,43.2,43.203,0,0,0,0
1690479000,43.239,43.355,42.41,42.615,0,0,0,0
1690551000,43.319,43.851,42.48,43.496,0,0,0,0
1690565400,43.401,43.7,43.065,43.419,0,0,0,0
1690810200,43.945,44.284,43.219,43.653,0,0,0,0
1690824600,43.606,43.858,43.326,43.813,0,0,0,0
1690896600,42.983,43.633,42.075,43.134,0,0,0,0
1690911000,43.151,43.818,43.1,43.535,0,0,0,0
1690983000,43.483,43.7,40.112,41,0,0,0,0
1690997400,40.906,41.15,40.447,40.728,0,0,0,0
1691069400,40.002,40.117,38.8,39.466,1,0,0,0
1691083800,39.518,39.56,38.7895,38.967,0,0,0,0
1691155800,39,39.558,38.654,38.762,0,0,0,0
1691170200,38.795,38.8,37.477,37.651,0,1,0,0
1691415000,37.101,37.399,35.77,36.6145,0,0,0,0
1691429400,36.52,37.255,36.369,37.093,0,0,0,0
1691501400,38.045,39.19,37.5,38.946,0,0,0,0
1691515800,38.942,39.589,38.627,38.982,0,0,0,0
1691587800,39.603,39.653,37.984,38.246,0,0,0,0
1691602200,38.264,38.3355,37.6,37.74,0,0,0,0
1691674200,38.186,39.029,37.476,37.575,0,0,0,0
1691688600,37.485,37.872,37.184,37.786,0,0,0,0
1691760600,37.7,38.8,37.196,38.19,0,0,0,0
1691775000,38.1,38.449,37.879,38.449,0,0,0,0
1692019800,38.157,39.296,37.537,38.935,0,0,0,0
1692034200,38.94,38.999,38.55,38.853,0,0,0,0
1692106200,38.917,39.269,38.09,38.268,0,0,0,0
1692120600,38.3,38.452,37.59,37.614,0,0,0,0
1692192600,37.4,37.616,36.672,37.426,0,0,0,0
1692207000,37.462,37.713,36.922,36.974,0,0,0,0
1692279000,36.116,36.514,35.028,35.458,0,0,0,0
1692293400,35.45,35.567,34.569,34.711,0,0,0,0
1692365400,33.081,33.858,32.25,32.498,0,0,0,0
1692379800,32.5,33.448,32.35,32.872,0,0,0,0
1692624600,32.868,33.68,32.5,33.191,0,0,0,0
1692639000,33.2,33.698,33.055,33.5285,0,0,0,0
1692711000,33.975,34.55,32.95,33.194,0,0,0,0
1692725400,33.223,33.223,32.8,32.98,0,0,0,0
1692797400,33.029,34.846,32.85,34.818,0,0,0,0
1692811800,34.863,35.034,34.464,34.648,0,0,0,0
1692883800,34.869,34.95,33.274,33.584,0,0,0,0
1692898200,33.633,33.946,33.5,33.6395,0,0,0,0
1692970200,33.66,34.42,32.97,33.459,0,0,0,0
1692984600,33.389,33.807,33.334,33.628,0,0,0,0
1693229400,33.885,35.042,33.806,34.9,0,0,0,0
1693243800,34.933,34.933,34.33,34.469,0,0,0,0
1693315800,34.322,38.525,34.232,38.335,0,0,0,0
1693330200,38.332,38.79,37.994,38.137,0,0,0,0
1693402200,37.605,37.706,36.8,37.275,0,0,0,0
1693416600,37.269,37.45,36.8,37.134,0,0,0,0
1693488600,37.5,37.6,35.423,35.992,0,0,0,0
1693503000,35.905,35.9175,35.524,35.751,0,0,0,0
1693575000,35.634,36.094,34.866,34.866,0,0,0,0
1693589400,34.913,35.25,34.675,35.105,0,0,0,0
1693920600,35.118,35.33,34.412,35.099,0,0,0,0
1693935000,35.099,35.282,34.869,34.869,0,0,0,0
1694007000,34.973,35.899,34.514,34.966,0,0,0,0
1694021400,34.976,35.775,34.892,35.023,0,0,0,0
1694093400,34.6125,35.407,33.773,35.2,0,0,0,0
1694107800,35.278,35.688,35.172,35.273,0,0,0,0
1694179800,35.327,35.57,34.7,35.22,0,0,0,0
1694194200,35.255,35.6155,35.193,35.612,0,0,0,0
1694439000,35.572,35.681,33.562,34.645,0,0,0,0
1694453400,34.649,34.8,34.25,34.305,0,0,0,0
1694525400,35.37,36.74,34.73,34.994,0,0,0,0
1694539800,34.91,35.023,34.567,34.742,0,0,0,0
1694611800,35.0175,35.24,34.185,34.74,0,0,0,0
1694626200,34.7,34.857,34.06,34.166,0,0,0,0
1694698200,35.013,36.2,34.74,35.239,0,0,0,0
1694712600,35.243,35.42,34.58,34.632,0,0,0,0
1694784600,34.421,34.5455,33.675,33.722,0,0,0,0
1694799000,33.72,34.164,33.63,34.06,0,0,0,0
1695043800,35.115,35.641,34.216,34.216,0,0,0,0
1695058200,34.221,34.3,33.9,34.062,0,0,0,0
1695130200,34.528,35.005,33.338,34.542,0,0,0,0
1695144600,34.583,34.689,33.888,33.905,0,0,0,0
1695216600,34.119,34.4,33.7,34.236,0,0,0,0
1695231000,34.2375,34.46,33.314,33.314,0,0,0,0
1695303000,32.623,32.808,32.149,32.7,0,0,0,0
1695317400,32.731,32.827,32.508,32.565,0,0,0,0
1695389400,32.492,32.752,32.248,32.44,0,0,0,0
1695403800,32.385,32.529,32.073,32.27,0,0,0,0
1695648600,31.936,32.75,31.551,32.599,0,0,0,0
1695663000,32.635,32.759,32.409,32.737,0,0,0,0
1695735000,32.45,32.9,31.888,31.9,0,0,0,0
1695749400,31.929,32.007,31.717,31.722,0,0,0,0
1695821400,32.332,32.69,31.06,31.083,0,0,0,0
1695835800,31.051,31.9,31.009,31.558,0,0,0,0
1695907800,31.836,33.75,31.58,33.113,0,0,0,0
1695922200,33.164,33.294,32.683,32.905,0,0,0,0
1695994200,33.289,33.408,32.491,32.716,0,0,0,0
1696008600,32.658,32.921,32.501,32.791,0,0,1,0
1696253400,34.687,35.266,32.967,33.5675,0,0,1,0
1696267800,33.572,33.651,32.794,32.949,0,0,1,0
1696339800,32.402,32.625,31.488,31.87,0,0,0,0
1696354200,31.88,31.91,31.1,31.134,0,0,0,0
1696426200,31.45,32.042,30.708,31.931,0,0,0,0
1696440600,31.85,32.386,31.62,31.99,0,0,0,0
1696512600,32.442,32.8,31.458,32.005,0,0,0,0
1696527000,32.039,32.6,31.978,32.34,0,0,1,0
1696599000,31.977,34.053,31.925,34.047,0,0,1,0
1696613400,34.022,34.18,33.916,34.072,0,0,1,0
1696858200,33.197,34.133,33.197,33.872,0,0,1,0
1696872600,33.984,34.42,33.9,34.093,0,0,1,0
1696944600,34.2,34.663,33.634,34.026,0,0,1,0
1696959000,33.979,34.27,33.822,34.099,0,0,1,0
1697031000,33.8745,34.04,33.065,33.201,0,0,1,0
1697045400,33.196,33.602,33.047,33.45,0,0,1,0
1697117400,33.4255,33.4255,32.3,32.355,0,0,1,0
1697131800,32.3,32.515,32.056,32.329,0,0,1,0
1697203800,32.7525,32.768,31.488,31.488,0,0,0,0
1697218200,31.501,32.03,31.5,31.843,0,0,0,0
1697463000,33.793,35.333,32.125,32.343,0,0,0,0
1697477400,32.286,33.042,32.233,32.537,0,0,0,0
1697549400,32.278,34.071,32.128,33.876,0,0,0,0
1697563800,33.876,33.876,33.122,33.527,0,0,0,0
1697635800,33.578,33.827,32.639,33.01,0,0,1,0
1697650200,33.055,33.067,32.633,32.956,0,0,1,0
1697722200,33.211,34.85,32.836,34.612,0,0,1,0
1697736600,34.621,34.685,33.95,34.253,0,0,1,0
1697808600,35.295,36.154,34.4665,34.873,0,0,1,0
1697823000,34.9,34.95,34.455,34.843,0,0,1,0
1698067800,35.7565,38.225,34.651,37.693,0,0,0,0
1698082200,37.693,38.384,37.215,37.739,0,0,0,0
1698154200,40.8545,43.888,40.107,42.5635,0,0,0,0
1698168600,42.558,42.799,41.838,42.496,0,0,0,0
1698240600,43.412,44.949,42.527,43.6,0,0,0,0
1698255000,43.661,43.816,42.678,43.35,0,0,0,0
1698327000,42.2,43,40.651,41.095,0,0,0,0
1698341400,41.02,42.128,40.984,41.324,0,0,0,0
1698413400,42.005,42.154,40.17,40.499,0,0,0,0
1698427800,40.45,40.705,39.826,40.705,0,0,0,0
1698672600,42.275,43.498,40.922,41.422,0,0,0,0
1698687000,41.484,42.023,41.2,41.975,0,0,0,0
1698759000,41.695,42.344,41.056,42.265,0,0,0,0
1698773400,42.317,42.357,41.641,42.311,0,0,0,0
1698845400,42.8,42.934,41.25,41.713,0,0,0,0
1698859800,41.706,42.667,41.6,42.628,0,0,0,0
1698931800,43.885,44.444,42.356,43.589,0,0,0,0
1698946200,43.7,45.4,43.7,45.399,0,0,0,0
1699018200,44.414,46.41,44.2,45.671,0,0,0,0
1699032600,45.647,45.886,45.066,45.41,0,0,0,0
1699281000,46.231,47.246,45.102,45.19,0,0,0,0
1699295400,45.271,46.2,45.2255,45.896,0,0,0,0
1699367400,45.466,47.0275,44.9,46.475,0,0,0,0
1699381800,46.558,47.474,46.298,47.317,0,0,0,0
1699453800,46.937,47.1,45.811,46.91,0,0,0,0
1699468200,46.966,47.88,46.966,47.428,0,0,0,0
1699540200,49.85,53.5,49.566,50.4,0,0,0,0
1699554600,50.415,50.685,48.598,49.491,0,0,0,0
1699626600,50.463,51.199,49.454,50.6815,0,0,0,0
1699641000,50.707,51.299,50.6,50.877,0,0,0,0
1699885800,50.3225,50.65,48.677,49.6625,0,0,0,0
1699900200,49.585,50.54,49.367,50.465,0,0,0,0
1699972200,50.501,50.67,46.897,47.01,0,0,0,0
1699986600,47.07,48.0025,45.986,48.002,0,0,0,0
1700058600,48.625,50.214,48.1,49.952,0,0,0,0
1700073000,50.032,50.912,49.616,50.5,0,0,0,0
1700145000,49.251,50.225,48.51,49.278,0,0,0,0
1700159400,49.256,49.35,48.3,48.93,0,0,0,0
1700231400,49.022,49.55,48.377,49.168,0,0,0,0
1700245800,49.167,49.496,48.573,48.637,0,0,0,0
1700490600,49.298,51.168,49.19,51,0,0,0,0
1700505000,50.993,51.249,50.721,50.861,0,0,0,0
1700577000,49.7895,50.315,48.474,49.658,0,0,0,0
1700591400,49.6,50.028,49.273,49.303,0,0,0,0
1700663400,49.454,49.9,48.126,49.843,0,0,0,0
1700677800,49.908,50.934,49.908,50.76,0,0,0,0
1700836200,50.973,52.675,50.575,52.026,0,0,0,0
1701095400,50.596,51.471,50.323,51.058,0,0,0,0
1701109800,51.016,51.101,49.53,49.53,0,0,0,0
1701181800,50.505,51.524,49.834,50.96,0,0,0,0
1701196200,50.944,51.351,50.578,50.578,0,0,0,0
1701268200,50.701,51.338,49.7,51.042,0,0,0,0
1701282600,51.035,51.32,50.613,50.683,0,0,0,0
1701354600,49.801,50.496,48.745,50.3,0,0,0,0
1701369000,50.3,50.31,49.6,49.826,0,0,0,0
1701441000,50.686,52.995,50.337,52.284,0,0,0,0
1701455400,52.247,52.98,51.898,52.766,0,0,0,0
1701700200,56.5855,57.564,54.999,55.742,0,0,0,0
1701714600,55.698,56.835,55.671,56.3075,0,0,0,0
1701786600,56.753,58.525,56.4,58.381,0,0,0,0
1701801000,58.308,58.962,57.357,57.787,0,0,0,0
1701873000,58.429,58.551,56.622,56.8,0,0,0,0
1701887400,56.85,57.576,56.808,56.903,0,0,0,0
1701959400,55.65,57.841,55.2955,56.782,0,0,0,0
1701973800,56.86,57.1855,56.225,57.112,0,0,0,0
1702045800,57.299,59.8,57.277,59.125,0,0,0,0
1702060200,59.099,59.941,58.761,59.919,0,0,0,0
1702305000,57.516,57.717,54.838,54.933,0,0,0,0
1702319400,54.933,55.654,54.617,55.6,0,0,0,0
1702391400,56.483,56.5,54.913,55.735,0,0,0,0
1702405800,55.704,55.953,55.343,55.779,0,0,0,0
1702477800,55.788,57,55.3,56.398,0,0,0,0
1702492200,56.309,58.599,56.1,58.599,0,0,0,0
1702564200,58.796,59.056,57.558,58.374,0,0,0,0
1702578600,58.36,58.8,57.922,58.228,0,0,0,0
1702650600,57.223,57.58,56.481,57.09,0,0,0,0
1702665000,57.096,57.171,56.736,57.043,0,0,0,0
1702909800,55.899,57.9,55.899,57.019,0,0,0,0
1702924200,57.042,57.574,57.02,57.1775,0,0,0,0
1702996200,58.0955,59.046,56.451,57.258,1,0,0,0
1703010600,57.2,57.6,56.999,57.068,1,0,0,0
1703082600,58.95,59.875,58.38,59.291,1,0,0,0
1703097000,59.167,59.925,57.22,57.3,1,0,0,0
1703169000,58.646,59.1,57.496,58.11,1,0,0,0
1703183400,58.11,58.35,57.796,58.155,1,0,0,0
1703255400,58.196,62.213,57.87,62.092,0,0,0,0
1703269800,62.054,62.248,60.4,61.905,0,0,0,0
1703601000,60.9065,61.531,59.623,60.365,0,0,0,0
1703615400,60.398,60.818,60.021,60.383,0,0,0,0
1703687400,61.35,65.998,61.275,65.767,0,0,0,0
1703701800,65.69,67.379,65.69,67.055,0,0,0,0
1703773800,65.469,68.912,65.401,67.85,0,0,0,0
1703788200,67.969,68.182,66.426,66.789,0,0,0,0
1703860200,67.479,67.968,61.7,62.967,0,0,0,0
1703874600,62.922,63.74,62.922,63.159,0,0,0,0
1704205800,69.236,72.776,68.63,69.5,0,0,0,0
1704220200,69.475,69.876,68.007,68.513,0,0,0,0
1704292200,64.014,65.831,62.8,63.454,0,0,0,0
1704306600,63.366,63.78,62.516,63.199,0,0,0,0
1704378600,64.099,66.703,62.755,65.108,0,0,0,0
1704393000,65.282,66.0675,65.026,65.581,0,0,0,0
1704465000,64.892,65.403,63.443,63.718,0,0,0,0
1704479400,63.8,64.12,63.011,63.117,0,0,0,0
1704724200,63.931,64.833,58.7,61.672,0,0,0,0
1704738600,61.633,62.61,59.15,59.802,0,0,0,0
1704810600,59.957,60.29,57.13,58.178,0,0,0,0
1704825000,58.096,58.475,57.55,57.749,1,0,0,0
1704897000,56.501,58.579,55.38,58.414,1,0,0,0
1704911400,58.449,58.664,56.3,56.555,1,0,0,0
1704983400,59.882,61.098,53.03,54,0,0,0,0
1704997800,53.997,55.076,53.544,53.626,0,0,0,0
1705069800,52.444,52.589,48.757,48.915,0,1,0,0
1705084200,48.909,49.174,48.1,48.552,0,0,0,0
1705415400,47.7855,48.94,46.7,48.141,0,0,0,0
1705429800,48.145,48.303,47.567,48.215,0,0,0,0
1705501800,47.377,48.785,47.377,48.613,0,0,0,0
1705516200,48.585,49.907,48.489,49.907,0,0,0,0
1705588200,50.127,52.191,47.8,47.95,0,0,0,0
1705602600,47.945,49.2,47.785,48.67,0,0,0,0
1705674600,48.55,48.573,46.501,48.077,0,0,0,0
1705689000,48.098,48.601,47.909,48.036,0,0,0,0
1705933800,46.84,48.375,45.539,46.85,0,0,0,0
1705948200,46.805,47.224,45.678,47,0,0,0,0
1706020200,44.902,45.948,43.858,45.195,0,0,0,0
1706034600,45.2,45.25,44.635,45.071,0,0,0,0
1706106600,46.004,46.168,44.722,45.099,0,0,0,0
1706121000,45.002,45.252,44.535,45.099,0,0,0,0
1706193000,45.055,46.4,44.596,46.128,0,0,0,0
1706207400,46.147,46.219,45.6,45.782,0,0,0,0
1706279400,47.05,50.063,46.494,49.697,0,0,0,0
1706293800,49.693,49.983,48.9595,49.444,0,0,0,0
1706538600,49.984,52.478,49.201,50.7,0,0,0,0
1706553000,50.708,51.418,50.458,51.348,0,0,0,0
1706625000,51.6,52.566,50.75,51.8,0,0,0,0
1706639400,51.822,52.244,51.561,51.95,0,0,0,0
1706711400,50.775,52.799,50.484,52.05,0,0,0,0
1706725800,52.172,52.232,49.97,50.121,0,0,0,0
1706797800,50.286,51.607,49.643,50.765,0,0,0,0
1706812200,50.8,51.007,50.151,50.362,0,0,0,0
1706884200,49.784,50.915,49.1,49.864,0,0,0,0
1706898600,49.824,50.364,49.7,49.946,0,0,0,0
1707143400,50.299,50.303,48.25,48.85,0,0,0,0
1707157800,48.9,49.345,48.71,49.056,0,0,0,0
1707229800,49.5,50.9,49.315,49.651,0,0,0,0
1707244200,49.729,50.2,49.6,49.818,0,0,0,0
1707316200,49.8,50.2,46.778,50.1,0,0,0,0
1707330600,50.16,50.879,49.579,50.865,0,0,0,0
1707402600,52.95,58.351,52.502,57.246,0,0,0,0
1707417000,57.2,58.841,57.179,58.742,0,0,0,0
1707489000,62.733,64.756,61.406,64.7,0,0,0,0
1707503400,64.75,64.889,63.749,64.745,0,0,0,0
1707748200,65.241,72.527,65.1385,70.957,0,0,0,0
1707762600,70.935,72.08,69.8,71.732,0,0,0,0
1707834600,66.85,69.958,65.743,69.876,0,0,0,0
1707849000,69.9,70.041,67.85,68.602,0,0,0,0
1707921000,74.756,77.191,73.4,75.82,0,0,0,0
1707935400,75.869,77.484,75.869,76.937,0,0,0,0
1708007400,79.251,80.7,74.305,74.938,0,0,0,0
1708021800,74.918,74.92,70.72,71.836,0,0,0,0
1708093800,73.5,73.996,70.05,70.895,0,0,0,0
1708108200,70.888,70.888,68.923,69.91,0,0,0,0
1708439400,71.165,72.025,67.015,68.465,0,0,0,0
1708453800,68.5,70.987,68.249,70.505,0,0,0,0
1708525800,68.415,68.533,66.666,67.127,0,0,0,0
1708540200,67.025,67.719,66.401,67.291,0,0,0,0
1708612200,68.221,72.257,68,70.85,0,0,0,0
1708626600,70.8,71.775,70.466,71.301,0,0,0,0
1708698600,69.969,70.419,67.77,69.301,0,0,0,0
1708713000,69.3,69.3,68.336,68.766,0,0,0,0
1708957800,68.821,80.25,68.777,78.802,0,0,0,0
1708972200,78.8,80.985,77.777,79.645,0,0,0,0
1709044200,86.608,89.04,84.3,86.902,0,0,0,0
1709058600,87,88.549,86.5,87.18,0,0,0,0
1709130600,95.4,100.88,91.535,94.6,0,0,0,0
1709145000,94.899,98.5,94.453,96.1,0,0,0,0
1709217000,99.742,104,96.074,98.745,0,0,0,0
1709231400,98.668,102.815,96.7,102.226,0,0,0,0
1709303400,99.7325,105.115,99.2,104.895,0,0,0,0
1709317800,104.888,108,102.7,107.94,0,0,0,0
1709562600,119.505,134.5,119.124,126,0,0,0,0
1709577000,125.802,135.989,125.6,133.311,0,0,0,0
1709649000,123.75,133.7,108.915,118.027,0,0,0,0
1709663400,118.04,119.498,103.502,105.001,0,0,0,0
1709735400,114.182,128.399,113.203,126.186,0,0,0,0
1709749800,126.2,127.553,121.3,124.603,0,0,0,0
1709821800,127.91,132.1,122.45,129.7,0,0,0,0
1709836200,129.548,130.6,127.09,129.926,0,0,0,0
1709908200,132.473,145.2,128.404,137,0,0,0,0
1709922600,136.779,143.5,134.86,142.502,0,0,0,0
1710163800,155.0745,165.6,148,162.85,0,0,0,0
1710178200,163.174,163.927,147.701,148.394,0,0,0,0
1710250200,154.4,157.657,143.88,144.7,0,0,0,0
1710264600,145,159.5,144.979,159.261,0,0,0,0
1710336600,165.503,177.031,161.925,175.267,0,0,0,0
1710351000,175.447,177.495,169.5,176.4485,0,0,0,0
1710423000,170.803,174.6,160.7,166.3,0,0,0,0
1710437400,166.461,170,155.1,167.718,0,0,0,0
1710509400,160.632,170,157,166.9,0,0,0,0
1710523800,166.88,181.6,166.6,178.112,0,0,0,0
1710768600,171.845,173.5,144.6,147.747,0,0,0,0
1710783000,147.936,155.9,146.6,150.001,0,0,0,0
1710855000,132.741,145,123.044,143.701,0,0,0,0
1710869400,143.701,143.918,136.3,141.524,0,0,0,0
1710941400,142.569,147.7,136.301,142,0,0,0,0
1710955800,142.359,154.987,140.072,154.625,0,0,0,0
1711027800,159.5,170.467,158.318,166.5,0,0,0,0
1711042200,166.5,167.586,158.105,160,0,0,0,0
1711114200,152.141,159.5,149,156.061,0,0,0,0
1711128600,156.361,156.866,150.33,152.351,0,0,0,0
1711373400,160.629,184.299,159,184.144,0,0,0,0
1711387800,184.194,187.363,182.029,185.6,0,0,0,0
1711459800,188.88,191,179.142,186.9,0,0,0,0
1711474200,186.948,190.165,186.097,187.674,0,0,0,0
1711546200,195.793,199.97,184.21,193,0,0,0,0
1711560600,193.173,193.5,188.776,191.867,0,0,0,0
1711632600,194.493,198.9,164.787,174,0,0,0,0
1711647000,174.414,177.33,170.325,170.326,0,0,0,0
1711978200,164.597,169.2,158.686,160.405,0,0,0,0
1711992600,160.666,164.402,158.655,163.674,0,0,0,0
1712064600,149.201,156.124,146.212,154.349,0,0,0,0
1712079000,154.193,159.2,152.5,157.952,0,0,0,0
1712151000,158.038,169.949,156.885,167.1,0,0,0,0
1712165400,167.4,167.621,158.5,160.626,1,0,0,0
1712237400,169.15,173.988,165.43,165.946,1,0,0,0
1712251800,166,170.9,161.01,161.562,1,0,0,0
1712323800,157,167.425,156.3,157.1,1,0,0,0
1712338200,157.266,158.301,143.001,143.895,1,0,0,0
1712583000,160.288,162.4,149.2,150.427,1,0,0,0
1712597400,150.484,154.289,149.2,151.1085,1,0,0,0
1712669400,147.501,148,137.417,142.1,1,0,0,0
1712683800,142.192,144.648,141.1,144.648,0,0,0,0
1712755800,138.976,150.364,137.5,148.624,0,0,0,0
1712770200,148.6,156.618,147.88,156.569,0,0,0,0
1712842200,154.578,157.798,151,152.894,0,0,0,0
1712856600,153.112,155.815,151.515,155.096,0,0,0,0
1712928600,153.112,153.899,144.352,145,0,0,0,0
1712943000,145.125,148.499,143.121,147.962,0,0,0,0
1713187800,147.148,148.7,137.7,137.7,0,0,0,0
1713202200,137.746,138.546,132.1,133.686,0,0,0,0
1713274200,130.9245,132.993,121.615,126.39,0,0,0,0
1713288600,126.723,128.7,124,125.484,0,1,0,0
1713360600,125.6,126.4,113.399,117.988,0,0,0,0
1713375000,118.015,123.218,117.9,118.785,0,0,0,0
1713447000,119.387,128.6,116.849,123.523,0,0,0,0
1713461400,123.497,123.7,120.059,120.84,0,0,0,0
1713533400,123.85,125.658,117.36,120.101,0,0,0,0
1713547800,120.282,121.748,116.666,117.512,0,0,0,0
1713792600,120.776,134.799,120.77,134.5,0,0,0,0
1713807000,134.501,134.601,130.207,132.326,0,0,0,0
1713879000,130.785,139.298,129.7,135.236,0,0,0,0
1713893400,135.214,136.2,132.2,133.864,0,0,0,0
1713965400,132.8135,134.415,126.5,129.399,0,0,0,0
1713979800,129.399,130.432,126.06,126.548,0,0,0,0
1714051800,122.45,126.819,120.288,125.2,0,0,0,0
1714066200,125,126.7,123.875,124.04,0,0,0,0
1714138200,122.747,128.024,120.5,127.403,0,0,0,0
1714152600,127.499,128.549,126.412,128.189,0,0,0,0
1714397400,124.6,130.999,122.868,129.728,0,0,0,0
1714411800,129.72,129.8,126.368,129.2005,0,0,0,0
1714483800,119.6,121.542,106.7,107.792,0,0,0,0
1714498200,107.689,111.2,106.36,106.505,0,0,0,0
1714570200,101.686,105.206,100.989,103.985,0,0,0,0
1714584600,104.152,110.925,102.551,102.82,0,0,0,0
1714656600,106.249,112.785,104.2955,112.302,0,0,0,0
1714671000,112.2,114.16,111.4,112.941,0,0,0,0
1714743000,120.264,124.309,117.5,122.3,0,0,0,0
1714757400,122.2,123.3,121.145,122.197,0,0,0,0
1715002200,127.1,133.9,126.4,129.088,0,0,0,0
1715016600,129.102,129.826,126.006,126.799,0,0,0,0
1715088600,128.161,131.9,125.705,126.993,0,0,0,0
1715103000,127.2,128.189,125.168,125.6615,0,0,0,0
1715175000,120.005,125.961,119.036,124.185,0,0,0,0
1715189400,124.3,125.3,123.238,123.371,0,0,0,0
1715261400,122.5,130.254,120.001,127.9,0,0,0,0
1715275800,127.85,128.275,125.562,126.4,0,0,0,0
1715347800,129.099,130.199,118.7,119.5,0,0,0,0
1715362200,119.5,120.82,117.897,118.025,0,0,0,0
1715607000,121.777,126.4,120.243,122.3,0,0,0,0
1715621400,122.3,125.315,122.2,124.538,0,0,0,0
1715693400,122.579,129.1,122.579,127.509,0,0,0,0
1715707800,127.358,129.869,126.17,129.686,0,0,0,0
1715779800,137.75,141.923,135.376,141,0,0,0,0
1715794200,140.909,152.1,140.7,150.24,0,0,0,0
1715866200,149.043,151.9,144.134,144.495,0,0,0,0
1715880600,144.135,149.061,143.611,143.765,0,0,0,0
1715952600,150.355,157.707,146.923,153.8515,0,0,0,0
1715967000,153.986,158.5,151.138,158.231,0,0,0,0
1716211800,159.743,167.505,155.218,166.621,0,0,0,0
1716226200,166.6,172.814,165.525,172.689,0,0,0,0
1716298200,172.825,174,164.516,167.241,0,0,0,0
1716312600,167.2,169.183,165.3,165.834,0,0,0,0
1716384600,166.8,171.8,162.31,168.233,0,0,0,0
1716399000,168.62,168.844,162.8,165.035,0,0,0,0
1716471000,166.856,167,156,160.255,0,0,0,0
1716485400,160.878,161.405,153.008,154.301,0,0,0,0
1716557400,154.9,164.5,152.705,163.993,0,0,0,0
1716571800,164.031,168.492,164.022,168.492,0,0,0,0
1716903000,164.999,167.88,161.2,165.65,0,0,0,0
1716917400,165.6295,169.216,162.153,167.6,0,0,0,0
1716989400,164.423,165.82,161.1,163.526,0,0,0,0
1717003800,163.484,165.44,161.741,161.867,0,0,0,0
1717075800,165.489,171.5,164.338,164.944,0,0,0,0
1717090200,165.16,165.583,153.201,153.701,0,0,0,0
1717162200,159.698,161.231,144.25,151.581,0,0,0,0
1717176600,151.771,153,150.221,152.424,0,0,0,0
1717421400,160.1,165.6,156.167,159.406,0,0,0,0
1717435800,159.527,162.5,159.499,162.343,0,0,0,0
1717507800,161.613,168.669,161.572,166.215,0,0,0,0
1717522200,166.305,169.7,162.677,164,0,0,0,0
1717594200,167.885,171.8,163.8,169.936,0,0,0,0
1717608600,170,170.062,167.006,169.518,0,0,0,0
1717680600,169.6,173.399,167.553,170.179,0,0,0,0
1717695000,170.394,171.2,164.731,165.979,0,0,0,0
1717767000,167,171.71,166.677,167.272,0,0,0,0
1717781400,167.291,167.714,158.572,159.563,0,0,0,0
1718026200,157.77,164.777,155.9,162.911,0,0,0,0
1718040600,163.01,164.649,159.556,160.38,0,0,0,0
1718112600,154.082,154.5,148.6,152.836,0,0,0,0
1718127000,152.8,156.358,152.409,155.536,0,0,0,0
1718199000,162.2,169.2,161.478,168.168,0,0,0,0
1718213400,167.708,167.918,159.135,160.179,0,0,0,0
1718285400,156.57,157.376,149.583,150.7,0,0,0,0
1718299800,150.602,151.797,144.101,148.388,0,0,0,0
1718371800,150.557,153.806,146.011,148.393,0,0,0,0
1718386200,148.576,150.1405,147.4,149.555,0,0,0,0
1718631000,149.61,150.794,142.156,149.442,0,0,0,0
1718645400,149.404,156.918,149.236,150.983,0,0,0,0
1718717400,145.877,151.179,144.545,148.713,0,0,0,0
1718731800,148.7,149.9,146.509,146.776,0,0,0,0
1718890200,148.28,150.699,143.872,144.021,0,0,0,0
1718904600,144.317,147.248,142.1,146.794,0,0,0,0
1718976600,141.838,147.801,140.946,145.7,0,0,0,0
1718991000,145.6275,149.074,144.657,148.4,0,0,0,0
1719235800,139.937,144.854,132.8,133.932,0,0,0,0
1719250200,133.829,139.281,132.646,137.179,0,0,0,0
1719322200,141.479,149.7,139.472,148.6,0,0,0,0
1719336600,148.425,149.898,146.001,149.337,0,0,0,0
1719408600,147.144,150.46,145.604,146.628,0,0,0,0
1719423000,146.658,146.964,144.5,145.9795,0,0,0,0
1719495000,148.395,153.9,146.287,152.559,0,0,0,0
1719509400,152.391,152.958,149.775,152.453,0,0,0,0
1719581400,151.75,151.855,140.599,142.029,0,0,0,0
1719595800,142,142.5,136.783,137.749,0,0,0,0
1719840600,140.942,142.2,137.749,140.5,0,0,0,0
1719855000,140.3,143.568,136.329,136.597,0,0,0,0
1719927000,136.5,138.3,132.7,133.134,0,0,0,0
1719941400,133.22,133.22,130.756,132.203,0,0,0,0
1720013400,129.406,132.765,127.312,130.208,0,0,0,0
1720186200,121.5,129.502,120.3,129.346,0,0,0,0
1720200600,129.133,129.8,126.9,128.147,0,0,0,0
1720445400,131.234,132.6,125.777,129.012,0,0,0,0
1720459800,129.177,130.5,128.533,129.135,0,0,0,0
1720531800,131.5,131.9,127.8,128.53,0,0,0,0
1720546200,128.708,131.7,128.1,130.047,0,0,0,0
1720618200,132,134.428,129.589,130.927,0,0,0,0
1720632600,130.9,131.307,129.608,130.584,0,0,0,0
1720704600,139.7,143.2,132.814,136,0,0,0,0
1720719000,135.739,137.726,134.664,135.777,0,0,0,0
1720791000,134.1425,143,132.194,142.27,0,0,0,0
1720805400,142.185,143.52,139.438,139.542,0,0,0,0
1721050200,152.04,163.7,149.239,163.074,0,0,0,0
1721064600,163,163.699,159.235,161.19,0,0,0,0
1721136600,161.285,167.51,157.8,164.649,0,0,0,0
1721151000,164.6,167.426,164.193,166.135,0,0,0,0
1721223000,160.88,167.2,153,155.975,0,0,0,0
1721237400,156.056,161.442,156.056,158.942,0,0,0,0
1721309400,163.325,163.5,151.616,156.694,0,0,0,0
1721323800,156.804,157.129,153.107,155.364,0,0,0,0
1721395800,156.543,174.8,156,173.52,0,0,0,0
1721410200,173.611,178.499,172.55,177.759,0,0,0,0
1721655000,178.494,180.598,173.6,178.5,0,0,0,0
1721669400,178.616,181.089,178.221,179.923,0,0,0,0
1721741400,176.4,179.843,172.501,174.637,0,0,0,0
1721755800,174.6,175.336,171.642,171.959,0,0,0,0
1721827800,175.053,176.937,168.501,172.7,0,0,0,0
1721842200,172.662,175,166.701,167.297,0,0,0,0
1721914200,161.435,167.8,150.906,163.6,0,0,0,0
1721928600,163.54,165.146,159.8,160.26,0,0,0,0
1722000600,169.312,177.714,168.6,177.425,0,0,0,0
1722015000,177.049,177.179,174.001,175.361,0,0,0,0
1722259800,181.76,183.795,167.2,168.01,0,0,0,0
1722274200,167.8,169.9,167.647,168.479,0,0,0,0
1722346200,168.501,169.28,159.409,160.805,0,0,0,0
1722360600,160.5,162.439,159.781,160.407,0,0,0,0
1722432600,164.605,168.1,163.377,165.5,0,0,0,0
1722447000,165.3,167.334,160.856,161.241,0,0,0,0
1722519000,161.913,163.128,149.6,150.597,0,0,0,0
1722533400,150.426,152.431,148.1,151.146,0,0,0,0
1722605400,149.157,159.513,144.502,146.7,0,0,0,0
1722619800,146.399,146.501,141.7,144.706,0,0,0,0
1722864600,105,135.4,102.4,131.8,0,0,0,0
1722879000,132.1,134.2,126.968,131.017,0,0,0,0
1722951000,132.916,137.39,126.25,137.182,0,0,0,0
1722965400,137.231,139.445,135.659,136.801,0,0,0,0
1723037400,140.862,142.1,127.515,129.651,0,0,0,0
1723051800,129.948,131.155,124.06,124.702,0,0,0,0
1723123800,130.86,136.01,128.12,131.8,0,0,0,0
1723138200,131.71,136.76,131.2,135.99,0,0,0,0
1723210200,135.76,136.59,129.55,132.53,0,0,0,0
1723224600,132.76,135.74,132.2,135.52,0,0,0,0
1723469400,133.01,139.01,129.21,132.24,0,0,0,0
1723483800,132.37,132.71,130.62,131.4,0,0,0,0
1723555800,132.26,140,130.3,137.16,0,0,0,0
1723570200,137.22,139.24,135.12,135.24,0,0,0,0
1723642200,136,137.39,129.4,129.8,0,0,0,0
1723656600,129.86,131.07,129.33,130.25,0,0,0,0
1723728600,132.59,139,131.25,135.13,0,0,0,0
1723743000,135.03,136.04,130.74,131.72,0,0,0,0
1723815000,132.83,136.28,127.41,131.08,0,0,0,0
1723829400,131.12,134.4,131.11,133.09,0,0,0,0
1724074200,133.355,136.4,131.16,134.21,0,0,0,0
1724088600,134.32,135.5,133.74,135.33,0,0,0,0
1724160600,139.735,141.35,130.64,131.24,0,0,0,0
1724175000,131.28,134.57,131.05,133.67,0,0,0,0
1724247000,134.29,139.6,132.9,137.45,0,0,0,0
1724261400,137.47,142.59,136.94,141.44,0,0,0,0
1724333400,141.33,141.8,135.68,137.65,0,0,0,0
1724347800,137.6,137.75,133.69,133.81,0,0,0,0
1724419800,137.24,144.93,135.5,142.55,0,0,0,0
1724434200,142.57,151.81,142.45,149.95,0,0,0,0
1724679000,148.065,152.35,146.61,151.25,0,0,0,0
1724693400,151.3,152,146.61,146.92,0,0,0,0
1724765400,144.4,145.2,138.18,140.01,0,0,0,0
1724779800,140.17,141.66,139.7,140.09,0,0,0,0
1724851800,138.19,138.4,130.77,132.31,0,0,0,0
1724866200,132.25,134.09,130.74,132.01,0,0,0,0
1724938200,136.92,139.4,133.39,134.32,0,0,0,0
1724952600,134.28,134.93,131,132.62,0,0,0,0
1725024600,134.045,135.2,128.31,130.1,0,0,0,0
1725039000,130.25,133.4,129.81,132.11,0,0,0,0
1725370200,132.73,132.73,125.38,126.43,0,0,0,0
1725384600,126.35,126.37,122.19,122.35,0,0,0,0
1725456600,120.2,125.98,117.99,123.27,0,0,0,0
1725471000,123.26,125.15,122.75,124.79,0,0,0,0
1725543000,122.82,126.68,120.26,121.12,0,0,0,0
1725557400,121.07,122.83,119.44,119.57,0,0,0,0
1725629400,122.93,124.69,114.34,116.2,0,0,0,0
1725643800,116.14,116.22,113.77,114.28,0,0,0,0
1725888600,118.93,125.2,117.65,123.82,0,0,0,0
1725903000,123.83,125.16,123,124.85,0,0,0,0
1725975000,122.78,126.15,121.55,125.75,0,0,0,0
1725989400,125.7,129.81,125.68,129.72,0,0,0,0
1726061400,124.75,129.36,121.3,128.72,0,0,0,0
1726075800,128.75,131,128.04,129.29,0,0,0,0
1726147800,128.9,134.08,127.28,131.5,0,0,0,0
1726162200,131.59,132.11,129.92,130.88,0,0,0,0
1726234200,131.5,141.2,129.9,140.9,0,0,0,0
1726248600,140.97,142.99,140.08,141.32,0,0,0,0
1726493400,136.97,137.84,132.73,134.73,0,0,0,0
1726507800,134.66,136.15,134.35,134.69,0,0,0,0
1726579800,138.33,140.15,128.84,131.14,0,0,0,0
1726594200,131.24,132.53,129.28,131.06,0,0,0,0
1726666200,130.29,134.94,128.57,133.7,0,0,0,0
1726680600,133.73,139.46,131.37,132.66,0,0,0,0
1726752600,140.5,148.98,139.61,146.37,0,0,0,0
1726767000,146.21,148.45,143.12,144.71,0,0,0,0
1726839000,144.495,148.03,141.7,144.55,0,0,0,0
1726853400,144.52,146.05,143.81,144.7,0,0,0,0
1727098200,147.48,151.59,145.02,149.19,0,0,0,0
1727112600,149.12,150.84,148.45,149.99,0,0,0,0
1727184600,149.91,152.6,146.7,150.2,0,0,0,0
1727199000,150.23,154.33,150.23,153.91,0,0,0,0
1727271000,152.155,157.88,151.96,153,0,0,0,0
1727285400,152.96,153.8,151.5,151.93,0,0,0,0
1727357400,157.51,167.05,156.4,165.75,0,0,0,0
1727371800,165.79,167.51,164.34,165.68,0,0,0,0
1727443800,170.93,179.58,168.31,176.25,0,0,0,0
1727458200,176.17,178.17,173.25,176.4,0,0,0,0
1727703000,168.63,175.5,167.42,169.94,0,0,0,0
1727717400,169.98,172.35,168.24,168.58,0,0,0,0
1727789400,168.51,169.37,157.09,158.36,0,0,0,0
1727803800,158.36,165.25,158.19,162.61,0,0,0,0
1727875800,160.49,173.8,159.2,170.3,0,0,0,0
1727890200,170.25,171.25,163.92,164.48,0,0,0,0
1727962200,163.3,165.86,157.82,160.53,0,0,0,0
1727976600,160.35,163.6,160.1,163.43,0,0,0,0
1728048600,166.59,174.41,164,172.67,0,0,0,0
1728063000,172.58,176.55,171.65,176.49,0,0,0,0
1728307800,179.945,191.99,178.94,189.2,0,0,0,0
1728322200,189.11,190.65,182,186.18,0,0,0,0
1728394200,186.34,198.46,184.45,195.6,0,0,0,0
1728408600,195.59,198.49,190.64,192.07,0,0,0,0
1728480600,189.77,198.38,185.32,192.9,0,0,0,0
1728495000,192.66,194.25,186.8,189,0,0,0,0
1728567000,191.89,192.2,181.25,185.645,0,0,0,0
1728581400,185.53,186.06,178,183.36,0,0,0,0
1728653400,188.86,206.79,187.42,205.79,0,0,0,0
1728667800,205.8,212.81,205.45,212.5,0,0,0,0
1728912600,224.44,227.12,207.4,207.8,0,0,0,0
1728927000,207.74,208.91,201.44,201.6,0,0,0,0
1728999000,206.6,211.14,189.7,196.96,0,0,0,0
1729013400,196.89,201.7,194.24,194.3,0,0,0,0
1729085400,199.9,200.67,191.96,197.8,0,0,0,0
1729099800,197.8,198.98,193.94,193.99,0,0,0,0
1729171800,192.6,198.87,185.81,196.47,0,0,0,0
1729186200,196.33,197.3,191.93,193.61,0,0,0,0
1729258200,197.59,214.34,197.11,213.81,0,0,0,0
1729272600,213.9,218.65,213.12,215.85,0,0,0,0
1729517400,214.49,218.41,208.5,217.78,0,0,0,0
1729531800,217.88,223.15,216.21,219.1,0,0,0,0
1729603800,216.38,221.35,212.12,216.62,0,0,0,0
1729618200,216.71,220.66,214.23,219.66,0,0,0,0
1729690200,215.13,222.85,209.25,212,0,0,0,0
1729704600,211.91,216.9,204.97,213.98,0,0,0,0
1729776600,219.66,230.99,218.18,222.67,0,0,0,0
1729791000,222.73,236.23,222.18,236.12,0,0,0,0
1729863000,236.59,245.55,231.16,236.89,0,0,0,0
1729877400,236.89,239.02,227.75,234.23,0,0,0,0
1730122200,244.7,252.46,242.8,252.45,0,0,0,0
1730136600,252.45,259.51,251.84,255.28,0,0,0,0
1730208600,264.32,267.89,251.24,259,0,0,0,0
1730223000,258.98,260.42,252.4,258.3,0,0,0,0
1730295000,246.5,255.82,239,251.88,0,0,0,0
1730309400,251.87,252.53,245.6,247.19,0,0,0,0
1730381400,251.18,252.86,237,250.28,0,0,0,0
1730395800,250.5,250.9,242.56,244.36,0,0,0,0
1730467800,245.65,255.75,226.68,233.5,0,0,0,0
1730482200,233.7,233.76,225.97,229.61,0,0,0,0
1730730600,226.765,231.57,222.7,227.47,0,0,0,0
1730745000,227.31,228.26,220.83,222.99,0,0,0,0
1730817000,233.35,243.4,227.495,230.53,0,0,0,0
1730831400,230.65,234.07,225.5,227.8,0,0,0,0
1730903400,260.15,261.25,242.65,258.11,0,0,0,0
1730917800,258.18,260.75,254.54,257.8,0,0,0,0
1730989800,256.4,276,252.7,271.55,0,0,0,0
1731004200,271.55,280.8,269.22,271.09,0,0,0,0
1731076200,275.575,279.25,262.62,270.21,0,0,0,0
1731090600,269.99,273.64,265.57,270.39,0,0,0,0
1731335400,297.19,325.16,293.45,324.14,0,0,0,0
1731349800,324.25,351.85,324.25,339.82,0,0,0,0
1731421800,334.01,357.37,325.5,348,0,0,0,0
1731436200,348.17,360.8,345.9,356.63,0,0,0,0
1731508200,366.735,383.27,350.14,355.88,0,0,0,0
1731522600,355.92,357.5,321.8,328.24,0,0,0,0
1731594600,341.77,348,318.65,333.66,0,0,0,0
1731609000,333.54,338.36,326.51,327.66,0,0,0,0
1731681000,336.61,342.2,324.13,334.93,0,0,0,0
1731695400,334.5,349.94,332.09,340,0,0,0,0
1731940200,345.45,377.35,339.4,371.97,0,0,0,0
1731954600,371.98,388.48,356.35,385.17,0,0,0,0
1732026600,389.5,423.78,381.2,421.74,0,0,0,0
1732041000,421.62,449,420.69,430.41,0,0,0,0
1732113000,463.4,499.33,457.24,494.73,0,0,0,0
1732127400,494.07,504.7,472.4,473.78,0,0,0,0
1732199400,534.95,543,425.85,466.67,0,0,0,0
1732213800,466.79,468.5,372,397.15,0,0,0,0
1732285800,403.235,453,393.1,432.01,0,0,0,0
1732300200,431.8,450.58,420.52,420.94,0,0,0,0
1732545000,440.5,440.98,383.82,405.97,0,0,0,0
1732559400,405.55,408.07,391.18,403.46,0,0,0,0
1732631400,383.24,402.91,371.12,371.29,0,0,0,0
1732645800,371.41,372.35,338.7,354.17,0,0,0,0
1732717800,384.58,393.9,372.58,387.18,0,0,0,0
1732732200,387,397.66,385,388.48,0,0,0,0
1732890600,405.75,417.53,381,386.1,0,0,0,0
1733149800,393.865,398.7,375.19,380.42,0,0,0,0
1733164200,380.2,387.01,374.4,380.23,0,0,0,0
1733236200,367.62,393,362.7,382.22,0,0,0,0
1733250600,382.01,384.22,369.62,373.46,0,0,0,0
1733322600,379.85,385.51,365.65,374.66,0,0,0,0
1733337000,374.71,409.97,372.17,405.9,0,0,0,0
1733409000,440.22,444.94,387.61,393.25,0,0,0,0
1733423400,393,394.45,379.39,386.39,0,0,0,0
1733495400,395.01,405.01,384.08,399.56,0,0,0,0
1733509800,399.3,403.2,391.11,395.09,0,0,0,0
1733754600,394.15,399.8,371.5,381.57,0,0,0,0
1733769000,381.44,382.49,363.5,365.54,0,0,0,0
1733841000,373.43,378.3,356.13,367.7,1,0,0,0
1733855400,367.9,379.74,366.6,377.46,1,0,0,0
1733927400,385.66,406.21,385.5,400.05,1,0,0,0
1733941800,400,412.68,399.6,411.66,1,0,0,0
1734013800,413.95,415.76,397.1,403.59,1,0,0,0
1734028200,403.4,404.76,386.11,392.34,1,0,0,0
1734100200,399.69,405.37,388.88,399.28,1,0,0,0
1734114600,399.12,409.66,396,409.15,1,0,0,0
1734359400,425.25,436.6,416.11,436.37,0,0,0,0
1734373800,436.3,437.61,406.51,408.71,0,0,0,0
1734445800,413.45,415.68,387.77,396.11,0,0,0,0
1734460200,396.36,397,386,386.53,0,0,0,0
1734532200,386,390.23,372.77,387.59,0,0,0,0
1734546600,387.5,389.38,337.96,349.93,1,0,0,0
1734618600,365.15,367.4,323.48,332.56,1,0,0,0
1734633000,332.31,339.01,324,326.61,0,0,0,0
1734705000,318.99,357.29,316.98,348.66,0,0,0,0
1734719400,348.69,364.8,347.68,363.82,0,0,0,0
1734964200,358.39,359.58,340.02,343.98,0,0,0,0
1734978600,343.82,344.5,329.15,333,0,1,0,0
1735050600,344,361,342.5,359.145,0,0,0,0
1735223400,350.25,351.68,340,347.08,0,0,0,0
1735237800,347.1,347.6,340.52,341.33,0,0,0,0
1735309800,342.705,343,326.58,328.09,0,0,0,0
1735324200,328,330.95,323.2,330.41,0,0,0,0
1735569000,319.245,320,301.75,314,0,0,0,0
1735583400,314.01,318.81,302,302.77,0,0,0,0
1735655400,317.3,317.71,287.76,293.37,0,0,0,0
1735669800,293.5,295.55,285.01,289.71,0,0,0,0
1735828200,300.18,310.68,294.11,296.29,0,0,0,0
1735842600,296.21,302.04,292.28,300.33,0,0,0,0
1735914600,302.835,334.87,301.9,334.65,0,0,0,0
1735929000,334.65,343.27,332.93,339.635,0,0,0,0
1736173800,349.33,369.28,335.5,369.23,0,0,0,0
1736188200,369.3,383.01,365.21,379.79,0,0,0,0
1736260200,366.47,371.25,342.4,343.47,0,0,0,0
1736274600,343.48,344.53,335.25,341.48,0,0,0,0
1736346600,335.245,344.45,317.27,338.5,0,0,0,0
1736361000,338.44,338.75,329.05,331.72,0,0,0,0
1736519400,329.745,337,317.98,331.25,0,0,0,0
1736533800,331.2,335.55,325.81,327.97,0,0,0,0
1736778600,310.42,324.79,303.8,317.45,0,0,0,0
1736793000,317.5,329.3,315.37,328.43,0,0,0,0
1736865000,343.41,349.77,331.32,343.26,0,0,0,0
1736879400,343.27,354.89,336.96,342.91,0,0,0,0
1736951400,357.75,363.98,353.05,357.96,0,0,0,0
1736965800,357.85,368.43,356.07,360.53,0,0,0,0
1737037800,357.81,365.25,345.88,360,0,0,0,0
1737052200,359.64,370.26,357.24,366.995,0,0,0,0
1737124200,383.2,395.15,380.4,394.08,0,0,0,0
1737138600,393.78,398.68,390.69,396.6,0,0,0,0
1737469800,395,398.37,367.67,397.38,0,0,0,0
1737484200,397.22,404.38,382.6,389.1,0,0,0,0
1737556200,384.96,390.35,371.1,376.35,0,0,0,0
1737570600,376.75,381.7,373.9,377.17,0,0,0,0
1737642600,371.65,390.15,370.84,380,0,0,0,0
1737657000,380.21,385.73,372.8,373.12,0,1,0,0
1737729000,378.02,378.11,365.35,374.6,0,0,0,0
1737743400,374.5,376.05,351,353.77,0,0,0,0
1737988200,340.8,356.78,323.51,323.51,0,0,0,0
1738002600,323.8,348.5,322.34,347.52,0,0,0,0
1738074600,344.15,349,334.8,338.85,0,0,0,0
1738089000,338.82,341.49,333.1,335.94,0,0,0,0
1738161000,338.21,341.35,333.19,336.15,0,0,0,0
1738175400,336.3,343.63,329.5,341.21,0,0,0,0
1738247400,345.76,356.16,338.6,340.5,0,0,0,0
1738261800,340.27,347.73,340,340.31,0,0,0,0
1738333800,340,352.66,333.89,347.68,0,0,0,0
1738348200,347.5,348.61,332,334.09,0,0,0,0
1738593000,309.51,337.8,309.4,336.76,0,0,0,0
1738607400,337.07,348.88,336.26,347.17,0,0,0,0
1738679400,341.195,351.14,340.5,347.78,0,0,0,0
1738693800,347.75,353.72,344.44,348.31,0,0,0,0
1738765800,349.11,352.35,338.88,342.14,0,0,0,0
1738780200,342.05,343.85,333.56,336.475,0,0,0,0
1738852200,338.67,344.5,326.1,326.52,0,0,0,0
1738866600,326.38,329,320.71,325.57,0,0,0,0
1738938600,335.01,344.4,330.82,341.8,0,0,0,0
1738953000,341.39,343.3,327,327.72,0,0,0,0
1739197800,333.54,340.36,328.3,332.16,0,0,0,0
1739212200,332.08,335.41,329.4,334.7,0,0,0,0
1739284200,332.73,338.5,321.82,323.38,0,0,0,0
1739298600,323.36,325.04,318.71,319.375,0,0,0,0
1739370600,315.73,329.61,314.2,324.72,0,0,0,0
1739385000,324.57,331.18,322.3,326.86,0,0,0,0
1739457000,325.52,330.53,317.35,320.13,0,0,0,0
1739471400,320.33,327.32,319.47,325.03,0,0,0,0
1739543400,325.05,340.64,323.8,340.38,0,0,0,0
1739557800,340.38,344.88,337.17,337.65,0,0,0,0
1739889000,337.75,340.43,328.1,329.07,0,0,0,0
1739903400,329.04,335.16,326.8,333.96,0,0,0,0
1739975400,337.4,340.22,326.8,327.86,0,0,0,0
1739989800,327.72,327.8,317.17,318.76,0,0,0,0
1740061800,323.55,327.83,314.935,323.32,0,0,0,0
1740076200,323.27,325.33,321.65,323.82,0,0,0,0
1740148200,327.62,329,308.2,310.77,0,0,0,0
1740162600,310.64,312.5,299.06,299.73,0,0,0,0
1740407400,304,304,276.43,295.65,0,0,0,0
1740421800,295.5,296.5,282.22,282.48,0,0,0,0
1740493800,267.95,270.29,247.12,249.3,0,0,0,0
1740508200,249.36,258.62,243.7,250.48,0,0,0,0
1740580200,245.57,261.36,244.02,251.71,0,0,0,0
1740594600,251.54,264.35,247.18,263.6,0,0,0,0
1740666600,267.115,271.43,250.9,256.6,0,0,0,0
1740681000,256.36,257.3,239.52,239.88,0,0,0,0
1740753000,237.48,256.55,231.92,248.66,0,0,0,0
1740767400,248.41,257.45,248,255.41,0,0,0,0
1741012200,293.22,295.03,255.66,255.73,0,0,0,0
1741026600,255.73,260,246.11,251.26,0,0,0,0
1741098600,240.28,266.29,237.05,263.81,0,0,0,0
1741113000,263.815,293.01,262.32,274.87,0,0,0,0
1741185000,278.5,300.75,271.88,292.795,0,0,0,0
1741199400,292.67,311.2,290.1,308.58,0,0,0,0
1741271400,298.55,320.8,292.17,302.42,0,0,0,0
1741285800,302.32,311.93,295.62,304.17,0,0,0,0
1741357800,298.15,310.3,281.46,298.32,0,0,0,0
1741372200,298.7,305.15,286,286.66,0,0,0,0
1741613400,267.82,272,241.32,243.93,0,0,0,0
1741627800,243.75,244.2,231.62,238.95,0,0,0,0
1741699800,244.42,250.2,231.6,241.16,0,0,0,0
1741714200,241.15,263.07,240.04,260.45,0,0,0,0
1741786200,264.6,269.53,248.23,265.29,0,0,0,0
1741800600,265.17,266.68,258,262.56,0,0,0,0
1741872600,262.01,270.4,253.77,259.25,0,0,0,0
1741887000,259.24,268.95,258.53,263.63,0,0,0,0
1741959000,273.99,292.88,272.62,289.81,0,0,0,0
1741973400,290,298.65,288.1,297.53,0,0,0,0
1742218200,291.665,294.57,281.635,291.655,0,0,0,0
1742232600,291.79,296.8,290.93,294.36,0,0,0,0
1742304600,283,290.88,272.5,281.19,0,0,0,0
1742319000,281.07,285.55,278.55,283.3,0,0,0,0
1742391000,290.16,301.11,287.07,296.84,0,0,0,0
1742405400,296.92,309.04,292.7,304.23,0,0,0,0
1742477400,298.51,309.44,293.4,298.24,0,0,0,0
1742491800,298.1,303.49,297.65,302,0,0,0,0
1742563800,295.12,301.99,293.05,296.79,0,0,0,0
1742578200,296.54,306.33,296.29,303.81,0,0,0,0
1742823000,316.18,332.08,311.3,328.64,0,0,0,0
1742837400,328.53,336.77,327.97,335.59,0,0,0,0
1742909400,333.48,343.37,329.5,338.6,0,0,0,0
1742923800,338.7,343.53,336.26,341.8,0,0,0,0
1742995800,336.5,340.22,324.25,326.4,0,0,0,0
1743010200,326.54,330.66,319.78,329.33,0,0,0,0
1743082200,322.53,333.41,318,320.58,0,0,0,0
1743096600,320.33,328.5,319.79,324.48,0,0,0,0
1743168600,318.43,320.8,291.5,292.57,0,0,0,0
1743183000,292.64,297.58,289.25,289.49,0,0,0,0
1743427800,282.56,294.91,272.82,289.38,0,0,0,0
1743442200,289.33,294.7,284.35,288.27,0,0,0,0
1743514200,292.79,307.59,280.77,300.67,0,0,0,0
1743528600,300.44,307.5,292.4,306.03,0,0,0,0
1743600600,298.22,319.33,296.98,309.13,0,0,0,0
1743615000,309,313.49,304.01,313.22,0,0,0,0
1743687000,286.77,299.22,281.5,281.84,0,0,0,0
1743701400,281.7,285.02,276.06,282.29,0,0,0,0
1743773400,285.09,287.85,265.35,280.63,0,0,0,0
1743787800,280.6,299.09,279.28,293.21,0,0,0,0
1744032600,260.14,297.64,252.6,270.045,0,0,0,0
1744047000,270.12,278,265.77,268.08,0,0,0,0
1744119000,278.08,282.8,251.83,252.7,0,0,0,0
1744133400,252.77,258.87,235.93,237.97,0,0,0,0
1744205400,242.6,280,241.71,270.27,0,0,0,0
1744219800,270.8,302.34,268.17,295.89,0,0,0,0
1744291800,283.12,288,261.46,272.33,0,0,0,0
1744306200,272.38,278.89,267.36,272.57,0,0,0,0
1744378200,280.565,298.18,276.76,296.73,0,0,0,0
1744392600,296.6,304.15,294.9,299.66,0,0,0,0
1744637400,309.97,314.55,300.1,306.13,0,0,0,0
1744651800,306.5,314.21,305.82,311.36,0,0,0,0
1744723800,312.255,319.75,308.2,311.14,0,0,0,0
1744738200,311.42,312.65,306.85,310.56,0,0,0,0
1744810200,305.9,318.55,305.5,317.41,0,0,0,0
1744824600,317.49,317.49,304,311.79,0,0,0,0
1744896600,313.33,320,306,312.2,0,0,0,0
1744911000,312.35,319.19,312.35,317.21,0,0,0,0
1745242200,325,330.84,309,314.91,0,0,0,0
1745256600,314.87,319.41,312.22,317.815,0,0,0,0
1745328600,328.83,348.88,327.01,342,0,0,0,0
1745343000,342.14,348.6,340.3,343.02,0,0,0,0
1745415000,354.76,355.72,339.01,349.045,0,0,0,0
1745429400,349.19,352.47,343.32,345.64,0,0,0,0
1745501400,344.89,350.45,343.25,346.49,0,0,0,0
1745515800,346.46,351.03,343.5,350.12,0,0,0,0
1745587800,353.5,369.95,353.2,368.9,0,0,0,0
1745602200,368.91,373.2,363.8,368.73,0,0,0,0
1745847000,373.39,373.56,354.55,357.72,0,0,0,0
1745861400,357.6,370.87,357.53,369.24,0,0,0,0
1745933400,369.2,382.66,366.8,380.83,0,0,0,0
1745947800,380.58,383.95,379.65,381.57,0,0,0,0
1746019800,373.56,383.9,362.45,380.7,0,0,0,0
1746034200,380.8,384,376.82,379.92,0,0,0,0
1746106200,392.29,403.88,385.88,393.08,0,0,0,0
1746120600,393.175,394.8,381.02,381.91,0,0,0,0
1746192600,393.875,397.72,387.5,396.4,0,0,0,0
1746207000,396.48,401.7,391.5,394.205,0,0,0,0
1746451800,383.3,387.56,374.2,383.04,0,0,0,0
1746466200,382.8,391.93,382.29,386.22,0,0,0,0
1746538200,378.43,387.8,377.77,382.71,0,0,0,0
1746552600,383.04,387.62,382.17,385.235,0,0,0,0
1746624600,393.8,396.34,389.39,392.2,0,0,0,0
1746639000,392,394.15,388.25,392.46,0,0,0,0
1746711000,408.01,423.15,404.41,421.79,0,0,0,0
1746725400,421.78,422.08,413.28,414.55,0,0,0,0
1746797400,420.1,430.17,406.22,410.84,0,0,0,0
1746811800,411.02,416.41,410.55,416.01,0,0,0,0
1747056600,420.54,422.04,401.41,410.44,0,0,0,0
1747071000,410.38,411.74,400.85,404.93,0,0,0,0
1747143000,412.385,419.64,404.05,415.92,0,0,0,0
1747157400,415.85,422.55,414.67,421.69,0,0,0,0
1747229400,420.22,425.97,410.44,413.44,0,0,0,0
1747243800,413.35,418.59,413.18,416.67,0,0,0,0
1747315800,411.21,415.36,394.56,406.61,0,0,0,0
1747330200,406.27,407.77,394.14,397.06,0,0,0,0
1747402200,399.01,406.85,389.09,406,0,0,0,0
1747416600,406.09,406.66,397.57,399.83,0,0,0,0
1747661400,392.81,414.59,392.555,411.02,0,0,0,0
1747675800,410.93,414.11,408.58,413.4,0,0,0,0
1747747800,413.395,415.66,407.76,415.28,0,0,0,0
1747762200,415.46,417.85,406.1,417.45,0,0,0,0
1747834200,415.8,423.34,398.8,399.43,0,0,0,0
1747848600,399.22,404.99,395.58,402.67,0,0,0,0
1747920600,413.2,426.32,403.91,405.8,0,0,0,0
1747935000,405.92,407,398.92,399.51,0,0,0,0
1748007000,391.5,392.21,367.5,378.23,0,0,0,0
1748021400,378.27,382.12,368.82,369.23,0,0,0,0
1748352600,380.88,381.36,364.2,371.95,1,0,0,0
1748367000,371.9,375.73,369.26,372.23,1,0,0,0
1748439000,368.54,370.69,358.53,364.05,1,0,0,0
1748453400,364.01,366.93,363.12,364.23,1,0,0,0
1748525400,370.5,373.86,362.74,372.92,1,0,0,0
1748539800,372.95,373.6,364.71,370.64,1,0,0,0
1748611800,369.35,372.5,359.08,362.05,1,0,0,0
1748626200,362.16,369.9,361.73,369.04,1,0,0,0
1748871000,367.885,378.4,367.2,373.47,1,0,0,0
1748885400,373.48,374.26,370.79,372.47,1,0,0,0
1748957400,379.4,390.88,371.44,390.46,1,0,0,0
1748971800,390.46,390.53,385.04,387.42,1,0,0,0
1749043800,385.41,386.12,375.65,385.1,1,0,0,0
1749058200,385,385.75,377.91,378.21,1,0,0,0
1749130200,383.76,385.15,370.65,375.11,1,0,0,0
1749144600,375.06,376.29,364.39,368.9,1,0,0,0
1749216600,377.72,380.6,369.775,375.15,1,0,0,0
1749231000,375.27,376.82,371.95,374.49,1,0,0,0
1749475800,380.74,390.27,377.6,389.6,1,0,0,0
1749490200,389.54,394.79,388.71,392,1,0,0,0
1749562200,393.435,394,383.59,389.83,1,0,0,0
1749576600,389.86,392.78,387.93,391.03,1,0,0,0
1749648600,391.48,392.77,386.8,388.73,1,0,0,0
1749663000,388.8,388.91,380.52,386.74,1,0,0,0
1749735000,378.4,390.93,374,390.22,1,0,0,0
1749749400,390.3,391.22,379.15,379.77,1,0,0,0
1749821400,375.235,381.45,370.58,377.61,1,0,0,0
1749835800,377.74,383.55,374,383.15,1,0,0,0
1750080600,387.63,388.15,377.48,381.37,1,0,0,0
1750095000,381.38,383.1,378.14,382.15,1,0,0,0
1750167000,375.255,378.48,367.12,371.11,1,0,0,0
1750181400,371.04,376.63,367.5,375.2,1,0,0,0
1750253400,371.44,374.77,367.77,369.7,1,0,0,0
1750267800,369.69,372.15,367.43,369.09,1,0,0,0
1750426200,372.5,376.1,366.16,367.66,1,0,0,0
1750440600,367.57,371.45,365.11,369.92,1,0,0,0
1750685400,362.47,370.3,358.8,368.055,1,0,0,0
1750699800,368.27,370,365.96,367.23,0,0,0,0
1750771800,373.665,384.22,371,380.39,0,0,0,0
1750786200,380.51,383.25,375.7,377.13,0,0,0,0
1750858200,384.915,388.6,379.37,384.81,0,0,0,0
1750872600,384.71,389.49,382.73,388.52,0,0,0,0
1750944600,386.19,392.68,384.39,386.22,0,0,0,0
1750959000,386.17,388.44,384.15,386.49,0,0,0,0
1751031000,385.225,397.98,383.4,394.18,0,0,0,0
1751045400,394.09,395.14,383.69,383.69,0,0,0,0
1751290200,389.6,405.18,384.33,402.41,0,0,0,0
1751304600,402.47,407.37,399.53,404.33,0,0,0,0
1751376600,395.7,397.81,376.81,380.3,0,0,0,0
1751391000,380.41,382.14,372.93,373.21,0,0,0,0
1751463000,382.98,398.025,379.9,396.74,0,0,0,0
1751477400,396.79,405.26,394.41,402.28,0,0,0,0
1751549400,400.61,414.66,400.28,403.92,0,0,0,0
1751895000,402.67,405.61,396.1,402.14,0,0,0,0
1751909400,402.11,403.2,395.33,395.75,0,0,0,0
1751981400,399.49,402.19,393.17,397.58,0,0,0,0
1751995800,397.43,399.49,395.3,396.8,0,0,0,0
1752067800,401.71,406,396,401.97,0,0,0,0
1752082200,401.71,416.35,401.3,415.54,0,0,0,0
1752154200,412.5,419.5,411.26,419.47,0,0,0,0
1752168600,419.34,422.4,416.88,421.74,0,0,0,0
1752240600,430.74,438.85,423.41,431.76,0,0,0,0
1752255000,431.77,435,425.92,434.58,0,0,0,0
1752499800,447.07,456.44,440.65,448.7,0,0,0,0
1752514200,448.82,451.98,445,451.24,0,0,0,0
1752586200,445.05,456.66,441.04,448.13,0,0,0,0
1752600600,448.15,451.3,441.25,441.91,0,0,0,0
1752672600,448.48,455.04,445.6,453.5,0,0,0,0
1752687000,453.59,457.22,450.45,455.86,0,0,0,0
1752759000,451.57,456.03,446.6,450.53,0,0,0,0
1752773400,450.68,455.38,448.82,451.47,0,0,0,0
1752845400,451.88,454.34,426.41,428.54,0,0,0,0
1752859800,428.52,429.77,422.31,423.12,0,0,0,0
1753104600,430,437,425.55,431.2,0,0,0,0
1753119000,431.37,433.86,425.02,425.96,0,0,0,0
1753191000,428.845,433.9,413.6,422.46,0,0,0,0
1753205400,422.4,430.2,422.21,426.23,0,0,0,0
1753277400,422.83,423.97,406.1,409.82,0,0,0,0
1753291800,409.765,413.21,407.58,412.8,0,0,0,0
1753363800,414.39,415.4,406.15,413.63,0,0,0,0
1753378200,413.68,419.95,413.39,414.87,0,0,0,0
1753450200,405.7,408.02,402.22,406.23,0,0,0,0
1753464600,406.12,410.9,405.31,405.74,0,0,0,0
1753709400,416.7,417.06,404.57,406.21,0,0,0,0
1753723800,406.14,407.42,403.47,403.75,0,0,0,0
1753795800,405.93,407.09,390.49,395.75,0,1,0,0
1753810200,395.72,400.8,393.32,394.65,0,0,0,0
1753882200,396.38,403.77,394.38,402.39,0,0,0,0
1753896600,402.49,404.36,392.58,395.07,0,0,0,0
1753968600,398.84,410.53,397.03,406.52,0,0,0,0
1753983000,406.31,410.8,401.65,401.72,0,0,0,0
1754055000,390.39,392.58,373.59,374.72,0,0,0,0
1754069400,374.64,376.24,365.73,366.59,0,0,0,0
1754314200,372.77,387.72,366.21,385.86,0,0,0,0
1754328600,385.67,390.01,384.18,389.19,0,0,0,0
1754400600,384.05,388.31,375.1,377.49,0,0,0,0
1754415000,377.23,378.79,373.35,375.39,0,0,0,0
1754487000,374.75,380.74,373.03,380.24,0,0,0,0
1754501400,380.28,384.42,379.5,383.38,0,0,0,0
1754573400,387.93,406.25,387.14,400.51,0,0,0,0
1754587800,400.85,405,396.7,402.18,0,0,0,0
1754659800,397.61,409.65,389.05,393.75,0,0,0,0
1754674200,393.69,395.73,391.12,395.3,0,0,0,0
1754919000,403.77,414.15,402.83,405.5,0,0,0,0
1754933400,405.3,406.62,398.94,400.25,0,0,0,0
1755005400,400.61,401.6,390.12,394.2,0,0,0,0
1755019800,394.225,395.68,391.3,394.56,0,0,0,0
1755091800,397.5,399.48,383.5,388.64,0,0,0,0
1755106200,388.56,390.57,384.1,389.99,0,0,0,0
1755178200,380,380.98,365,371.49,0,0,0,0
1755192600,371.4,375.54,367.57,373.01,0,0,0,0
1755264600,372.02,372.6,360.01,365.11,0,0,0,0
1755279000,365.23,368.99,364.92,366.4,0,0,0,0
1755523800,359.71,367.55,358.01,366.89,0,0,0,0
1755538200,367.04,367.52,362.05,363.53,0,0,0,0
1755610200,363.34,364.85,336.14,339.76,0,0,0,0
1755624600,339.68,342.21,333.41,336.81,0,0,0,0
1755696600,339.39,342.94,325.57,339.07,0,0,0,0
1755711000,339.12,345.5,337.81,344.37,0,0,0,0
1755783000,340.05,343.33,334.89,335.51,0,0,0,0
1755797400,335.46,339.69,335.24,337.4,0,0,0,0
1755869400,335.67,359.54,332.62,356.94,0,0,0,0
1755883800,356.85,359.35,354.55,358.1,0,0,0,0
1756128600,344.91,351.51,339.2,346.31,0,0,0,0
1756143000,346.32,347.49,342.75,343.19,0,0,0,0
1756215000,341.62,347.82,340.68,345.63,0,0,0,0
1756229400,345.69,351.94,345.06,351.5,0,0,0,0
1756301400,348.68,351.77,343.16,347.23,0,0,0,0
1756315800,347.29,349.61,341.84,342.17,0,0,0,0
1756387800,346.26,348.24,338,339.75,0,0,0,0
1756402200,339.82,339.84,336.65,338.84,0,0,0,0
1756474200,334.73,339.6,332.64,338.06,0,0,0,0
1756488600,338.11,338.66,333.97,334.49,0,0,0,0
1756819800,334.7,348.57,331.6,340.76,0,0,0,0
1756834200,340.75,344.26,339.35,341.72,0,0,0,0
1756906200,342.39,344.49,333.54,335.73,0,0,0,0
1756920600,335.56,336.41,327.62,330.39,0,0,0,0
1756992600,329.9,332.5,317.71,327.17,0,0,0,0
1757007000,327.26,327.64,323.79,327.5,0,0,0,0
1757079000,335.39,335.78,320,333.45,0,0,0,0
1757093400,333.28,337.15,330.79,335.91,0,0,0,0
1757338200,328.11,333.03,321.725,328.86,0,0,0,0
1757352600,328.92,331.05,327.15,330.08,0,0,0,0
1757424600,330.44,331.96,324.46,326.24,0,0,0,0
1757439000,326.27,328.69,325.21,328.51,0,0,0,0
1757511000,332.8,340,326.22,326.45,0,0,0,0
1757525400,326.54,327.42,321.96,326.5,0,0,0,0
1757597400,326.87,329.75,322.77,325.05,0,0,0,0
1757611800,325.22,327.38,323.84,326,0,0,0,0
1757683800,329.07,336.12,327.7,332.78,0,0,0,0
1757698200,332.63,334.26,328.86,331.55,0,0,0,0
1757943000,329.52,331.34,320.46,324.26,0,0,0,0
1757957400,324.21,328.13,323.2,327.81,0,0,0,0
1758029400,329.12,332.58,324.9,331.91,0,0,0,0
1758043800,331.95,335.38,330.8,335.04,0,0,0,0
1758115800,335.42,340.11,330.86,331.15,0,0,0,0
1758130200,331.16,336.5,323.205,329.63,0,0,0,0
1758202200,335.86,356.68,334.665,354.56,0,0,0,0
1758216600,354.4,358.3,346.06,349.15,0,0,0,0
1758288600,347.49,352.91,337.08,340.24,0,0,0,0
1758303000,340.19,345.87,338.53,344.89,0,0,0,0
1758547800,337.03,341.62,328.96,336.05,0,0,0,0
1758562200,336.22,337.91,334.46,335.73,0,0,0,0
1758634200,337.49,339,333.8,334.71,0,0,0,0
1758648600,334.7,334.89,327.79,327.89,0,0,0,0
1758720600,330.93,337,328.2,329.92,0,0,0,0
1758735000,330.01,330.24,323.17,323.3,0,0,0,0
1758807000,316.65,317,297.19,298.64,0,0,0,0
1758821400,298.66,303.5,292.34,300.83,0,0,0,0
1758893400,301.2,306.84,297.69,306.59,0,0,0,0
1758907800,306.58,310,305.43,309.18,0,0,0,0
1759152600,313.81,326.25,311,323.53,0,0,0,0
1759167000,323.63,327.99,323.15,326.4,0,0,0,0
1759239000,320.68,324.36,316.18,317.41,0,0,0,0
1759253400,317.14,322.77,316.73,322.23,0,0,0,0
1759325400,331.78,343.7,331.17,337.14,0,0,0,0
1759339800,337,339.64,333,338.44,0,0,0,0
1759411800,348.69,353.2,341.25,347.11,0,0,0,0
1759426200,347.18,353.23,346.26,352.45,0,0,0,0
1759498200,351.18,358.54,344.88,352.36,0,0,0,0
1759512600,352.21,353.03,344.44,351.87,0,0,0,0
1759757400,363.13,365.16,355.23,359.58,0,0,0,0
1759771800,359.62,360,354.71,359.695,0,0,0,0
1759843800,358.83,359.45,329.44,333.85,0,0,0,0
1759858200,333.9,336.42,328.22,328.24,0,0,0,0
1759930200,335.68,336.35,322.33,329.7,0,0,0,0
1759944600,329.71,331.57,327.01,330.62,0,0,0,0
1760016600,327.29,328.95,318.86,319.43,0,0,0,0
1760031000,319.7,322.9,318.22,320.47,0,0,0,0
1760103000,323.175,323.32,303.46,310.87,0,0,0,0
1760117400,311,312.38,304.65,304.67,0,0,0,0
1760362200,306.5,313.8,300.67,308.71,0,0,0,0
1760376600,308.59,315.95,308.3,315.37,0,0,0,0
1760448600,301.055,312.69,297.31,312.4,0,0,0,0
1760463000,312.51,312.55,300.38,300.65,0,0,0,0
1760535000,303.59,308.88,294.67,296.33,0,0,0,0
1760549400,296.38,300.35,295.64,296.64,0,0,0,0
1760621400,300.015,301.51,285.53,292.91,0,0,0,0
1760635800,292.79,293.49,282.17,283.83,0,0,0,0
1760707800,279.02,290.16,278.97,287.36,0,0,0,0
1760722200,287.49,292.8,286.89,289.73,0,0,0,0
1760967000,297.48,306.16,294.4,300.63,0,0,0,0
1760981400,300.68,300.68,296.4,296.51,0,0,0,0
1761053400,293.675,305.95,291.62,302,0,0,0,0
1761067800,302.08,303.16,299.96,301.92,0,0,0,0
1761139800,293.76,297.96,283.22,283.71,0,0,0,0
1761154200,283.63,284.4,276.68,280.805,0,0,0,0
1761226200,285.5,288.22,278.71,285.66,0,0,0,0
1761240600,285.86,289,283.09,284.905,0,0,0,0
1761312600,290.55,292.14,286.09,288.24,0,0,0,0
1761327000,288.13,290.33,287.6,289.06,0,0,0,0
1761571800,299.51,299.835,293.02,296.89,0,0,0,0
1761586200,296.71,299.2,294.86,295.665,0,0,0,0
1761658200,294.89,297.25,289.51,290.36,0,0,0,0
1761672600,290.25,291.27,284.24,284.49,0,0,0,0
1761744600,284.375,286.42,278.32,280.9,0,0,0,0
1761759000,280.78,282.76,274.02,275.335,0,0,0,0
1761831000,269.985,271.34,262.15,264.62,0,0,0,0
1761845400,264.54,264.94,254.05,254.34,0,0,0,0
1761917400,269.98,276.29,263.01,269.84,0,0,0,0
1761931800,269.93,271.56,265.5,269.57,0,0,0,0
1762180200,264.19,270.3,259.83,264.39,0,0,0,0
1762194600,264.5,269.72,263.98,264.7,0,0,0,0
1762266600,255.07,258.21,248.54,250.17,0,0,0,0
1762281000,250.13,253.38,245.87,246.84,0,0,0,0
1762353000,250.2,253.2,247.05,249.54,0,0,0,0
1762367400,249.52,255.36,248.72,255.01,0,0,0,0
1762439400,252.1,252.37,236.87,239.91,0,0,0,0
1762453800,239.92,243.43,235.05,237.04,0,0,0,0
1762525800,222.58,235.86,219.75,235.81,0,0,0,0
1762540200,235.75,243.73,235.16,241.97,0,0,0,0
1762785000,249.675,249.84,234.6,241.93,0,0,0,0
1762799400,241.98,242.16,238.11,238.8,0,0,0,0
1762871400,236.455,239.21,233.28,236.86,0,0,0,0
1762885800,236.95,237.33,230.5,231.27,0,0,0,0
1762957800,233.86,234.77,222.35,222.56,0,0,0,0
1762972200,222.54,225.13,219.81,224.6,0,0,0,0
1763044200,224.1,226,211.68,212.14,0,0,0,0
1763058600,212.17,213.32,207.06,208.47,0,0,0,0
1763130600,200.58,208.78,194.56,202.72,0,0,0,0
1763145000,202.62,202.77,197.08,199.6,0,0,0,0
1763389800,196.795,204.1,191.41,191.45,0,0,0,0
1763404200,191.44,195.89,189.59,195.5,0,0,0,0
1763476200,196.5,213.83,196,210,0,0,0,0
1763490600,210,212.92,206.625,206.68,0,0,0,0
1763562600,202.09,203.54,182.51,182.9,0,0,0,0
1763577000,182.83,188.11,181.7,186.485,0,0,0,0
1763649000,192.44,193.49,173,175.74,0,0,0,0
1763663400,175.59,180.255,171.47,177.14,0,0,0,0
1763735400,172.74,181.19,166.31,170.97,0,0,0,0
1763749800,170.92,174.49,169.57,170.49,0,0,0,0
1763994600,171.62,177.02,166.01,175.3,0,0,0,0
1764009000,175.17,179.79,175,179.1,0,0,0,0
1764081000,173.995,176.56,170.4,173.53,0,0,0,0
1764095400,173.54,174.04,167.01,172.185,0,0,0,0
1764167400,173.5,180.39,169.69,179.99,0,0,0,0
1764181800,180.05,180.61,175.5,175.57,0,0,0,0
1764340200,182.94,187.28,175.08,177.09,0,0,0,0
1764599400,168.24,168.28,155.61,162.35,0,0,0,0
1764613800,162.355,172.17,160.83,171.5,0,0,0,0
1764685800,178.06,184.99,176.9,184.05,0,0,0,0
1764700200,184.02,188.37,181.26,181.32,0,0,0,0
1764772200,183.255,190.38,179.03,185.97,0,0,0,0
1764786600,186,189.47,183.85,188.37,0,0,0,0
1764858600,186.34,190.99,183.74,187.42,0,0,0,0
1764873000,187.35,187.73,182.38,186.01,0,0,0,0
1764945000,183.56,185.38,176.35,180.03,0,0,0,0
1764959400,180.02,181.09,177.62,179.06,0,0,0,0
1765204200,181.96,185.55,178.01,182.76,0,0,0,0
1765218600,182.71,184.01,180.9,183.7,0,0,0,0
1765290600,181.49,198.38,179.93,193.35,0,0,1,0
1765305000,193.4,194.72,188.27,188.94,0,0,1,0
1765377000,189.33,189.33,184.26,186.7,0,0,1,0
1765391400,186.55,191.07,182.2,184.54,0,0,1,0
1765463400,179.9,180.85,171.42,177.185,0,0,1,0
1765477800,177.16,183.51,176.28,183.34,0,0,1,0
1765549800,183.09,185.23,177.13,182,0,0,1,0
1765564200,181.89,182.64,176.22,176.46,0,0,1,0
1765809000,176.02,176.45,161.61,161.9,0,0,0,0
1765823400,161.86,165.43,160.55,162.1,0,0,0,0
1765895400,165,171.45,161.99,164,0,0,1,0
1765909800,164,168.6,163.24,167.47,0,0,1,0
1765981800,167.745,171.1,163.55,164.12,0,0,1,0
1765996200,164.1,164.37,160.31,160.41,0,0,0,0
1766068200,167.62,169.51,159.79,161.57,0,0,0,0
1766082600,161.64,162.83,157.44,158.29,0,0,0,0
1766154600,163.39,167.74,161.64,164.6,0,0,1,0
1766169000,164.5,166.11,162.8,164.43,0,0,1,0
1766413800,168.93,170.63,164.92,166.23,0,0,1,0
1766428200,166.27,166.46,163.69,164.24,0,0,0,0
1766500200,162.25,162.73,156.72,158.36,0,0,0,0
1766514600,158.39,159.19,156.51,157.88,0,0,0,0
1766586600,157.2,159.28,155.09,158.69,0,0,0,0
1766759400,159.89,159.89,154.13,157.23,0,0,0,0
1766773800,157.32,159.26,156.87,158.82,0,0,0,0
1767018600,157.9,162.92,155.86,156.7,0,0,0,0
1767033000,156.72,157.27,155.33,155.33,0,0,0,0
1767105000,155.89,159.38,154.16,157.24,0,0,0,0
1767119400,157.27,157.65,155.5,155.5,0,0,0,0
1767191400,156.17,156.74,152.53,154.215,0,0,0,0
1767205800,154.18,154.68,151.43,151.86,0,0,0,0
1767364200,154.6,160.76,149.79,157.67,0,0,0,0
1767378600,157.63,158.44,155.9,157.27,0,0,0,0
1767623400,163.16,167.68,160.98,161.52,0,0,1,0
1767637800,161.5,166.17,161.14,164.67,0,0,1,0
1767709800,166.805,167.1,154.95,155.46,0,0,0,0
1767724200,155.45,159.65,154.06,158.03,0,0,1,0
1767796200,163.51,170.12,158.47,161.34,0,0,1,0
1767810600,161.37,162.65,159.84,161.5,0,0,1,0
1767882600,158.635,170.6,156.2,169.4,0,0,0,0
1767897000,169.39,170.4,165.18,166.86,0,0,0,0
1767969000,166.72,167.2,155.47,158.77,0,0,0,0
1767983400,158.78,159.87,156.81,157.31,0,0,0,0
1768228200,156.15,161.98,154.69,160.83,0,0,0,0
1768242600,160.82,163.82,159.93,162.24,0,0,0,0
1768314600,164.445,169.9,160.73,169.86,0,0,0,0
1768329000,169.88,173.76,168.95,173.22,0,0,0,0
1768401000,178.43,190.2,176.8,179.17,0,0,0,0
1768415400,179.18,180.54,176.12,179.22,0,0,0,0
1768487400,179.125,179.22,170.1,175.32,0,0,0,0
1768501800,175.325,175.75,170.79,170.9,0,0,0,0
1768573800,171.96,173.88,167.62,171.82,0,0,0,0
1768588200,171.89,173.86,170.7,173.72,0,0,0,0
1768919400,165.17,165.72,158.85,160.97,0,0,0,0
1768933800,160.99,163.03,159.45,160.27,0,0,0,0
1769005800,161.27,164.16,156.02,158.97,0,0,0,0
1769020200,158.98,165.73,158.245,163.91,0,0,0,0
1769092200,163.725,164.64,159.47,162.62,0,0,0,0
1769106600,162.54,163.67,160.67,160.82,0,0,0,0
1769178600,160.94,168.95,158.72,167.47,0,0,0,0
1769193000,167.46,167.82,162.51,163.16,0,0,0,0
1769437800,159.41,163.12,158.62,161.62,0,0,0,0
1769452200,161.6,163.9,160.29,160.52,0,0,0,0
1769524200,160.32,160.99,156.98,158.45,0,0,0,0
1769538600,158.5,161.64,157.72,161.62,0,0,0,0
1769610600,164.46,165.68,159.04,159.63,0,0,0,0
1769625000,159.6,160.44,156.99,158.37,0,0,0,0
1769697000,155.95,156.005,141.64,142.11,0,0,0,0
1769711400,142.05,143.24,139.365,143.24,0,0,0,0
1769783400,139.995,145.95,139.89,143.64,0,0,0,0
1769797800,143.62,151.13,142.8,149.73,0,0,0,0
1770042600,139.64,147.89,138,142.79,0,0,0,0
1770057000,142.7,144.66,139.39,139.7,0,0,0,0
1770129000,140.135,140.23,128.62,128.87,0,0,0,0
1770143400,128.8,133.46,126.75,133.27,0,0,0,0
1770215400,130.01,130.77,121.2,123.94,0,0,0,0
1770229800,124.03,129.505,123.11,128.77,0,0,0,0
1770301800,120.31,122,109.84,110.31,0,0,0,0
1770316200,110.33,111.46,104.17,106.96,0,0,0,0
1770388200,114.95,133.82,114.68,131.1,0,0,0,0
1770402600,131.17,135.6,131.1,134.9,0,0,0,0
1770647400,127.4,139.56,125.11,137.69,0,0,0,0
1770661800,137.73,138.84,135.56,138.43,0,0,0,0
1770733800,133.64,139.16,133.5,134.2,0,0,0,0
1770748200,134.17,135.8,132.67,132.92,0,0,0,0
1770820200,133.685,133.8,124.3,125.25,0,0,0,0
1770834600,125.25,127.37,123.92,126.16,0,0,0,0
1770906600,127.57,128.49,120.64,121.89,0,0,0,0
1770921000,121.71,124.63,120.9,122.86,0,0,0,0
1770993000,127.1,134.39,125.77,132.26,0,0,0,0
1771007400,132.3,135.25,132.13,133.89,0,0,0,0
1771338600,129.01,131.88,125.93,130.61,0,0,0,0
1771353000,130.65,132.12,128.37,128.68,0,0,0,0
1771425000,127.68,132.24,126.02,127,0,0,0,0
1771439400,126.99,127.33,123.62,125.21,0,0,0,0
1771511400,123.45,127.15,121.89,126.77,0,0,0,0
1771525800,126.76,130.04,125.93,129.47,0,0,0,0
1771597800,130.51,136.15,129.45,131.81,0,0,0,0
1771612200,131.75,133.95,130.34,130.945,0,0,0,0
1771857000,127.97,130.31,122.84,124.31,0,0,0,0
1771871400,124.34,125.88,123.35,123.685,0,0,0,0
1771943400,121.68,124.82,118.4,124.2,0,0,0,0
1771957800,124.22,126.67,123.78,124.6,0,0,0,0
1772029800,130.045,136.81,129,136.69,0,0,0,0
1772044200,136.69,137.86,135.17,135.68,0,0,0,0
1772116200,133.7,135.73,128.63,129.72,0,0,0,0
1772130600,129.66,134.31,129.55,133.46,0,0,0,0
1772202600,128.88,131.12,127.99,128.64,0,0,0,0
1772217000,128.57,130.1,127.87,129.63,0,0,0,0
1772461800,129.32,140.14,128.94,136.75,0,0,0,0
1772476200,136.8,138.61,136.09,137.67,0,0,0,0
1772548200,133.47,136.02,127.82,135.22,0,0,0,0
1772562600,135.16,136.44,132.5,132.715,0,0,0,0
1772634600,144.03,149.55,142.2,147.33,0,0,0,0
1772649000,147.32,148.59,146.13,146.25,0,0,0,0
1772721000,144.71,146.4,137.28,139.17,0,0,0,0
1772735400,138.92,141.75,138.79,139.75,0,0,0,0
1772807400,134.875,136.3,132.6,134.32,0,0,0,0
1772821800,134.33,135.01,131.78,133.52,0,0,0,0
1773063000,136.2,139.66,135.35,136.93,0,0,0,0
1773077400,136.85,140.17,135.48,138.95,0,0,0,0
1773149400,141.8,142.46,136.08,140.65,0,0,0,0
1773163800,140.61,141,138.22,138.44,0,0,0,0
1773235800,139.95,142.67,135.14,139.53,0,0,0,0
1773250200,139.53,139.69,136.93,138.32,0,0,0,0
1773322200,137.15,138.78,133.4,135.97,0,0,0,0
1773336600,135.95,137.6,134.59,137.39,0,0,0,0
1773408600,143.85,147.26,139.5,140.51,0,0,0,0
1773423000,140.52,140.71,138.44,139.73,0,0,0,1
1773667800,145.35,148.24,143.32,145.66,0,0,0,0
1773682200,145.69,148.22,145.39,147.62,0,0,0,0
1773754200,146.01,151.67,145.27,150.5,0,0,0,0
1773768600,150.51,152.27,149.63,150.35,0,0,0,0
1773840600,144.99,146.75,140.36,141.81,0,0,0,0
1773855000,141.88,143.45,140.4,140.58,0,0,0,0
1773927000,135.03,138.53,133.04,135.83,0,0,0,0
1773941400,135.88,139.78,135.41,138.17,0,0,0,0
1774013400,139.5,139.53,134.58,135.96,0,0,0,0
1774027800,135.945,136.79,134.15,135.68,0,0,0,0
1774272600,138.625,139.93,133.97,134.71,0,0,0,0
1774287000,134.7,138.72,134.68,138.22,0,0,0,0
1774359000,138.72,140.05,134.32,134.56,0,0,0,0
1774373400,134.54,138.18,134.28,136.29,0,0,0,0
1774445400,140.54,143.85,138.33,139.66,0,0,0,0
1774459800,139.6,140.3,136.8,139.14,0,0,0,0
1774531800,136.49,139.04,133.621,134.19,0,0,0,0
1774546200,134.22,135.61,132.7,132.89,0,0,0,0
1774618200,129.88,130.59,123.98,125.67,0,0,0,0
1774632600,125.72,127.35,125.05,126.07,0,0,0,0
1774877400,129.64,130.3,123.53,123.88,0,0,0,0
1774891800,123.9,124.82,120.8,121.435,0,0,0,0
1774963800,123.01,124.2,117.75,122.18,0,0,0,0
1774978200,122.13,125.28,121.4,124.9,0,0,0,0
1775050200,126.155,126.28,122.1,124.54,0,0,0,0
1775064600,124.53,124.72,121.47,122.78,0,0,0,0
1775136600,119.61,122.62,116.42,120.45,0,0,0,0
1775151000,120.34,120.47,118.61,119.86,0,0,0,0
1775482200,124.57,128.44,123.2,125.27,0,0,0,0
1775496600,125.23,127.91,124.42,127.76,0,0,0,0
1775568600,125.24,126.74,121.13,122.89,0,0,0,0
1775583000,122.93,124.4,121.5,123.77,0,0,0,0
1775655000,133.665,134.48,126.63,128.42,0,0,0,0
1775669400,128.46,129.59,126.18,128.28,0,0,0,0
1775741400,127.86,132.22,125.82,130.83,0,0,0,0
1775755800,130.8,131.72,127.7,128.92,0,0,0,0
1775827800,130.06,132.25,127.41,128.88,0,0,0,0
1775842200,128.87,129.11,127.7,128.63,0,0,0,0
1776087000,126.57,131.61,125.03,131.01,0,0,0,0
1776101400,131.03,132.48,129.62,132.41,0,0,0,0
1776173400,137.97,143.7,137.3,138.685,0,0,0,0
1776187800,138.67,138.98,136.32,137.405,0,0,0,0
1776259800,139.75,140.2,137.04,138.22,0,0,0,0
1776274200,138.26,143.6,137.88,143.53,0,0,0,0
1776346200,143.18,145.9,139.33,143.85,0,0,0,0
1776360600,143.84,149.14,143.65,149.06,0,0,0,0
1776432600,154.57,173.15,153.74,163.9,0,0,0,0
1776447000,163.82,167.25,163.06,166.54,0,0,0,0
1776691800,162.295,167.27,160.68,166.92,0,0,0,0
1776706200,166.92,171.05,166.61,170.89,0,0,0,0
1776778200,170.5,172.9,163.91,164.95,0,0,0,0
1776792600,164.88,169.5,163.75,164,0,0,0,0
1776864600,174.97,183.25,174.2,177.16,0,0,0,0
1776879000,177.1,179.96,176.68,179.185,0,0,0,0
1776951000,175.88,180.92,173.78,175.65,0,0,0,0
1776965400,175.61,176.68,171.25,172.52,0,0,0,0
1777037400,176.88,177.26,169.03,171.36,0,0,0,0
1777051800,171.36,172.66,170.02,171.005,0,0,0,0
1777296600,170.76,175.76,167.63,171.135,0,0,0,0
1777311000,171.13,171.76,168.75,169.23,0,0,0,0
1777383000,163.96,166.49,159.7,165.56,0,0,0,0
1777397400,165.56,166.84,164.98,165.78,0,0,0,0
1777469400,165.82,165.82,158.2,159.73,0,0,0,0
1777483800,159.79,160.08,156.4,158.19,0,0,0,0
1777555800,161.725,166.64,159.03,163.84,0,0,0,0
1777570200,163.87,166.82,163.87,165.38,0,0,0,0
1777642200,170.875,178.15,169.43,177.61,0,0,0,0
1777656600,177.62,180.375,176.41,177.18,0,0,0,0
1777901400,180.9,186.01,178.5,185.28,0,0,0,0
1777915800,185.28,185.7,182.13,183.97,0,0,0,0
1777987800,189.55,190.41,183.75,184.81,0,0,0,0
1778002200,184.79,187.85,184.12,186.74,0,0,0,0
1778074200,184.77,188.24,181.85,184.87,0,0,0,0
1778088600,184.86,187.5,182.85,186.81,0,0,0,0
1778160600,184.75,184.75,175.83,176.41,0,0,0,0
1778175000,176.43,180.22,175.72,179.83,0,0,0,0
1778247000,178.68,185.3,177.63,183.23,0,0,0,0
1778261400,183.26,187.78,183.15,187.55,0,0,0,0
1778506200,189.15,193.97,182.31,193.79,0,0,0,0
1778520600,193.7,197.01,193.06,195.94,0,0,0,0
1778592600,191.325,192.22,179.86,183.71,0,0,0,0
1778607000,183.65,185.36,182.2,184.42,0,0,0,0
1778679000,182.31,182.47,175.57,179.8,0,0,0,0
1778693400,179.88,181.63,177.96,178,0,0,0,0
1778765400,177.85,193,174.71,189.68,0,0,0,0
1778779800,189.46,192.39,186.34,186.93,0,0,0,0
1778851800,182.2,182.22,173.6,175.5,0,0,0,0
1778866200,175.67,180.48,175.67,177.36,0,0,0,0
1779111000,168.22,169.05,162.01,165.205,0,0,0,0
1779125400,165.16,166.79,162.5,166.66,0,0,0,0
1779197400,163.93,168.49,163.5,167,0,0,0,0
1779211800,166.91,167.27,164.46,164.66,0,0,0,0
1779283800,165.86,168.75,163.3,168.3,0,0,0,0
1779298200,168.42,169.22,165.5,165.89,0,0,0,0
1779370200,164.36,168.7,162,168.06,0,0,0,0
1779384600,168.03,168.22,164.04,164.83,0,0,0,0
1779456600,164.32,165.66,159.4,163.69,0,0,0,0
1779471000,163.9,164.1,159.26,159.87,0,0,0,0
1779802200,161,166.98,160.78,161.39,0,0,0,0
1779816600,161.4,161.63,159.28,159.96,0,0,0,0
1779888600,156.52,157.5,154.33,154.71,0,0,0,0
1779903000,154.74,155.6,153.84,154.15,0,0,0,0
1779975000,148.98,152.33,144.3,152.3,0,0,0,0
1779989400,152.32,153.64,150.69,151.61,0,0,0,0
1780061400,149.96,162.07,148.2,161.24,0,0,0,0
1780075800,161.26,161.855,157.79,159.21,0,0,0,0
1780320600,148.46,153.36,144.3,153.08,0,0,0,0
1780335000,153.16,153.87,149.43,149.76,0,0,0,0
1780407000,142.685,142.85,134.13,137.66,0,0,0,0
1780421400,137.61,138,134.13,136.1,0,0,0,0
1780493400,134.46,138.18,129.85,130.95,0,0,0,0
1780507800,130.91,132.06,126.36,126.53,0,0,0,0
1780579800,126.9,131.47,125.65,127.22,0,0,0,0
1780594200,127.26,131.34,126.275,129.33,0,0,0,0
1780666200,124.19,125.3,115.8,117.17,0,0,0,0
1780680600,117.18,121.13,114.31,120.57,0,0,0,0
1780925400,125.73,128.99,123.16,127.11,0,0,0,0
1780939800,127.12,128.75,126.35,127.195,0,0,0,0
1781011800,122.98,125.55,114.21,117.28,0,0,0,0
1781026200,117.24,118.5,115.64,117.02,0,0,0,0
1781098200,116.32,120.79,115.45,117.5,0,0,0,0
1781112600,117.51,117.69,115.245,115.35,0,0,0,0
1781184600,116.28,118.8,113.28,115.1,0,0,0,0
1781199000,116.03,121.1,114.74,120.2,0,0,0,0
1781271000,119.43,128.6,117.28,123.401,0,0,0,0
1781285400,123.46,124.24,122.52,123.97,0,0,0,0
1781530200,133.22,136.25,130.62,133.54,0,0,0,0
1781544600,133.59,134.86,130.88,131.16,0,0,0,0
1781616600,129.28,131.69,124.15,124.275,0,0,0,0
1781631000,124.2,126.05,122.52,122.86,0,0,0,0
1781703000,123.01,125.31,120.61,124.27,0,0,0,0
1781717400,124.3,124.32,116.41,116.44,0,0,0,0
1781789400,117.68,117.86,107.85,109.02,0,0,0,0
1781803800,108.99,113.81,108.3,112.41,0,0,0,0
1782135000,116.15,120,109.44,109.72,0,0,0,0
1782149400,109.71,110.64,107.33,109.45,0,0,0,0
1782221400,106.65,107.75,104.82,105.75,0,0,0,0
1782235800,105.77,106.2,103.52,103.88,0,0,0,0
1782307800,102.55,102.95,92.81,93.45,0,0,0,0
1782322200,93.41,96.4,92.28,94.16,0,0,0,0
1782394200,94.62,94.76,85,86.31,0,0,0,0
1782408600,86.35,87.9,85.32,85.34,0,0,0,0
1782480600,83.23,87.67,82.33,85.02,0,0,0,0
1782495000,85.05,85.17,81.81,82.16,0,0,0,0
1782739800,85.55,93.4,82.74,92.65,0,0,0,0
1782754200,92.62,94.37,91.47,92.57,0,0,0,0
1782826200,86.2,88.25,83.42,85.24,0,0,0,0
1782840600,85.25,87.83,84.55,86.925,0,0,0,0
1782912600,87.695,98.46,86.23,98.3,0,0,0,0
1782927000,98.29,98.51,93.37,93.39,0,0,0,0
1782999000,99.84,104.1,97.6,100.75,0,0,0,0
1783013400,100.71,101.5,99.09,100.77,0,0,0,0
1783344600,95.135,104.74,94.62,103.36,0,0,0,0
1783359000,103.39,103.54,100.01,100.75,0,0,0,0
1783431000,101.1,103.56,96.96,101.57,0,0,0,0
1783445400,101.69,102.09,97.23,97.32,0,0,0,0
1783517400,93.755,94.91,91.85,94.86,0,0,0,0
1783531800,94.9,95.03,93.64,93.83,0,0,0,0
1783603800,93.73,96.79,92.86,95.01,0,0,0,0
1783618200,95.05,96.18,93.84,93.85,0,0,0,0
1783690200,98.6,100.12,93.59,94.12,0,0,0,0
1783704600,94.11,94.95,93.36,94.62,0,0,0,0
1783949400,91.49,93.66,90.02,91.52,0,0,0,0
1783963800,91.55,92.75,91.13,92.12,0,0,0,0
1784035800,94.91,98.04,93.6,95.7,0,0,0,0
1784050200,95.74,97.98,95.625,97.6,0,0,0,0
1784122200,100.09,101.94,96.8,98.69,0,0,0,0
1784136600,98.73,98.97,96.37,97.4,0,0,0,0
1784208600,95.99,96.6,93.45,94.24,0,0,0,0
1784223000,94.26,95.56,93.6,94.03,0,0,0,0
1784295000,91.19,95.88,90.06,95.22,0,0,0,0
1784309400,95.21,95.47,93.69,94.83,0,0,0,0
1784554200,95.42,100.01,94.87,99.74,0,0,0,0
1784568600,99.77,100.7,96.96,97.79,0,0,0,0
1784640600,101.3,104.6,100.32,101.44,0,0,0,0
1784655000,101.45,102.08,99.95,101.93,0,0,0,0
1784727000,100.06,101.95,98.12,99.95,0,0,0,0
1784741400,99.96,100.42,99.3,99.98,0,0,0,0
1784813400,97.12,97.51,92.33,94.07,0,0,0,0
1784827800,94.01,95.16,93.33,93.64,0,0,0,0
1784899800,93.25,93.67,89.76,93.23,0,0,0,0
1784914200,93.22,93.44,91.62,91.7,0,0,0,0
1785159000,94.59,98.74,94.07,98.2,0,0,0,0
1785173400,98.15,99.14,97.55,98.66,0,0,0,0
1785245400,95.46,98.365,93.14,97.5,0,0,0,0
1785259800,97.45,97.45,95.45,96.17,0,0,0,0
1785331800,96.43,98.15,94.66,96.09,0,0,0,0
1785346200,96.04,100.05,93.28,93.39,0,0,0,0
1785418200,95.07,97.39,94.35,96.77,0,0,0,0