time,open,high,low,close,cycle_day,dcl_event,dcl_price,DCL,MA,F_net,Primary (STRF/LQD),Credit (STRC x0.5),Friction (STABLE x0.4),Self (MSTR x0.3),Multiplier,dF_net (ROC),dF_net_5bar (momentum),Into Bear,Into Bull,Into Strong Bear,Bounce Exhaustion
1445866200,18.765,19.704,16.419,17.207,17,0,,0,13.41927868,-0.3,0,0,0,-0.3,1,0,-0.39711183939452954,0,0,0,0
1446474600,17.281,18.168,17.128,17.765,18,0,,0,13.454418680000002,-0.18,0,0,0,-0.18,1,0.12,0.1200000000000001,0,1,0,0
1447079400,17.786,17.786,16.821,16.887,19,0,,0,13.485733675,-0.3,0,0,0,-0.3,1,-0.12,-0.2755256088038546,0,1,0,0
1447684200,16.888,17.625,16.811,17.321,20,0,,0,13.51473367,-0.18,0,0,0,-0.18,1,0.12,-0.02463898322186875,0,1,0,0
1448289000,17.348,17.78,16.93,17.556,21,0,,0,13.545188675000002,-0.18,0,0,0,-0.18,1,0,0.12000000000000008,0,0,0,0
1448893800,17.38,17.9,17.136,17.684,22,0,,0,13.570383675,-0.09849196868326808,0,0,0,-0.09849196868326808,1,0.08150803131673191,0.201508031316732,0,0,0,0
1449498600,17.6,17.741,17.054,17.414,23,0,,0,13.596093675000002,-0.3,0,0,0,-0.3,1,-0.2015080313167319,-0.11999999999999998,0,1,0,0
1450103400,17.392,18.122,17.114,17.574,24,0,,0,13.620913670000002,-0.12304003827986087,0,0,0,-0.12304003827986087,1,0.17695996172013911,0.17695996172013911,0,1,0,0
1450708200,17.734,17.84,17.454,17.761,25,0,,0,13.640808665000002,-0.11841108583162639,0,0,0,-0.11841108583162639,1,0.004628952448234483,0.0615889141683736,0,0,0,0
1451313000,17.661,18.18,17.536,17.929,26,0,,0,13.662718665000002,0.049863465409608176,0,0,0,0.049863465409608176,1,0.16827455124123458,0.22986346540960817,0,0,0,0
1451917800,17.617,17.798,14.10601,14.815,27,0,,0,13.671168665000003,-0.3,0,0,0,-0.3,1,-0.34986346540960817,-0.2015080313167319,0,1,0,0
1452522600,14.982,15.704,14.295,14.993,28,0,,0,13.680758665,-0.18,0,0,0,-0.18,1,0.12,0.12,0,1,0,1
1453213800,15.121,15.408,14.101,14.991,29,0,,0,13.686248670000003,-0.3,0,0,0,-0.3,1,-0.12,-0.17695996172013911,0,1,0,0
1453732200,14.921,17.377,14.154,17.251,30,0,,0,13.70250367,0.3,0,0,0,0.3,1,0.6,0.4184110858316264,0,1,0,0
1454337000,17.108,17.616,15.5805,15.646,31,0,,0,13.708103675000002,-0.25130249407747646,0,0,0,-0.25130249407747646,1,-0.5513024940774764,-0.30116595948708463,0,1,0,0
1454941800,15.453,16.171,14.555,15.19,32,0,,0,13.710503670000001,-0.3,0,0,0,-0.3,1,-0.04869750592252353,0,0,0,0,0
1455633000,15.371,15.824,14.762,15.325,33,0,,0,13.714528670000002,-0.18,0,0,0,-0.18,1,0.12,0,0,1,0,0
1456151400,15.532,16,15.027,15.858,34,0,,0,13.723263670000001,-0.13893348142197218,0,0,0,-0.13893348142197218,1,0.041066518578027816,0.1610665185780278,0,0,0,0
1456756200,15.835,17.283,15.8,16.898,35,0,,0,13.731593665,0.3,0,0,0,0.3,1,0.4389334814219722,0,0,0,0,0
1457361000,16.798,17.111,15.937,17.059,36,0,,0,13.745468665,0.3,0,0,0,0.3,1,0,0.5513024940774764,0,0,0,0
1457962200,16.959,17.558,16.221,17.512,37,0,,0,13.768503665,0.3,0,0,0,0.3,1,0,0.6,0,0,0,0
1458567000,17.484,17.73,16.8535,17.282,38,0,,0,13.791533670000002,0.10846946756803715,0,0,0,0.10846946756803715,1,-0.19153053243196283,0.28846946756803715,0,0,0,0
1459171800,17.418,18.309,16.848,18.275,39,0,,0,13.823458675000001,0.3,0,0,0,0.3,1,0.19153053243196283,0.4389334814219722,0,0,0,0
1459776600,18.342,18.665,17.672,17.88,40,0,,0,13.851778675000002,0.1278122706410942,0,0,0,0.1278122706410942,1,-0.17218772935890578,-0.17218772935890578,0,0,0,0
1460381400,18.212,18.941,17.897,18.617,41,0,,0,13.882698675000002,0.3,0,0,0,0.3,1,0.17218772935890578,0,0,0,0,0
1460986200,18.632,19.184,18.523,19.18,42,0,,0,13.914028675000003,0.3,0,0,0,0.3,1,0,0,0,0,0,0
1461591000,19.19,19.24,17.026,17.932,43,0,,0,13.938758675000004,0.01136077314747412,0,0,0,0.01136077314747412,1,-0.28863922685252585,-0.09710869442056302,0,0,0,0
1462195800,17.982,18.594,17.751,18.257,44,0,,0,13.970258670000003,-0.03173278563471385,0,0,0,-0.03173278563471385,1,-0.04309355878218797,-0.3317327856347138,0,0,0,0
1462800600,18.244,19.218,18.125,18.215,45,0,,0,14.003053670000002,0.12862580543634128,0,0,0,0.12862580543634128,1,0.16035859107105513,0.0008135347952470673,0,0,0,0
1463405400,18.26,18.542,17.636,17.928,46,0,,0,14.03502867,-0.1663149261224743,0,0,0,-0.1663149261224743,1,-0.2949407315588156,-0.4663149261224743,0,0,0,0
1464010200,17.96,19.151,17.958,19.093,47,0,,0,14.071953670000003,0.3,0,0,0,0.3,1,0.46631492612247427,-5.551115123125783e-17,0,0,0,0
1464701400,19.11,19.11,18.382,18.869,48,0,,0,14.105133670000003,0.18,0,0,0,0.18,1,-0.12,0.1686392268525258,0,0,0,0
1465219800,18.975,19.599,18.669,18.776,49,0,,0,14.135193670000003,0.10982171021439696,0,0,0,0.10982171021439696,1,-0.07017828978560303,0.14155449584911073,0,0,0,0
1465824600,18.658,19.1005,17.739,17.918,50,0,,0,14.161378670000001,-0.3,0,0,0,-0.3,1,-0.40982171021439695,-0.4286258054363413,0,1,0,0
1466429400,18.201,18.62499,17.26,17.312,51,0,,0,14.185648670000003,-0.3,0,0,0,-0.3,1,0,-0.1336850738775257,0,0,0,0
1467034200,17.073,17.696,16.502,17.239,52,0,,0,14.209088675000002,-0.15579497610937468,0,0,0,-0.15579497610937468,1,0.1442050238906253,-0.4557949761093747,0,1,0,0
1467725400,17.118,17.991,16.80001,17.829,53,0,,0,14.233288675000004,0.06552572991878862,0,0,0,0.06552572991878862,1,0.22132070602816328,-0.11447427008121139,0,0,0,0
1468243800,18.007,18.80613,17.797,18.721,54,0,,0,14.260368675000002,0.3,0,0,0,0.3,1,0.23447427008121136,0.19017828978560297,0,0,0,0
1468848600,18.678,19.176,18.225,18.784,55,0,,0,14.286828675000002,0.18,0,0,0,0.18,1,-0.12,0.4799999999999999,0,0,0,0
1469453400,18.766,18.766,16.1895,17.489,56,1,16.1895,1,14.307238670000002,-0.3,0,0,0,-0.3,1,-0.48,-5.551115123125783e-17,0,1,0,0
1470058200,17.432,17.432,16.294,16.632,57,0,,0,14.328198675000003,-0.18,0,0,0,-0.18,1,0.12,-0.02420502389062537,0,1,0,0
1470663000,16.611,16.708,16.321,16.543,58,0,,0,14.351783680000004,-0.18,0,0,0,-0.18,1,0,-0.24552572991878868,0,0,0,0
1471267800,16.543,16.76,16.318,16.664,59,0,,0,14.376033680000003,-0.15792476995203183,0,0,0,-0.15792476995203183,1,0.02207523004796816,-0.4579247699520319,0,0,0,0
1471872600,16.66,17.1815,16.404,16.747,60,0,,0,14.404863680000004,-0.0828364413875483,0,0,0,-0.0828364413875483,1,0.07508832856448354,-0.2628364413875484,0,0,0,0
1472477400,16.73,17.126,16.509,16.978,5,0,,0,14.441518680000001,-0.05265850085892317,0,0,0,-0.05265850085892317,1,0.030177940528625123,0.2473414991410767,0,0,0,0
1473168600,16.949,17.367,16.75,17.07,6,0,,0,14.479058680000003,0.14733792903022266,0,0,0,0.14733792903022266,1,0.19999642988914584,0.32733792903022263,0,0,0,0
1473687000,17.088,17.289,16.402,16.484,7,0,,0,14.515588680000002,-0.19232512536018478,0,0,0,-0.19232512536018478,1,-0.33966305439040745,-0.012325125360184819,0,1,0,0
1474291800,16.614,17.231,16.358,17.178,8,0,,0,14.558328680000002,0.09325370680625346,0,0,0,0.09325370680625346,1,0.28557883216643826,0.2511784767582853,0,1,0,0
1474896600,17.094,17.1705,16.452,16.744,9,0,,0,14.597803675000002,-0.1545512921814079,0,0,0,-0.1545512921814079,1,-0.24780499898766134,-0.07171485079385959,0,0,0,0
1475501400,16.697,17.427,16.272,17.298,10,0,,0,14.640013675000002,0.16426164519112904,0,0,0,0.16426164519112904,1,0.3188129373725369,0.2169201460500522,0,0,0,0
1476106200,17.422,17.8,17.007,17.22,11,0,,0,14.680612525,0.22288122545944009,0,0,0,0.22288122545944009,1,0.058619580268311045,0.0755432964292174,0,0,0,0
1476711000,17.25,17.425,16.667,16.861,12,0,,0,14.716837525,-0.11799508868100053,0,0,0,-0.11799508868100053,1,-0.3408763141404406,0.07433003667918425,0,0,0,0
1477315800,16.984,19.901,16.9035,19.147,13,0,,0,14.765797525000004,0.3,0,0,0,0.3,1,0.41799508868100055,0.20674629319374654,0,0,0,0
1477920600,19.277,19.679,18.654,19.016,14,0,,0,14.814382520000002,0.15311902287662968,0,0,0,0.15311902287662968,1,-0.1468809771233703,0.30767031505803755,0,0,0,0
1478529000,19.298,19.8115,18.644,19.675,15,0,,0,14.865787520000001,0.3,0,0,0,0.3,1,0.1468809771233703,0.13573835480887095,0,0,0,0
1479133800,19.879,19.914,19.075,19.668,16,0,,0,14.917232525000001,0.3,0,0,0,0.3,1,0,0.0771187745405599,0,0,0,0
1479738600,19.6,19.9695,19.539,19.785,17,0,,0,14.965252525,0.17616663175063565,0,0,0,0.17616663175063565,1,-0.12383336824936433,0.29416172043163624,0,0,0,0
1480343400,19.727,19.927,18.502,19.194,18,0,,0,15.010042525000001,-0.049389119547072716,0,0,0,-0.049389119547072716,1,-0.22555575129770838,-0.3493891195470727,0,0,0,0
1480948200,19.278,20.5135,19.256,20.097,19,0,,0,15.061062530000001,0.3,0,0,0,0.3,1,0.3493891195470727,0.1468809771233703,0,0,0,0
1481553000,20.072,20.56,19.624,20.04,20,0,,0,15.109222530000002,0.18,0,0,0,0.18,1,-0.12,-0.12,0,0,0,0
1482157800,20.08,20.72799,19.536,20.122,21,0,,0,15.158707530000004,0.07315039031982865,0,0,0,0.07315039031982865,1,-0.10684960968017135,-0.22684960968017134,0,0,0,0
1482849000,20.065,20.698,19.59,19.74,22,0,,0,15.205862530000005,0.07127132948182661,0,0,0,0.07127132948182661,1,-0.0018790608380020307,-0.10489530226880904,0,0,0,0
1483453800,19.855,20.274,19.702,19.917,23,0,,0,15.248352530000004,0.16748253780595418,0,0,0,0.16748253780595418,1,0.09621120832412756,0.2168716573530269,0,0,0,0
1483972200,19.969,20.422,19.667,20.38,24,0,,0,15.294112530000001,0.3,0,0,0,0.3,1,0.1325174621940458,2.7755575615628914e-17,0,0,0,0
1484663400,20.249,20.409,19.787,20.155,25,0,,0,15.342957530000003,0.13948130696316685,0,0,0,0.13948130696316685,1,-0.16051869303683314,-0.040518693036833114,0,0,0,0
1485181800,20.192,20.596,19.9,19.958,26,0,,0,15.392207530000002,0.258063641371903,0,0,0,0.258063641371903,1,0.11858233440873617,0.1849132510520744,0,0,0,0
1485786600,19.858,20.249,19.002,19.548,27,0,,0,15.43967503,-0.20140526739103232,0,0,0,-0.20140526739103232,1,-0.45946890876293534,-0.2726765968728589,0,1,0,0
1486391400,19.431,19.463,18.56,18.935,28,0,,0,15.482910030000001,-0.3,0,0,0,-0.3,1,-0.09859473260896767,-0.4674825378059541,0,0,0,0
1486996200,19.055,19.525,18.78774,19.287,29,0,,0,15.531465035000002,-0.035482787961369236,0,0,0,-0.035482787961369236,1,0.26451721203863077,-0.3354827879613692,0,1,0,0
1487687400,19.308,19.722,19.152,19.433,30,0,,0,15.57977503,-0.025729839643710624,0,0,0,-0.025729839643710624,1,0.009752948317658612,-0.16521114660687747,0,0,0,0
1488205800,19.353,19.57,18.71,19,31,0,,0,15.629205030000001,-0.27741575365231336,0,0,0,-0.27741575365231336,1,-0.25168591400860274,-0.5354793950242164,0,1,0,0
1488810600,18.9,19.191,18.543,18.697,32,0,,0,15.67534003,-0.3,0,0,0,-0.3,1,-0.022584246347686632,-0.09859473260896767,0,0,0,0
1489411800,18.61,19.3,18.61,19.186,33,0,,0,15.72329503,-0.07007347800438782,0,0,0,-0.07007347800438782,1,0.22992652199561217,0.2299265219956122,0,1,0,0
1490016600,19.161,19.401,18.362,18.614,34,0,,0,15.770160030000001,-0.28730919843977454,0,0,0,-0.28730919843977454,1,-0.21723572043538672,-0.25182641047840526,0,1,0,0
1490621400,18.35,18.941,18.222,18.78,35,0,,0,15.818320030000002,-0.15177114162981145,0,0,0,-0.15177114162981145,1,0.1355380568099631,-0.1260413019861008,0,1,0,0
1491226200,18.79,19.40999,18.103,18.28,36,0,,0,15.864865025000002,-0.3,0,0,0,-0.3,1,-0.14822885837018854,-0.022584246347686604,0,1,0,0
1491831000,18.348,18.717,18.155,18.161,37,0,,0,15.910200025000002,-0.18,0,0,0,-0.18,1,0.12,0.12000000000000002,0,1,0,0
1492435800,18.26553,19.144,18.185,18.759,38,0,,0,15.961860025,-0.023359663978045907,0,0,0,-0.023359663978045907,1,0.1566403360219541,0.04671381402634195,0,0,0,0
1493040600,19.046,19.458,18.154,19.017,39,0,,0,16.013465019999998,-0.11131586521848622,0,0,0,-0.11131586521848622,1,-0.0879562012404403,0.17599333322128835,0,0,0,0
1493645400,19.044,19.457,18.27801,19.095,40,0,,0,16.064070015,0.01945651309458029,0,0,0,0.01945651309458029,1,0.1307723783130665,0.17122765472439175,0,0,0,0
1494250200,19.086,19.39,18.385,18.531,41,0,,0,16.10787001,-0.10835088498510159,0,0,0,-0.10835088498510159,1,-0.1278073980796819,0.1916491150148984,0,0,0,0
1494855000,18.505,18.919,18.2955,18.378,42,0,,0,16.151375010000002,-0.20623998692992054,0,0,0,-0.20623998692992054,1,-0.09788910194481895,-0.02623998692992055,0,1,0,0
1495459800,18.408,18.613,18,18.077,43,0,,0,16.19307501,-0.3,0,0,0,-0.3,1,-0.09376001307007945,-0.2766403360219541,0,0,0,0
1496151000,18.042,18.95,18.0001,18.832,44,0,,0,16.239685005000002,0,0,0,0,0,1,0.3,0.11131586521848619,0,1,0,0
1496669400,18.821,18.821,17.867,18.079,45,0,,0,16.280405000000002,-0.3,0,0,0,-0.3,1,-0.3,-0.31945651309458034,0,1,0,0
1497274200,18.028,18.488,17.75,18.26,46,0,,0,16.323550000000004,-0.16789441278655912,0,0,0,-0.16789441278655912,1,0.13210558721344087,-0.059543527801457524,0,1,0,0
1497879000,18.297,18.777,18.09634,18.495,47,0,,0,16.368474995000003,-0.06045989630493878,0,0,0,-0.06045989630493878,1,0.10743451648162033,0.14578009062498176,0,0,0,0
1498483800,18.56,19.34699,18.411,19.167,48,0,,0,16.418404995000007,0.20695681877203634,0,0,0,0.20695681877203634,1,0.2674167150769751,0.5069568187720364,0,0,0,0
1499088600,19.204,19.2245,18.18,18.499,49,0,,0,16.464200000000005,-0.1987006116179249,0,0,0,-0.1987006116179249,1,-0.40565743038996127,-0.19870061161792496,0,1,0,0
1499693400,18.468,19.449,18.229,18.473,50,0,,0,16.503480000000003,-0.04392057361405489,0,0,0,-0.04392057361405489,1,0.15478003800387002,0.25607942638594505,0,1,0,0
1500298200,18.472,19.116,18.416,18.848,51,0,,0,16.543445000000006,0.09668660378404556,0,0,0,0.09668660378404556,1,0.14060717739810044,0.2645810165706046,0,0,0,0
1500903000,18.781,19.635,13.521,13.999,52,0,,0,16.561525000000003,-0.3,0,0,0,-0.3,1,-0.3966866037840455,-0.23954010369506124,0,1,0,0
1501507800,13.99,14.071,13.226,13.573,53,0,,0,16.576610000000002,-0.18,0,0,0,-0.18,1,0.12,-0.38695681877203636,0,1,0,1
1502112600,13.556,13.563,12.607,12.901,54,0,,0,16.589820000000003,-0.18,0,0,0,-0.18,1,0,0.01870061161792491,0,0,0,0
1502717400,12.905,13.249,12.515,12.593,55,0,,0,16.602695005,-0.18,0,0,0,-0.18,1,0,-0.1360794263859451,0,0,0,0
1503322200,12.56,12.816,12.336,12.576,56,0,,0,16.615455,-0.18,0,0,0,-0.18,1,0,-0.2766866037840455,0,0,0,0
1503927000,12.578,13.012,12.506,12.85,57,0,,0,16.618565000000004,-0.10486324185931183,0,0,0,-0.10486324185931183,1,0.07513675814068817,0.19513675814068815,0,0,0,0
1504618200,12.816,13.0395,12.70829,12.825,58,0,,0,16.620575000000002,-0.1747720697655197,0,0,0,-0.1747720697655197,1,-0.06990882790620788,0.005227930234480288,0,0,0,0
1505136600,12.892,13.346,12.601,12.681,59,0,,0,16.620490000000004,-0.2637403827847787,0,0,0,-0.2637403827847787,1,-0.08896831301925898,-0.08374038278477869,0,1,0,0
1505741400,12.671,12.733,12.31537,12.476,60,0,,0,16.619555000000002,-0.29139542197738105,0,0,0,-0.29139542197738105,1,-0.02765503919260237,-0.11139542197738106,0,0,0,0
1506346200,12.479,12.851,12.2905,12.771,61,1,12.2905,1,16.618745000000004,-0.032088329674392436,0,0,0,-0.032088329674392436,1,0.2593070923029886,0.14791167032560756,0,1,0,0
1506951000,12.8,13.195,12.8,13.136,62,0,,0,16.621135000000002,0.3,0,0,0,0.3,1,0.33208832967439245,0.40486324185931183,0,0,0,0
1507555800,13.185,13.6015,13.0735,13.5,63,0,,0,16.626540000000006,0.1734030072708367,0,0,0,0.1734030072708367,1,-0.12659699272916328,0.3481750770363564,0,0,0,0
1508160600,13.499,13.855,13.4801,13.7,64,0,,0,16.633880000000005,0.171154897279944,0,0,0,0.171154897279944,1,-0.0022481099908926994,0.43489528006472267,0,0,0,0
1508765400,13.727,14.337,13.51,14.086,65,0,,0,16.641955000000003,0.3,0,0,0,0.3,1,0.12884510272005598,0.591395421977381,0,0,0,0
1509370200,14.032,14.128,12.968,13.368,5,0,,0,16.647165000000005,-0.042430123868441215,0,0,0,-0.042430123868441215,1,-0.3424301238684412,-0.010341794194048737,0,0,0,0
1509978600,13.332,13.599,13.21,13.35,6,0,,0,16.652380000000004,-0.042430123868441215,0,0,0,-0.042430123868441215,1,0,-0.3424301238684412,0,0,0,0
1510583400,13.265,13.457,13.087,13.376,7,0,,0,16.657795000000007,-0.12825693420771547,0,0,0,-0.12825693420771547,1,-0.08582681033927425,-0.30165994147855213,0,0,0,0
1511188200,13.4,13.812,13.379,13.743,8,0,,0,16.666950000000003,0.20438764734101014,0,0,0,0.20438764734101014,1,0.3326445815487256,0.033232750061066185,0,0,0,0
1511793000,13.744,13.85,13.342,13.5,9,0,,0,16.6716,0.05937988683128084,0,0,0,0.05937988683128084,1,-0.1450077605097293,-0.24062011316871912,0,0,0,0
1512397800,13.616,13.88,13.107,13.625,10,0,,0,16.677715000000003,0.12791131163587907,0,0,0,0.12791131163587907,1,0.06853142480459823,0.1703414355043203,0,0,0,0
1513002600,13.63697,13.63697,12.975,13.265,11,0,,0,16.678955000000002,-0.21527134610401183,0,0,0,-0.21527134610401183,1,-0.3431826577398909,-0.17284122223557058,0,1,0,0
1513607400,13.287,13.648,13.15,13.193,12,0,,0,16.678865000000005,-0.07163452156598497,0,0,0,-0.07163452156598497,1,0.14363682453802684,0.05662241264173051,0,1,0,0
1514298600,13.20275,13.296,13.0505,13.13,13,0,,0,16.679950000000005,-0.2200574212468495,0,0,0,-0.2200574212468495,1,-0.14842289968086453,-0.4244450685878596,0,1,0,0
1514903400,13.164,13.589,13.055,13.501,14,0,,0,16.681775000000005,-0.0111584381423355,0,0,0,-0.0111584381423355,1,0.208898983104514,-0.07053832497361628,0,1,0,0
1515421800,13.477,13.98,13.395,13.975,15,0,,0,16.688805000000006,0.3,0,0,0,0.3,1,0.3111584381423355,0.172088688364121,0,0,0,0
1516113000,13.996,14.215,13.788,14.098,16,0,,0,16.697120000000005,0.3,0,0,0,0.3,1,0,0.5152713461040119,0,0,0,0
1516631400,14.065,14.098,13.2,13.779,17,0,,0,16.709265000000006,0.1254994868559087,0,0,0,0.1254994868559087,1,-0.1745005131440913,0.19713400842189374,0,0,0,0
1517236200,13.712,13.985,13.48211,13.577,18,0,,0,16.721320000000006,0.08068580414463633,0,0,0,0.08068580414463633,1,-0.04481368271127237,0.3007432253914859,0,0,0,0
1517841000,13.5,13.5565,12.85,13.062,19,0,,0,16.736360000000005,-0.3,0,0,0,-0.3,1,-0.3806858041446363,-0.2888415618576644,0,1,0,0
1518445800,13.119,13.914,12.942,13.755,20,0,,0,16.752885000000006,0.16190270557023106,0,0,0,0.16190270557023106,1,0.46190270557023105,-0.13809729442976887,0,1,0,0
1519137000,13.724,13.971,13.60499,13.798,21,0,,0,16.761475000000008,0.1761650387681283,0,0,0,0.1761650387681283,1,0.014262333197897242,-0.12383496123187157,0,0,0,0
1519655400,13.819,13.8555,12.216,12.543,22,0,,0,16.76468000000001,-0.3,0,0,0,-0.3,1,-0.4761650387681283,-0.4254994868559086,0,1,0,0
1520260200,12.484,13.693,12.484,13.627,23,0,,0,16.772105000000007,0.3,0,0,0,0.3,1,0.6,0.21931419585536377,0,1,0,0
1520861400,13.658,13.67,13.103,13.176,24,0,,0,16.772170000000006,0.129145726924405,0,0,0,0.129145726924405,1,-0.17085427307559498,0.4291457269244051,0,0,0,0
1521466200,13.154,13.273,12.775,12.977,25,0,,0,16.765745000000006,-0.1073000680069252,0,0,0,-0.1073000680069252,1,-0.23644579493133022,-0.2692027735771561,0,0,0,0
1522071000,13.083,13.3145,12.5945,12.899,26,0,,0,16.759680000000007,-0.16957778703566112,0,0,0,-0.16957778703566112,1,-0.062277719028735926,-0.3457428258037893,0,0,0,0
1522675800,12.871,13.241,12.3,12.587,27,0,,0,16.751095000000007,-0.3,0,0,0,-0.3,1,-0.13042221296433887,0,0,1,0,0
1523280600,12.657,13.09,12.532,13.018,28,0,,0,16.744545000000006,-0.09567303935648942,0,0,0,-0.09567303935648942,1,0.20432696064351058,-0.3956730393564894,0,1,0,0
1523885400,13.074,13.624,12.798,13.155,29,0,,0,16.73802000000001,0.14509973537126444,0,0,0,0.14509973537126444,1,0.24077277472775388,0.015954008446859458,0,0,0,0
1524490200,13.238,13.4065,12.362,12.669,30,0,,0,16.730990000000006,-0.3,0,0,0,-0.3,1,-0.44509973537126446,-0.19269993199307478,0,1,0,0
1525095000,12.677,13.40917,12.584,13.02,31,0,,0,16.724290000000007,-0.04571798384295069,0,0,0,-0.04571798384295069,1,0.2542820161570493,0.1238598031927105,0,1,0,0
1525699800,13.041,13.235,12.862,12.928,32,0,,0,16.71865500000001,-0.024493731478532694,0,0,0,-0.024493731478532694,1,0.021224252364417998,0.27550626852146737,0,0,0,0
1526304600,12.958,13.15,12.649,13.08,33,0,,0,16.71428000000001,-0.06380948828179321,0,0,0,-0.06380948828179321,1,-0.03931575680326052,0.03186355107469621,0,0,0,0
1526909400,13.088,13.205,12.845,13.072,34,0,,0,16.71031500000001,-0.026087981678924475,0,0,0,-0.026087981678924475,1,0.037721506602868736,-0.17118771705018893,0,0,0,0
1527600600,13.032,13.5289,12.89775,13.042,35,0,,0,16.705420000000007,-0.008559833886277513,0,0,0,-0.008559833886277513,1,0.017528147792646963,0.2914401661137225,0,0,0,0
1528119000,13.108,13.3665,12.925,12.996,36,0,,0,16.69897000000001,0.027056277134867645,0,0,0,0.027056277134867645,1,0.03561611102114516,0.07277426097781832,0,0,0,0
1528723800,13.015,13.529,12.907,13.474,37,0,,0,16.69891000000001,0.3,0,0,0,0.3,1,0.27294372286513235,0.32449373147853267,0,0,0,0
1529328600,13.428,13.699,12.93607,13.115,38,0,,0,16.69611500000001,0.07005432179111154,0,0,0,0.07005432179111154,1,-0.22994567820888845,0.13386381007290474,0,0,0,0
1529933400,13.069,13.242,12.4,12.775,39,0,,0,16.690525000000008,-0.3,0,0,0,-0.3,1,-0.37005432179111153,-0.27391201832107553,0,1,0,0
1530538200,12.7,13.586,12.6,13.488,40,0,,0,16.68886000000001,0.3,0,0,0,0.3,1,0.6,0.3085598338862775,0,1,0,0
1531143000,13.454,13.722,13.31,13.583,41,0,,0,16.687145000000008,0.13528397856296095,0,0,0,0.13528397856296095,1,-0.16471602143703903,0.10822770142809329,0,0,0,0
1531747800,13.601,13.781,13.396,13.529,42,0,,0,16.686145000000007,0.2888269855547089,0,0,0,0.2888269855547089,1,0.15354300699174797,-0.01117301444529109,0,0,0,0
1532352600,13.509,13.85,12.848,12.916,43,0,,0,16.68511500000001,-0.18224088461177193,0,0,0,-0.18224088461177193,1,-0.4710678701664809,-0.25229520640288355,0,0,0,0
1532957400,12.929,13.749,12.632,13.489,44,0,,0,16.68416500000001,0.19030318409794567,0,0,0,0.19030318409794567,1,0.37254406870971757,0.49030318409794554,0,0,0,0
1533562200,13.447,14.26,13.42,14.146,45,0,,0,16.68111500000001,0.3,0,0,0,0.3,1,0.10969681590205432,-1.1102230246251565e-16,0,0,0,0
1534167000,14.121,14.381,13.851,13.953,46,0,,0,16.67823000000001,0.17025340706501493,0,0,0,0.17025340706501493,1,-0.12974659293498506,0.034969428502053895,0,0,0,0
1534771800,14.008,15.008,13.871,14.967,47,0,,0,16.67431500000001,0.3,0,0,0,0.3,1,0.12974659293498506,0.01117301444529098,0,0,0,0
1535376600,14.967,14.967,14.652,14.9,48,0,,0,16.66837500000001,0.18,0,0,0,0.18,1,-0.12,0.36224088461177184,0,0,0,0
1536067800,14.849,14.849,14.2,14.454,49,0,,0,16.66192500000001,0.09512433158761947,0,0,0,0.09512433158761947,1,-0.08487566841238052,-0.09517885251032625,0,0,0,0
1536586200,14.487,14.9865,14.374,14.913,50,0,,0,16.65311500000001,0.2905117269706712,0,0,0,0.2905117269706712,1,0.19538739538305172,-0.009488273029328864,0,0,0,0
1537191000,14.913,15.1225,14.537,14.812,51,0,,0,16.64428500000001,0.3,0,0,0,0.3,1,0.009488273029328809,0.129746592934985,0,0,0,0
1537795800,14.752,14.8755,13.916,14.062,52,0,,0,16.62872500000001,-0.2628472064868673,0,0,0,-0.2628472064868673,1,-0.5628472064868673,-0.5628472064868673,0,1,0,0
1538400600,14.123,14.196,12.9525,13.12,53,0,,0,16.60944500000001,-0.3,0,0,0,-0.3,1,-0.037152793513132665,-0.4799999999999999,0,0,0,0
1539005400,13.094,13.2305,12.6075,12.728,54,0,,0,16.59396500000001,-0.3,0,0,0,-0.3,1,0,-0.3951243315876194,0,0,0,0
1539610200,12.696,13.196,12.55801,12.648,55,0,,0,16.575175000000012,-0.18,0,0,0,-0.18,1,0.12,-0.4705117269706711,0,1,0,0
1540215000,12.686,12.8985,12.067,12.249,56,0,,0,16.55453000000001,-0.3,0,0,0,-0.3,1,-0.12,-0.5999999999999999,0,1,0,0
1540819800,12.386,12.746,12.026,12.673,57,1,12.026,1,16.53633500000001,-0.17512424583879638,0,0,0,-0.17512424583879638,1,0.12487575416120361,0.087722960648071,0,1,0,0
1541428200,12.709,13.018,12.4395,12.828,58,0,,0,16.52066500000001,0,0,0,0,0,1,0.17512424583879638,0.30000000000000004,0,0,0,0
1542033000,12.822,12.9,12.458,12.708,59,0,,0,16.50526000000001,-0.12413501181688233,0,0,0,-0.12413501181688233,1,-0.12413501181688233,0.17586498818311774,0,0,0,0
1542637800,12.668,12.668,12.245,12.435,60,0,,0,16.48483000000001,-0.3,0,0,0,-0.3,1,-0.17586498818311766,-0.11999999999999993,0,1,0,0
1543242600,12.57,12.97799,12.463,12.964,61,0,,0,16.46885000000001,0.038503646562133814,0,0,0,0.038503646562133814,1,0.33850364656213383,0.3385036465621339,0,1,0,0
1543847400,13.15,13.357,12.526,12.758,5,0,,0,16.44506000000001,-0.026769273944806198,0,0,0,-0.026769273944806198,1,-0.06527292050694002,0.14835497189399027,0,0,0,0
1544452200,12.683,12.985,12.55,12.692,6,0,,0,16.41790000000001,-0.07780016369723447,0,0,0,-0.07780016369723447,1,-0.05103088975242827,-0.07780016369723437,0,0,0,0
1545057000,12.669,12.669,11.627,11.658,7,0,,0,16.38641500000001,-0.3,0,0,0,-0.3,1,-0.22219983630276552,-0.17586498818311758,0,1,0,0
1545661800,11.607,12.827,11.55,12.688,8,0,,0,16.36068500000001,0.11890162562751022,0,0,0,0.11890162562751022,1,0.4189016256275102,0.4189016256275103,0,1,0,0
1546266600,12.709,13.102,12.563,13.04,9,0,,0,16.34502500000001,0.3,0,0,0,0.3,1,0.18109837437248977,0.26149635343786626,0,0,0,0
1546871400,13.039,13.4108,12.972,13.386,10,0,,0,16.329825000000014,0.18,0,0,0,0.18,1,-0.12,0.20676927394480626,0,0,0,0
1547476200,13.324,13.7655,12.752,13.632,11,0,,0,16.310605000000013,0.3,0,0,0,0.3,1,0.12,0.37780016369723457,0,0,0,0
1548167400,13.573,13.98899,13.52401,13.94,12,0,,0,16.295240000000014,0.18,0,0,0,0.18,1,-0.12,0.4800000000000001,0,0,0,0
1548685800,13.822,14.023,12.535,12.804,13,0,,0,16.274500000000014,-0.3,0,0,0,-0.3,1,-0.48,-0.4189016256275102,0,1,0,0
1549290600,12.7,13.284,12.7,13.078,14,0,,0,16.25189500000001,-0.15049026899252396,0,0,0,-0.15049026899252396,1,0.14950973100747603,-0.450490268992524,0,1,0,0
1549895400,13.287,14.3,13.287,14.106,15,0,,0,16.237100000000012,0.3,0,0,0,0.3,1,0.450490268992524,0.12,0,0,0,0
1550586600,14.078,14.545,14.024,14.541,16,0,,0,16.222260000000016,0.3,0,0,0,0.3,1,0,2.7755575615628914e-17,0,0,0,0
1551105000,14.634,14.7445,13.967,14.174,17,0,,0,16.201790000000013,0.06595551042867995,0,0,0,0.06595551042867995,1,-0.23404448957132004,-0.11404448957131999,0,0,0,0
1551709800,14.235,14.235,13.551,13.812,18,0,,0,16.180430000000015,-0.28086600431636055,0,0,0,-0.28086600431636055,1,-0.3468215147450405,0.019133995683639493,0,1,0,0
1552311000,13.827,14.991,13.74909,14.833,19,0,,0,16.165195000000015,0.3,0,0,0,0.3,1,0.5808660043163605,0.450490268992524,0,1,0,0
1552915800,14.82,15.05,14.361,14.383,20,0,,0,16.149460000000012,0.050049765169103345,0,0,0,0.050049765169103345,1,-0.24995023483089665,-0.24995023483089665,0,0,0,0
1553520600,14.333,14.75,14.176,14.425,21,0,,0,16.133595000000014,0,0,0,0,0,1,-0.050049765169103345,-0.3,0,0,0,0
1554125400,14.524,14.867,14.297,14.652,22,0,,0,16.116640000000015,0.1462848450784511,0,0,0,0.1462848450784511,1,0.1462848450784511,0.0803293346497711,0,0,0,0
1554730200,14.611,15.093,14.3675,15.065,23,0,,0,16.102590000000014,0.3,0,0,0,0.3,1,0.15371515492154889,0.5808660043163605,0,0,0,0
1555335000,15.035,15.2375,14.358,14.648,24,0,,0,16.086985000000013,0.10509832511184936,0,0,0,0.10509832511184936,1,-0.19490167488815063,-0.19490167488815063,0,0,0,0
1555939800,14.583,15.081,14.401,14.942,25,0,,0,16.074765000000014,0.2893828268605462,0,0,0,0.2893828268605462,1,0.18428450174869687,0.2393330616914429,0,0,0,0
1556544600,14.973,15.198,13.967,14.103,26,0,,0,16.058995000000014,-0.2748813026402854,0,0,0,-0.2748813026402854,1,-0.5642641295008316,-0.2748813026402854,0,1,0,0
1557149400,13.962,14.212,13.55001,13.926,27,0,,0,16.04077500000001,-0.3,0,0,0,-0.3,1,-0.025118697359714615,-0.4462848450784511,0,0,0,0
1557754200,13.709,13.856,13.482,13.684,28,0,,0,16.016380000000012,-0.17609636906508253,0,0,0,-0.17609636906508253,1,0.12390363093491746,-0.4760963690650825,0,1,0,0
1558359000,13.596,13.914,13.3,13.408,29,0,,0,15.992705000000011,-0.3,0,0,0,-0.3,1,-0.12390363093491746,-0.40509832511184934,0,1,0,0
1559050200,13.405,13.64132,13.161,13.291,30,0,,0,15.957235000000011,-0.3,0,0,0,-0.3,1,0,-0.5893828268605462,0,0,0,0
1559568600,13.307,13.726,13.026,13.714,31,0,,0,15.918000000000013,0.01597175235529166,0,0,0,0.01597175235529166,1,0.3159717523552916,0.290853054995577,0,1,0,0
1560173400,13.83,14.101,13.097,13.365,32,0,,0,15.875425000000012,-0.22777660537076724,0,0,0,-0.22777660537076724,1,-0.2437483577260589,0.07222339462923269,0,1,0,0
1560778200,13.433,14.9885,13.433,14.672,33,0,,0,15.846785000000011,0.3,0,0,0,0.3,1,0.5277766053707672,0.47609636906508246,0,1,0,0
1561383000,14.685,14.746,13.872,14.331,34,0,,0,15.81794500000001,-0.18437832193540973,0,0,0,-0.18437832193540973,1,-0.48437832193540975,0.11562167806459017,0,0,0,0
1561987800,14.3,14.431,13.756,14.024,35,0,,0,15.790350000000013,-0.23259762615215765,0,0,0,-0.23259762615215765,1,-0.048219304216747916,0.06740237384784226,0,1,0,0
1562592600,13.92,13.92,12.05,12.302,36,0,,0,15.751290000000013,-0.3,0,0,0,-0.3,1,-0.06740237384784234,-0.31597175235529174,0,0,0,0
1563197400,12.297,12.5,12.086,12.175,37,0,,0,15.708825000000013,-0.3,0,0,0,-0.3,1,0,-0.07222339462923277,0,0,0,0
1563802200,12.183,12.384,12.053,12.332,38,0,,0,15.667890000000014,-0.1635607397126921,0,0,0,-0.1635607397126921,1,0.13643926028730788,-0.46356073971269207,0,1,0,0
1564407000,12.313,14.072,12.113,13.43,39,0,,0,15.635620000000012,0.3,0,0,0,0.3,1,0.46356073971269207,0.48437832193540975,0,0,0,0
1565011800,13.246,14.356,13.061,14.07,40,0,,0,15.603345000000013,0.18,0,0,0,0.18,1,-0.12,0.41259762615215767,0,0,0,0
1565616600,13.959,14.2,13.55301,13.733,41,0,,0,15.570455000000013,0.14095658307768136,0,0,0,0.14095658307768136,1,-0.039043416922318636,0.4409565830776814,0,0,0,0
1566221400,13.882,14.29,13.671,13.811,42,0,,0,15.545420000000012,0.09959382655480802,0,0,0,0.09959382655480802,1,-0.04136275652287334,0.399593826554808,0,0,0,0
1566826200,13.917,14.381,13.687,14.329,43,0,,0,15.531030000000014,0.3,0,0,0,0.3,1,0.20040617344519196,0.46356073971269207,0,0,0,0
1567517400,14.248,14.483,13.592,13.989,44,0,,0,15.512150000000013,0.12257056302764624,0,0,0,0.12257056302764624,1,-0.17742943697235375,-0.17742943697235375,0,0,0,0
1568035800,13.978,15,13.793,14.578,45,0,,0,15.500605000000013,0.28947644662661404,0,0,0,0.28947644662661404,1,0.1669058835989678,0.10947644662661404,0,0,0,0
1568640600,14.484,15.346,14.429,14.905,46,0,,0,15.488525000000013,0.3,0,0,0,0.3,1,0.010523553373385952,0.1590434169223186,0,0,0,0
1569245400,14.864,15.226,14.48,14.703,47,0,,0,15.474260000000015,0.18,0,0,0,0.18,1,-0.12,0.08040617344519195,0,0,0,0
1569850200,14.716,14.99,14.258,14.659,48,0,,0,15.459135000000014,0.05544703865838602,0,0,0,0.05544703865838602,1,-0.12455296134161398,-0.24455296134161397,0,0,0,0
1570455000,14.673,14.815,14.31,14.415,49,0,,0,15.444140000000013,0,0,0,0,0,1,-0.05544703865838602,-0.12257056302764624,0,0,0,0
1571059800,14.394,14.5,13.958,14.315,50,0,,0,15.427845000000014,-0.18798152864186463,0,0,0,-0.18798152864186463,1,-0.18798152864186463,-0.47745797526847866,0,0,0,0
1571664600,14.385,14.661,14.195,14.577,51,0,,0,15.411925000000013,0.08517773834512776,0,0,0,0.08517773834512776,1,0.2731592669869924,-0.21482226165487223,0,0,0,0
1572269400,14.6,15.485,14.525,15.369,52,0,,0,15.399125000000012,0.3,0,0,0,0.3,1,0.21482226165487223,0.12000000000000001,0,0,0,0
1572877800,15.499,15.70742,15.226,15.613,53,0,,0,15.403115000000014,0.18,0,0,0,0.18,1,-0.12,0.12455296134161399,0,0,0,0
1573482600,15.557,15.85,15.4825,15.64,54,0,,0,15.406350000000014,0.1502082625974192,0,0,0,0.1502082625974192,1,-0.029791737402580787,0.15020826259741923,0,0,0,0
1574087400,15.611,15.89,14.87,15.16,55,0,,0,15.407195000000012,-0.17656294527638378,0,0,0,-0.17656294527638378,1,-0.326771207873803,0.01141858336548085,0,0,0,0
1574692200,15.2,15.335,14.9,15.033,56,0,,0,15.396105000000013,-0.17656294527638378,0,0,0,-0.17656294527638378,1,0,-0.26174068362151154,0,0,0,0
1575297000,15.072,15.2265,14.728,15.16,57,0,,0,15.393675000000014,-0.17963138655478791,0,0,0,-0.17963138655478791,1,-0.003068441278404138,-0.4796313865547879,0,0,0,0
1575901800,15.126,15.287,14.502,14.535,58,0,,0,15.390400000000014,-0.2708855173061443,0,0,0,-0.2708855173061443,1,-0.09125413075135638,-0.4508855173061443,0,1,0,0
1576506600,14.575,14.77,14.463,14.52,59,0,,0,15.386375000000013,-0.12788949438134903,0,0,0,-0.12788949438134903,1,0.14299602292479527,-0.27809775697876826,0,1,0,0
1577111400,14.555,14.555,14.375,14.476,60,0,,0,15.379465000000014,-0.09454708500080507,0,0,0,-0.09454708500080507,1,0.03334240938054396,0.08201586027557868,0,0,0,0
1577716200,14.508,14.508,14.121,14.357,61,1,14.121,1,15.366760000000014,-0.20001216016314502,0,0,0,-0.20001216016314502,1,-0.10546507516233995,-0.02344921488676127,0,1,0,0
1578321000,14.325,14.547,14.2075,14.239,62,0,,0,15.352660000000014,-0.09704487848235266,0,0,0,-0.09704487848235266,1,0.10296728168079236,0.08258650807243523,0,1,0,0
1578925800,14.252,14.796,14.252,14.674,63,0,,0,15.338470000000015,0.0803462913190084,0,0,0,0.0803462913190084,1,0.17739116980136105,0.35123180862515263,0,0,0,0
1579617000,14.629,14.757,14.278,14.316,64,0,,0,15.323640000000017,-0.123297894913938,0,0,0,-0.123297894913938,1,-0.2036441862329464,0.004591599467410973,0,0,0,0
1580135400,14.152,16.5,14.125,15.203,65,0,,0,15.308280000000016,0.3,0,0,0,0.3,1,0.423297894913938,0.394547085000805,0,0,0,0
1580740200,15.245,15.6085,14.901,15.266,5,0,,0,15.295210000000015,0.16135367637307801,0,0,0,0.16135367637307801,1,-0.13864632362692197,0.36136583653622295,0,0,0,0
1581345000,15.306,15.357,14.693,14.884,6,0,,0,15.276545000000015,0.007260367508569248,0,0,0,0.007260367508569248,1,-0.15409330886450875,0.10430524599092184,0,0,0,0
1582036200,14.863,15.068,14.753,14.995,7,0,,0,15.255620000000015,0.06609611811022695,0,0,0,0.06609611811022695,1,0.0588357506016577,-0.01425017320878151,0,0,0,0
1582554600,14.632,14.786,13.262,13.516,8,0,,0,15.233540000000016,-0.23228509655922716,0,0,0,-0.23228509655922716,1,-0.2983812146694541,-0.10898720164528924,0,1,0,0
1583159400,13.573,13.882,13.21,13.628,9,0,,0,15.210395000000014,-0.2640613193170314,0,0,0,-0.2640613193170314,1,-0.03177622275780426,-0.5640613193170315,0,0,0,0
1583760600,13.135,13.281,10.627,11.133,10,0,,0,15.174985000000015,-0.3,0,0,0,-0.3,1,-0.03593868068296857,-0.461353676373078,0,0,0,0
1584365400,10.288,11.281,9,10.074,11,0,,0,15.135715000000015,-0.3,0,0,0,-0.3,1,0,-0.3072603675085692,0,0,0,0
1584970200,10.231,11.164,9.653,10.631,12,0,,0,15.093405000000017,-0.18,0,0,0,-0.18,1,0.12,-0.24609611811022697,0,1,0,1
1585575000,10.72,11.8175,10.467,11.223,13,0,,0,15.055175000000014,0.2342629978742201,0,0,0,0.2342629978742201,1,0.4142629978742201,0.46654809443344736,0,0,0,0
1586179800,11.756,12.733,11.249,12.542,14,0,,0,15.024005000000015,0.3,0,0,0,0.3,1,0.06573700212577988,0.5640613193170315,0,0,0,0
1586784600,12.43,12.7605,11.957,12.653,15,0,,0,14.997680000000017,0.18,0,0,0,0.18,1,-0.12,0.48000000000000015,0,0,0,0
1587389400,12.406,12.758,12.1655,12.555,16,0,,0,14.973895000000017,0.3,0,0,0,0.3,1,0.12,0.6000000000000002,0,0,0,0
1587994200,12.727,13.13,12.0965,12.259,17,0,,0,14.948995000000016,0.06574082836747769,0,0,0,0.06574082836747769,1,-0.2342591716325223,0.24574082836747785,0,0,0,0
1588599000,12.219,12.575,11.714,12.467,18,0,,0,14.922185000000015,0.019613834852890945,0,0,0,0.019613834852890945,1,-0.04612699351458674,-0.214649163021329,0,0,0,0
1589203800,12.49,12.5575,10.964,11.558,19,0,,0,14.886370000000015,-0.3,0,0,0,-0.3,1,-0.3196138348528909,-0.5999999999999998,0,1,0,0
1589808600,11.881,12.2675,11.824,12.237,20,0,,0,14.853635000000018,0.25199682814920726,0,0,0,0.25199682814920726,1,0.5519968281492073,0.07199682814920744,0,1,0,0
1590499800,12.4,12.735,12.2845,12.448,21,0,,0,14.828430000000017,0.3,0,0,0,0.3,1,0.048003171850792725,1.942890293094024e-16,0,0,0,0
1591018200,12.499,13.048,12.0305,12.521,22,0,,0,14.807875000000017,0.3,0,0,0,0.3,1,0,0.2342591716325225,0,0,0,0
1591623000,12.552,12.7825,11.576,11.802,23,0,,0,14.784170000000017,-0.2607886569267231,0,0,0,-0.2607886569267231,1,-0.5607886569267231,-0.28040249177961385,0,1,0,0
1592227800,11.578,12.613,11.508,11.819,24,0,,0,14.759945000000018,-0.05975599270201491,0,0,0,-0.05975599270201491,1,0.20103266422470817,0.24024400729798523,0,1,0,0
1592832600,11.901,11.999,11.355,11.6,25,0,,0,14.734210000000017,-0.3,0,0,0,-0.3,1,-0.24024400729798506,-0.5519968281492071,0,1,0,0
1593437400,11.719,11.997,11.7,11.735,26,0,,0,14.707995000000016,-0.16516803780630987,0,0,0,-0.16516803780630987,1,0.13483196219369012,-0.46516803780630966,0,1,0,0
1594042200,11.883,12.102,11.60901,11.766,27,0,,0,14.681475000000017,-0.3,0,0,0,-0.3,1,-0.13483196219369012,-0.5999999999999999,0,1,0,0
1594647000,11.811,12.1435,11.421,11.834,28,0,,0,14.658225000000016,-0.08829102345719102,0,0,0,-0.08829102345719102,1,0.21170897654280896,0.17249763346953217,0,1,0,0
1595251800,11.81,12.2585,11.632,11.695,29,0,,0,14.630810000000018,-0.3,0,0,0,-0.3,1,-0.21170897654280896,-0.24024400729798495,0,1,0,0
1595856600,11.755,12.726,11.587,12.392,30,0,,0,14.609050000000016,0.07572570628504162,0,0,0,0.07572570628504162,1,0.3757257062850416,0.3757257062850417,0,1,0,0
1596461400,12.437,12.517,12.1835,12.339,31,0,,0,14.584255000000017,0.2661475402377677,0,0,0,0.2661475402377677,1,0.1904218339527261,0.4313155780440776,0,0,0,0
1597066200,12.338,14.675,12.238,14.663,32,0,,0,14.571470000000017,0.3,0,0,0,0.3,1,0.03385245976223228,0.6000000000000001,0,0,0,0
1597671000,14.801,15.17,13.9715,14.508,33,0,,0,14.559705000000017,0.18,0,0,0,0.18,1,-0.12,0.26829102345719114,0,0,0,0
1598275800,14.65,15.046,14.414,14.689,34,0,,0,14.537415000000017,0.3,0,0,0,0.3,1,0.12,0.6000000000000001,0,0,0,0
1598880600,14.726,15.123,13.689,14.219,35,0,,0,14.513430000000017,-0.14438701989027503,0,0,0,-0.14438701989027503,1,-0.444387019890275,-0.22011272617531658,0,0,0,0
1599571800,14.061,14.315,13.882,14.113,36,0,,0,14.485620000000017,-0.2009535129985211,0,0,0,-0.2009535129985211,1,-0.056566493108246074,-0.46710105323628875,0,1,0,0
1600090200,14.163,17.65597,14.021,15.959,37,0,,0,14.467075000000015,0.3,0,0,0,0.3,1,0.5009535129985211,1.1102230246251565e-16,0,1,0,0
1600695000,15.77,15.77,14.46,14.613,38,0,,0,14.441215000000016,-0.3,0,0,0,-0.3,1,-0.6,-0.47999999999999987,0,1,0,0
1601299800,14.845,15.341,14.516,14.646,39,0,,0,14.418475000000015,-0.18,0,0,0,-0.18,1,0.12,-0.47999999999999987,0,1,0,0
1601904600,14.773,16.553,14.69,16.473,40,0,,0,14.400355000000015,0.3,0,0,0,0.3,1,0.48,0.444387019890275,0,0,0,0
1602509400,16.716,16.94,16.233,16.47,41,0,,0,14.382505000000014,0.18,0,0,0,0.18,1,-0.12,0.3809535129985211,0,0,0,0
1603114200,16.56,18.621,16.343,18.43,42,0,,0,14.374045000000015,0.3,0,0,0,0.3,1,0.12,0,0,0,0,0
1603719000,18.448,18.7,15.954,16.707,43,0,,0,14.358880000000013,-0.3,0,0,0,-0.3,1,-0.6,0,0,1,0,0
1604327400,16.891,18.618,16.25,18.562,44,0,,0,14.352105000000012,0.3,0,0,0,0.3,1,0.6,0.48,0,1,0,0
1604932200,18.399,19.608,18.174,19.227,45,0,,0,14.346340000000014,0.3,0,0,0,0.3,1,0,0,0,0,0,0
1605537000,19.433,22.7,19.22075,22.211,46,0,,0,14.356620000000014,0.18,0,0,0,0.18,1,-0.12,0,0,0,0,0
1606141800,22.7,28,21.437,27.126,47,0,,0,14.392460000000014,0.3,0,0,0,0.3,1,0.12,0,0,0,0,0
1606746600,30.03,35.894,29.9,32.8,48,0,,0,14.458720000000014,0.18,0,0,0,0.18,1,-0.12,0.48,0,0,0,0
1607351400,33.007,34.972,27.409,28.592,49,0,,0,14.507005000000015,-0.3,0,0,0,-0.3,1,-0.48,-0.6,0,1,0,0
1607956200,29.893,32.2325,27.638,30.12,50,0,,0,14.561170000000013,-0.18,0,0,0,-0.18,1,0.12,-0.48,0,1,0,0
1608561000,29.763,34.32,29.502,32.261,51,0,,0,14.625310000000013,0.3,0,0,0,0.3,1,0.48,0.12,0,0,0,0
1609165800,36.729,39.99798,34.4,38.855,52,0,,0,14.724585000000014,0.3,0,0,0,0.3,1,0,0,0,0,0,0
1609770600,41.633,56.866,40.65101,53.164,53,0,,0,14.896920000000012,0.18,0,0,0,0.18,1,-0.12,0,0,0,0,0
1610375400,47.214,63.16,46.451,57.807,54,0,,0,15.090025000000015,0.3,0,0,0,0.3,1,0.12,0.6,0,0,0,0
1611066600,61.653,62.145,50.46,57.703,55,0,,0,15.285470000000014,0.18,0,0,0,0.18,1,-0.12,0.36,0,0,0,0
1611585000,59.03,69.64763,50.57,61.731,56,0,,0,15.500225000000015,0.3,0,0,0,0.3,1,0.12,0,0,0,0,0
1612189800,62.034,80.601,58.60501,80.6,57,0,,0,15.811824999999994,0.3,0,0,0,0.3,1,0,0,0,0,0,0
1612794600,92.583,131.5,89.001,103.431,58,0,,0,16.238174999999995,0.3,0,0,0,0.3,1,0,0.12,0,0,0,0
1613485800,107.084,108.25678,87.8,96.372,59,0,,0,16.626239999999992,-0.1783407155110245,0,0,0,-0.1783407155110245,1,-0.47834071551102453,-0.47834071551102453,0,0,0,0
1614004200,87.1,93.228,66,75.041,60,0,,0,16.906359999999996,-0.3,0,0,0,-0.3,1,-0.12165928448897548,-0.48,0,1,0,0
1614609000,79.84,81.74864,53.722,62.024,61,0,,0,17.121004999999997,-0.18,0,0,0,-0.18,1,0.12,-0.48,0,1,0,1
1615213800,64.501,81,61.7,78.4,62,0,,0,17.420349999999996,0,0,0,0,0,1,0.18,-0.30000000000000004,0,0,0,0
1615815000,78.833,80.9,69.827,77.704,63,0,,0,17.716979999999992,-0.2981096432925774,0,0,0,-0.2981096432925774,1,-0.2981096432925774,-0.5981096432925774,0,1,0,0
1616419800,76.72,77.5,56.6,62.4,64,0,,0,17.938594999999992,-0.3,0,0,0,-0.3,1,-0.0018903567074226024,-0.1216592844889755,0,0,0,0
1617024600,65.886,72.583,62.031,70.356,65,0,,0,18.19621499999999,-0.18,0,0,0,-0.18,1,0.12,0.11999999999999997,0,1,0,0
1617629400,70.975,73.6035,65.2,71.1,66,0,,0,18.461319999999994,-0.1645226201983811,0,0,0,-0.1645226201983811,1,0.015477379801618896,0.015477379801618896,0,0,0,0
1618234200,73.519,88.21,68.5,69.362,67,0,,0,18.716829999999995,0.3,0,0,0,0.3,1,0.4645226201983811,0.30000000000000004,0,0,0,1
1618839000,65.004,66.546,56.9,61.304,68,0,,0,18.930874999999993,-0.3,0,0,0,-0.3,1,-0.6,-0.001890356707422547,0,1,0,0
1619443800,63.676,68.9,62.8,65.716,69,0,,0,19.163619999999995,-0.16079365099872994,0,0,0,-0.16079365099872994,1,0.13920634900127005,0.1392063490012701,0,1,0,1
1620048600,67.397,67.397,58.701,62.046,70,0,,0,19.381354999999996,-0.3,0,0,0,-0.3,1,-0.13920634900127005,-0.11999999999999994,0,1,0,0
1620653400,61.586,61.586,47.80701,52.131,71,0,,0,19.549644999999995,-0.3,0,0,0,-0.3,1,0,-0.13547737980161884,0,0,0,0
1621258200,48.4,50.426,41.15801,45.052,72,1,41.15801,1,19.680664999999994,-0.18,0,0,0,-0.18,1,0.12,-0.4799999999999999,0,1,0,1
1621863000,46.5,50.20605,44.72493,47,73,0,,0,19.845669999999995,-0.18,0,0,0,-0.18,1,0,0.12000000000000005,0,0,0,0
1622554200,47.124,50.198,46.898,48.467,74,0,,0,20.02013999999999,-0.18,0,0,0,-0.18,1,0,-0.019206349001269996,0,0,0,0
1623072600,48.25,52.987,42.793,51.644,75,0,,0,20.213854999999995,0.17348682493308876,0,0,0,0.17348682493308876,1,0.35348682493308875,0.4734868249330888,0,0,0,0
1623677400,54.4,64.765,54.4,64.646,76,0,,0,20.474119999999992,0.3,0,0,0,0.3,1,0.12651317506691123,0.6000000000000001,0,0,0,0
1624282200,59.917,61.4,51.30201,55.005,5,0,,0,20.686264999999995,-0.17968273466160964,0,0,0,-0.17968273466160964,1,-0.4796827346616096,0.0003172653383904933,0,0,0,1
1624887000,57.033,69.299,56.58669,63.561,6,0,,0,20.93981999999999,0.3,0,0,0,0.3,1,0.4796827346616096,0.4800000000000001,0,0,0,0
1625578200,65.208,65.352,59.469,62.866,7,0,,0,21.19002499999999,0.18,0,0,0,0.18,1,-0.12,0.3600000000000001,0,0,0,0
1626096600,63.225,63.242,52.05201,52.309,8,0,,0,21.38816499999999,-0.3,0,0,0,-0.3,1,-0.48,-0.47348682493308863,0,1,0,0
1626701400,50.766,56.9812,47.23801,53.971,9,0,,0,21.59563999999999,-0.026470073500193054,0,0,0,-0.026470073500193054,1,0.27352992649980695,-0.3264700735001929,0,1,0,1
1627306200,62.1,69.5,60.691,62.601,10,0,,0,21.84478999999999,0.3,0,0,0,0.3,1,0.326470073500193,0.4796827346616097,0,0,0,0
1627911000,62.259,75.099,60.513,74.872,11,0,,0,22.153469999999988,0.18,0,0,0,0.18,1,-0.12,-0.11999999999999988,0,0,0,0
1628515800,79.63113,79.79999,71.24001,72.8,12,0,,0,22.44996999999999,0.18,0,0,0,0.18,1,0,1.1102230246251565e-16,0,0,0,0
1629120600,74,74.1,64.143,71.656,13,0,,0,22.73974999999999,-0.2108251576978467,0,0,0,-0.2108251576978467,1,-0.3908251576978467,0.08917484230215339,0,1,0,0
1629725400,74.19,74.77799,69.12201,70.72,14,0,,0,23.02291999999999,-0.05891844982688187,0,0,0,-0.05891844982688187,1,0.15190670787096483,-0.03244837632668873,0,1,0,0
1630330200,70.259,73.26599,68.709,71.226,15,0,,0,23.31220999999999,-0.18649394211376066,0,0,0,-0.18649394211376066,1,-0.12757549228687878,-0.4864939421137605,0,0,0,0
1631021400,69.9,70.2,61.203,61.557,16,0,,0,23.55324499999999,-0.3,0,0,0,-0.3,1,-0.11350605788623933,-0.47999999999999987,0,1,0,0
1631539800,60.9,65.10138,60.03113,61.429,17,0,,0,23.793509999999987,-0.18,0,0,0,-0.18,1,0.12,-0.3599999999999999,0,1,0,0
1632144600,57.442,61.776,56.829,59.939,18,0,,0,24.024489999999986,-0.18,0,0,0,-0.18,1,0,0.030825157697846828,0,0,0,0
1632749400,60.325,61.561,56.526,61.246,19,0,,0,24.263219999999986,-0.18,0,0,0,-0.18,1,0,-0.121081550173118,0,0,0,0
1633354200,61.148,71.27899,58.279,70.882,20,0,,0,24.549504999999986,0.3,0,0,0,0.3,1,0.48,0.48649394211376074,0,0,0,0
1633959000,72,76.19799,70.19401,74.985,21,0,,0,24.858104999999988,0.18,0,0,0,0.18,1,-0.12,0.4800000000000001,0,0,0,0
1634563800,74.8,77.707,70.101,71.852,22,0,,0,25.151399999999988,0.18,0,0,0,0.18,1,0,0.3600000000000001,0,0,0,0
1635168600,73.645,75.5485,69.141,71.506,23,0,,0,25.443279999999987,0.3,0,0,0,0.3,1,0.12,0.4800000000000001,0,0,0,0
1635773400,72.1,84.1,71.119,79.751,24,0,,0,25.774529999999984,0.3,0,0,0,0.3,1,0,0.4800000000000001,0,0,0,0
1636381800,84.199,89.13799,78.58567,81.173,25,0,,0,26.110519999999987,0.18,0,0,0,0.18,1,-0.12,-0.11999999999999988,0,0,0,0
1636986600,81.996,81.996,71.697,71.831,26,0,,0,26.39918499999999,-0.3,0,0,0,-0.3,1,-0.48,-0.47999999999999987,0,1,0,0
1637591400,72.471,72.581,65.5,66.3,27,0,,0,26.661789999999986,-0.18,0,0,0,-0.18,1,0.12,-0.3599999999999999,0,1,0,0
1638196200,69,74.399,61.624,63.099,28,0,,0,26.909399999999987,-0.3,0,0,0,-0.3,1,-0.12,-0.5999999999999999,0,1,0,0
1638801000,59.492,64.71899,56.573,60.084,29,0,,0,27.144509999999986,-0.18,0,0,0,-0.18,1,0.12,-0.47999999999999987,0,1,0,1
1639405800,59.495,60.3,52.881,57.158,30,0,,0,27.361524999999986,-0.3,0,0,0,-0.3,1,-0.12,-0.47999999999999987,0,1,0,0
1640010600,55.282,59.99999,54.3,59.721,31,0,,0,27.591139999999985,-0.18,0,0,0,-0.18,1,0.12,0.1200000000000001,0,1,0,1
1640615400,60,62.15166,54.3325,54.449,32,0,,0,27.800669999999986,-0.3,0,0,0,-0.3,1,-0.12,-0.11999999999999988,0,1,0,0
1641220200,55.061,57.626,47.121,48.295,33,0,,0,27.974009999999986,-0.18,0,0,0,-0.18,1,0.12,0.1200000000000001,0,1,0,1
1641825000,46.369,52.99799,44.825,49.956,34,0,,0,28.157909999999987,-0.18,0,0,0,-0.18,1,0,1.1102230246251565e-16,0,0,0,0
1642516200,48.48,49.199,36.5985,37.589,35,0,,0,28.28096999999999,-0.3,0,0,0,-0.3,1,-0.12,1.1102230246251565e-16,0,1,0,0
1643034600,32,39.36603,30.719,33.895,36,0,,0,28.38594999999999,-0.18,0,0,0,-0.18,1,0.12,1.1102230246251565e-16,0,1,0,1
1643639400,33.788,39.858,33.196,39.164,37,0,,0,28.518834999999985,-0.08859583975219758,0,0,0,-0.08859583975219758,1,0.09140416024780242,0.2114041602478025,0,0,0,0
1644244200,40.45118,46.304,40.3475,41.101,38,0,,0,28.65924999999999,0.3,0,0,0,0.3,1,0.3885958397521976,0.48,0,0,0,0
1644849000,41.47,43.8276,38.522,39.597,39,0,,0,28.791459999999987,0.18,0,0,0,0.18,1,-0.12,0.36,0,0,0,0
1645540200,37.58142,41.2,33.684,40.5,40,0,,0,28.93061499999999,0.03271264046884798,0,0,0,0.03271264046884798,1,-0.14728735953115202,0.33271264046884796,0,0,0,0
1646058600,40.157,47.3048,40.157,41.036,41,0,,0,29.070694999999986,0.12517459914188023,0,0,0,0.12517459914188023,1,0.09246195867303225,0.3051745991418802,0,0,0,0
1646663400,41.51,45.445,38.843,39.082,42,0,,0,29.201464999999985,-0.3,0,0,0,-0.3,1,-0.4251745991418802,-0.2114041602478024,0,1,0,0
1647264600,38.995,45.69,36.32001,45.428,43,0,,0,29.36320499999999,0.3,0,0,0,0.3,1,0.6,0,0,1,0,0
1647869400,45.107,49.39337,43.02944,47.242,44,0,,0,29.534054999999984,0.3,0,0,0,0.3,1,0,0.12,0,0,0,0
1648474200,49.604,52.28028,47.88,49.098,45,0,,0,29.714334999999988,0.18,0,0,0,0.18,1,-0.12,0.14728735953115202,0,0,0,0
1649079000,49.172,50.857,44.6,45.324,46,0,,0,29.875974999999986,-0.08177112364554763,0,0,0,-0.08177112364554763,1,-0.2617711236455476,-0.20694572278742784,0,0,0,0
1649683800,44.122,47.607,42.503,44.919,47,0,,0,30.033199999999987,-0.3,0,0,0,-0.3,1,-0.21822887635445237,0,0,1,0,0
1650288600,44.78,47.728,40.8,40.908,48,0,,0,30.172164999999985,-0.3,0,0,0,-0.3,1,0,-0.6,0,0,0,0
1650893400,40.508,42.8,35.3,35.417,49,0,,0,30.285374999999984,-0.3,0,0,0,-0.3,1,0,-0.6,0,0,0,0
1651498200,35.601,36.95299,28.2545,29.424,50,0,,0,30.365054999999987,-0.18,0,0,0,-0.18,1,0.12,-0.36,0,1,0,1
1652103000,27.125,27.125,13.409,20.457,51,1,13.409,1,30.399424999999987,-0.3,0,0,0,-0.3,1,-0.12,-0.21822887635445237,0,1,0,0
1652707800,20,22.596,18.9,20.275,52,0,,0,30.43315499999999,-0.18,0,0,0,-0.18,1,0.12,0.12,0,1,0,1
1653312600,21.164,23.387,17.61,21.939,53,0,,0,30.478269999999984,-0.18,0,0,0,-0.18,1,0,0.12,0,0,0,0
1654003800,23.517,27.288,22.355,22.722,54,0,,0,30.524434999999986,0.0370099356788778,0,0,0,0.0370099356788778,1,0.2170099356788778,0.3370099356788778,0,0,0,0
1654522200,24.395,24.877,19.78,20.336,55,0,,0,30.555384999999987,-0.3,0,0,0,-0.3,1,-0.33700993567887777,-0.11999999999999997,0,1,0,0
1655127000,14.931,17.688,14.39,16.76,5,0,,0,30.569419999999987,-0.3,0,0,0,-0.3,1,0,2.7755575615628914e-17,0,0,0,0
1655818200,17.094,20.799,16.828,20.544,6,0,,0,30.597304999999988,-0.07356962623386806,0,0,0,-0.07356962623386806,1,0.22643037376613193,0.10643037376613196,0,1,0,1
1656336600,20.251,20.6125,16.139,16.677,7,0,,0,30.606189999999987,-0.3,0,0,0,-0.3,1,-0.22643037376613193,-0.11999999999999997,0,1,0,0
1657027800,16.584,23.62805,16.002,22.128,8,0,,0,30.644559999999984,0.3,0,0,0,0.3,1,0.6,0.2629900643211222,0,1,0,1
1657546200,21.035,21.419,18.2445,21.398,9,0,,0,30.676984999999988,0.18,0,0,0,0.18,1,-0.12,0.48,0,0,0,0
1658151000,23.012,29.95,22.425,28.192,10,0,,0,30.743884999999988,0.3,0,0,0,0.3,1,0.12,0.6,0,0,0,0
1658755800,26.702,28.797,23.568,28.606,11,0,,0,30.816604999999985,0.18,0,0,0,0.18,1,-0.12,0.25356962623386803,0,0,0,0
1659360600,27.653,33.223,27.146,31.915,12,0,,0,30.910579999999985,0.3,0,0,0,0.3,1,0.12,0.6,0,0,0,0
1659965400,33.565,36.197,31.425,35.284,13,0,,0,31.023359999999983,0.3,0,0,0,0.3,1,0,0,0,0,0,0
1660570200,34.646,35.83218,28.176,28.3,14,0,,0,31.101619999999983,-0.3,0,0,0,-0.3,1,-0.6,-0.48,0,1,0,0
1661175000,27.301,28.327,24.8,24.92,15,0,,0,31.16497499999998,-0.3,0,0,0,-0.3,1,0,-0.6,0,0,0,0
1661779800,24.137,25.4198,21.329,21.806,16,0,,0,31.210639999999984,-0.18,0,0,0,-0.18,1,0.12,-0.36,0,1,0,1
1662471000,21.853,26.221,20.29,26.197,17,0,,0,31.277484999999984,0.3,0,0,0,0.3,1,0.48,0,0,0,0,0
1662989400,26.321,26.799,20.322,20.634,18,0,,0,31.317114999999987,-0.3,0,0,0,-0.3,1,-0.6,-0.6,0,1,0,0
1663594200,19.9265,20.833,18.349,19.145,19,0,,0,31.35066499999998,-0.18,0,0,0,-0.18,1,0.12,0.12,0,1,0,1
1664199000,19.182,22.604,19.15,21.226,20,0,,0,31.391974999999984,0.08973090808118159,0,0,0,0.08973090808118159,1,0.2697309080811816,0.3897309080811816,0,0,0,0
1664803800,21.39,24.91662,21.214,22.03,21,0,,0,31.438334999999984,0.3,0,0,0,0.3,1,0.2102690919188184,0.48000000000000004,0,0,0,0
1665408600,21.962,23.186,19.8125,20.931,22,0,,0,31.479529999999983,-0.06358809533138772,0,0,0,-0.06358809533138772,1,-0.3635880953313877,-0.36358809533138764,0,0,0,0
1666013400,22,23.531,21.649,23.262,23,0,,0,31.53754999999998,0.3,0,0,0,0.3,1,0.3635880953313877,0.6000000000000001,0,0,0,0
1666618200,23.3,29,22.636,27.999,24,0,,0,31.61410499999998,0.3,0,0,0,0.3,1,0,0.48000000000000004,0,0,0,0
1667223000,27.89,28.38799,24.136,27.71,25,0,,0,31.687454999999982,0.18,0,0,0,0.18,1,-0.12,0.09026909191881843,0,0,0,0
1667831400,27.141,27.38,15.53,17.518,26,0,,0,31.708114999999985,-0.3,0,0,0,-0.3,1,-0.48,-0.6,0,1,0,0
1668436200,17.131,17.91,16,17.012,27,0,,0,31.725014999999985,-0.3,0,0,0,-0.3,1,0,-0.23641190466861228,0,0,0,0
1669041000,16.5,18.3,15.23404,18.3,28,0,,0,31.746814999999984,-0.3,0,0,0,-0.3,1,0,-0.6,0,0,0,0
1669645800,17.872,21.149,16.916,20.694,29,0,,0,31.78626499999998,0.3,0,0,0,0.3,1,0.6,0,0,1,0,1
1670250600,20.85,21.073,18.725,20.325,30,0,,0,31.82249999999998,0.3,0,0,0,0.3,1,0,0.12,0,0,0,0
1670855400,19.9,21.37799,17.233,17.375,31,0,,0,31.83884499999998,-0.3,0,0,0,-0.3,1,-0.6,0,0,1,0,0
1671460200,17.231,17.884,16.054,16.267,32,0,,0,31.84747499999998,-0.3,0,0,0,-0.3,1,0,0,0,0,0,0
1672151400,16,16.007,13.256,14.157,33,0,,0,31.847389999999983,-0.3,0,0,0,-0.3,1,0,0,0,0,0,0
1672756200,14.567,16.5695,13.938,16.045,34,0,,0,31.858554999999978,0.13977661674267014,0,0,0,0.13977661674267014,1,0.4397766167426701,-0.16022338325732988,0,1,0,1
1673274600,17,22.217,16.54,21.697,35,0,,0,31.892874999999982,0.3,0,0,0,0.3,1,0.16022338325732985,-2.7755575615628914e-17,0,0,0,0
1673965800,23.2,24.203,20.962,24.003,36,0,,0,31.94097499999998,0.18,0,0,0,0.18,1,-0.12,0.48,0,0,0,0
1674484200,24.095,26.21,23.215,25.836,37,0,,0,31.998029999999982,0.3,0,0,0,0.3,1,0.12,0.6,0,0,0,0
1675089000,25.235,30.34,23.942,28.476,38,0,,0,32.067149999999984,0.18,0,0,0,0.18,1,-0.12,0.48,0,0,0,0
1675693800,27.431,29.04085,24.101,24.337,39,0,,0,32.113509999999984,-0.26496826383119304,0,0,0,-0.26496826383119304,1,-0.44496826383119303,-0.40474488057386315,0,1,0,0
1676298600,23.903,31.5,23.65415,29.405,40,0,,0,32.18729499999998,0.3,0,0,0,0.3,1,0.564968263831193,0,0,1,0,0
1676989800,28.624,29.074,24.887,25.58,41,0,,0,32.24048499999998,0.06942376829099109,0,0,0,0.06942376829099109,1,-0.2305762317090089,-0.1105762317090089,0,0,0,0
1677508200,26.359,26.975,23.685,24.691,42,0,,0,32.29342499999998,-0.25555464461975713,0,0,0,-0.25555464461975713,1,-0.32497841291074825,-0.5555546446197571,0,1,0,0
1678113000,24.935,25.204,18.83,19.201,43,0,,0,32.31979999999998,-0.3,0,0,0,-0.3,1,-0.04444535538024286,-0.48,0,0,0,0
1678714200,20.202,27.4,19.635,26.766,44,0,,0,32.38520999999998,0.3,0,0,0,0.3,1,0.6,0.564968263831193,0,1,0,0
1679319000,28.043,28.173,24.601,25.667,45,0,,0,32.44650499999998,0.18,0,0,0,0.18,1,-0.12,-0.12,0,0,0,0
1679923800,25.986,29.53995,23.072,29.232,46,0,,0,32.526209999999985,0.18,0,0,0,0.18,1,0,0.1105762317090089,0,0,0,0
1680528600,29.099,30.7,27.837,29.01,47,0,,0,32.60268999999998,0.18,0,0,0,0.18,1,0,0.4355546446197571,0,0,0,0
1681133400,29,34.763,28.5,33.375,48,0,,0,32.70273999999998,0.3,0,0,0,0.3,1,0.12,0.6,0,0,0,0
1681738200,32.173,33.4,28.774,29.102,49,0,,0,32.774889999999985,-0.28678286453655905,0,0,0,-0.28678286453655905,1,-0.586782864536559,-0.586782864536559,0,1,0,0
1682343000,29.103,32.898,28.015,32.838,50,0,,0,32.86742499999998,0.3,0,0,0,0.3,1,0.586782864536559,0.12,0,1,0,0
1682947800,32,33.29265,30.168,32.672,51,0,,0,32.96066499999998,0.18,0,0,0,0.18,1,-0.12,0,0,0,0,0
1683552600,31.115,32.565,26.651,27.1,52,0,,0,33.03465499999999,-0.3,0,0,0,-0.3,1,-0.48,-0.48,0,1,0,0
1684157400,28,29.721,26.92603,28.828,53,0,,0,33.117919999999984,-0.18,0,0,0,-0.18,1,0.12,-0.48,0,1,0,0
1684762200,28.778,30.12,27.285,28.51,54,0,,0,33.19880999999999,-0.18,0,0,0,-0.18,1,0,0.10678286453655905,0,0,0,0
1685453400,30.01,31.364,28.9,30.213,55,0,,0,33.282724999999985,-0.18,0,0,0,-0.18,1,0,-0.48,0,0,0,0
1685971800,29.447,30.4565,26.655,28.233,56,0,,0,33.35353999999998,-0.3,0,0,0,-0.3,1,-0.12,-0.48,0,1,0,0
1686576600,27.9125,29.8,26.6,29.339,57,1,26.6,1,33.43156999999999,-0.18,0,0,0,-0.18,1,0.12,0.12,0,1,0,0
1687267800,30,33.8,28.969,32.911,58,0,,0,33.52707,0.3,0,0,0,0.3,1,0.48,0.48,0,0,0,0
1687786200,32.4,35.275,30.1085,34.242,59,0,,0,33.62663499999999,0.3,0,0,0,0.3,1,0,0.48,0,0,0,0
1688391000,34.7,39.2,34.599,38.074,60,0,,0,33.74706,0.18,0,0,0,0.18,1,-0.12,0.36,0,0,0,0
1688995800,38.117,47.50916,37.00466,45.886,61,0,,0,33.9036,0.18,0,0,0,0.18,1,0,0.48,0,0,0,0
1689600600,45.7195,46.7,42.655,43.665,5,0,,0,34.047399999999996,0.18,0,0,0,0.18,1,0,0.36,0,0,0,0
1690205400,42.764,45.246,41.293,43.461,6,0,,0,34.19119,0.18,0,0,0,0.18,1,0,-0.12,0,0,0,0
1690810200,44,44.284,37.445,37.697,7,0,,0,34.30638,-0.3,0,0,0,-0.3,1,-0.48,-0.6,0,1,0,0
1691415000,37.103,39.65,35.77,38.431,8,0,,0,34.42646,-0.18,0,0,0,-0.18,1,0.12,-0.36,0,1,0,0
1692019800,38.157,39.269,32.229,32.862,9,0,,0,34.519194999999996,-0.3,0,0,0,-0.3,1,-0.12,-0.48,0,1,0,0
1692624600,33.029,35.05247,32.50201,33.605,10,0,,0,34.614335,-0.18,0,0,0,-0.18,1,0.12,-0.36,0,1,0,1
1693229400,33.936,38.79928,33.8545,35.148,11,0,,0,34.713229999999996,0.0898583508528127,0,0,0,0.0898583508528127,1,0.2698583508528127,-0.09014164914718731,0,0,0,0
1693920600,35.148,35.9,33.784,35.628,12,0,,0,34.81330499999999,0.024714353671539086,0,0,0,0.024714353671539086,1,-0.06514399718127362,0.32471435367153906,0,0,0,0
1694439000,35.5,36.76,33.6,34.078,13,0,,0,34.905495,-0.26986707171805774,0,0,0,-0.26986707171805774,1,-0.2945814253895968,-0.08986707171805774,0,1,0,0
1695043800,35.125,35.63299,32.05666,32.281,14,0,,0,34.9911,-0.3,0,0,0,-0.3,1,-0.03013292828194225,0,0,0,0,0
1695648600,31.95,33.75525,31.01,32.828,15,0,,0,35.080074999999994,-0.3,0,0,0,-0.3,1,0,-0.12,0,0,0,0
1696253400,34.657,35.284,30.71101,34.063,16,0,,0,35.174589999999995,-0.16966976828971955,0,0,0,-0.16966976828971955,1,0.13033023171028044,-0.25952811914253227,0,1,0,0
1696858200,33.153,34.647,31.425,31.822,17,0,,0,35.261025,-0.3,0,0,0,-0.3,1,-0.13033023171028044,-0.32471435367153906,0,1,0,0
1697463000,33.8,36.2,32.105,34.804,18,0,,0,35.36244499999999,-0.01778514272446613,0,0,0,-0.01778514272446613,1,0.28221485727553386,0.2520819289935916,0,1,0,0
1698067800,35.535,44.949,34.609,40.676,19,0,,0,35.49344499999999,0.3,0,0,0,0.3,1,0.3177851427244661,0.6,0,0,0,0
1698672600,42.3,46.419,41,45.395,20,0,,0,35.64863499999999,0.3,0,0,0,0.3,1,0,0.6,0,0,0,0
1699281000,46.102,53.521,44.9,50.918,21,0,,0,35.83202999999999,0.18,0,0,0,0.18,1,-0.12,0.3496697682897195,0,0,0,0
1699885800,50.2,50.928,46,48.622,22,0,,0,36.001769999999986,0.18,0,0,0,0.18,1,0,0.48,0,0,0,0
1700490600,49.201,52.67899,48.108,52.024,23,0,,0,36.19030999999999,0.18,0,0,0,0.18,1,0,0.19778514272446612,0,0,0,0
1701095400,50.575,52.98,48.73139,52.768,24,0,,0,36.378134999999986,0.3,0,0,0,0.3,1,0.12,0,0,0,0,0
1701700200,56.7,59.939,55,59.939,25,0,,0,36.601499999999994,0.18,0,0,0,0.18,1,-0.12,-0.12,0,0,0,0
1702305000,57.411,59,54.61789,57.041,26,0,,0,36.81228499999999,0.18,0,0,0,0.18,1,0,-2.7755575615628914e-17,0,0,0,0
1702909800,56.11,62.258,55.9,61.924,27,0,,0,37.04692999999999,0.3,0,0,0,0.3,1,0.12,0.11999999999999997,0,0,0,0
1703601000,60.949,68.935,59.649,63.162,28,0,,0,37.29515999999999,0.18,0,0,0,0.18,1,-0.12,-2.7755575615628914e-17,0,0,0,0
1704205800,69.249,72.777,62.53,63.108,29,0,,0,37.54255999999999,0.09388581248727462,0,0,0,0.09388581248727462,1,-0.08611418751272537,-0.2061141875127254,0,0,0,0
1704724200,64,64.688,48.1,48.553,30,0,,0,37.72965999999999,-0.3,0,0,0,-0.3,1,-0.3938858124872746,-0.48,0,1,0,0
1705415400,47.9,52.2,46.5,48.1,31,0,,0,37.91978999999999,-0.18,0,0,0,-0.18,1,0.12,-0.36,0,1,0,1
1705933800,46.8,50.095,43.874,49.45,32,0,,0,38.11388499999999,-0.18,0,0,0,-0.18,1,0,-0.48,0,0,0,0
1706538600,50,52.789,49.021,50.01,33,0,,0,38.307819999999985,0.24090011095049862,0,0,0,0.24090011095049862,1,0.4209001109504986,0.06090011095049863,0,0,0,0
1707143400,50.2,64.89,46.749,64.632,34,0,,0,38.56826999999999,0.3,0,0,0,0.3,1,0.059099889049501364,0.20611418751272537,0,0,0,0
1707748200,65.199,80.678,65.017,69.956,35,0,,0,38.854784999999985,0.18,0,0,0,0.18,1,-0.12,0.48,0,0,0,0
1708439400,71.079,72.32499,66.42565,68.744,36,0,,0,39.13572999999999,0.05179428735442305,0,0,0,0.05179428735442305,1,-0.12820571264557695,0.23179428735442303,0,0,0,0
1708957800,68.794,108,68.794,107.939,37,0,,0,39.61412999999999,0.3,0,0,0,0.3,1,0.24820571264557695,0.48,0,0,0,0
1709562600,120,145.173,103.506,142.559,38,0,,0,40.26458999999999,0.3,0,0,0,0.3,1,0,0.059099889049501364,0,0,0,0
1710163800,155,181.5,143.80022,178.236,39,0,,0,41.097979999999986,0.18,0,0,0,0.18,1,-0.12,-0.12,0,0,0,0
1710768600,171.845,173.49001,123.012,152.3,40,0,,0,41.79829499999999,0.16816395469903997,0,0,0,0.16816395469903997,1,-0.011836045300960024,-0.011836045300960024,0,0,0,0
1711373400,160.5,199.999,159.442,170.456,41,0,,0,42.58833499999999,0.3,0,0,0,0.3,1,0.13183604530096002,0.24820571264557695,0,0,0,0
1711978200,164.501,173.972,143.2,143.9,42,0,,0,43.24522999999999,-0.3,0,0,0,-0.3,1,-0.6,-0.6,0,1,0,0
1712583000,160.21,162.378,137.377,147.958,43,0,,0,43.92600999999999,-0.3,0,0,0,-0.3,1,0,-0.6,0,0,0,0
1713187800,147,148.997,113.199,117.411,44,0,,0,44.45396999999999,-0.3,0,0,0,-0.3,1,0,-0.48,0,0,0,0
1713792600,120.9,139.44505,120.11398,128.238,45,0,,0,45.03715999999999,-0.18,0,0,0,-0.18,1,0.12,-0.34816395469903993,0,1,0,0
1714397400,125,130.84158,101,122.301,46,0,,0,45.589989999999986,-0.18,0,0,0,-0.18,1,0,-0.48,0,0,0,1
1715002200,127.385,133.9,117.853,118.048,47,0,,0,46.121399999999994,-0.05380937270026836,0,0,0,-0.05380937270026836,1,0.12619062729973163,0.24619062729973162,0,0,0,0
1715607000,121.794,158.49999,120.3,158.45,48,0,,0,46.854479999999995,0.3,0,0,0,0.3,1,0.35380937270026835,0.6,0,0,0,0
1716211800,159.7,174,152.8,168.484,49,0,,0,47.63842499999999,0.18,0,0,0,0.18,1,-0.12,0.48,0,0,0,0
1716903000,165,171.499,144.2,152.449,50,0,,0,48.33870999999999,0.18,0,0,0,0.18,1,0,0.36,0,0,0,0
1717421400,160.1,173.46977,156.04166,159.62,51,0,,0,49.075115,0.3,0,0,0,0.3,1,0.12,0.48,0,0,0,0
1718026200,157.501,169.271,144.101,149.554,52,0,,0,49.74956999999999,0.040780255421254324,0,0,0,0.040780255421254324,1,-0.25921974457874564,0.09458962812152272,0,0,0,0
1718631000,149.98,156.901,140.902,148.376,53,0,,0,50.41891,-0.17548071577028057,0,0,0,-0.17548071577028057,1,-0.2162609711915349,-0.4754807157702805,0,0,0,0
1719235800,139.8,153.89999,132.55414,137.748,54,0,,0,51.03420499999999,-0.3,0,0,0,-0.3,1,-0.12451928422971942,-0.48,0,1,0,0
1719840600,141,143.595,120.232,128.172,55,0,,0,51.60396999999999,-0.3,0,0,0,-0.3,1,0,-0.48,0,0,0,0
1720445400,131.453,143.54044,125.87817,139.676,56,0,,0,52.23178499999999,-0.17178295436255786,0,0,0,-0.17178295436255786,1,0.12821704563744213,-0.4717829543625579,0,1,0,0
1721050200,152.4,178.5,149.24254,177.85,57,0,,0,53.041239999999995,0.3,0,0,0,0.3,1,0.47178295436255785,0.2592197445787456,0,0,0,0
1721655000,178.402,181.06621,150.766,175.271,58,0,,0,53.84452999999999,0.18,0,0,0,0.18,1,-0.12,0.3554807157702805,0,0,0,0
1722259800,181.999,183.7,141.71,144.799,59,0,,0,54.495295,-0.3,0,0,0,-0.3,1,-0.48,0,0,1,0,0
1722864600,105.165,142.158,102.402,135.37,60,1,102.402,1,55.08977999999999,-0.3,0,0,0,-0.3,1,0,0,0,0,0,0
1723469400,133.49,140,126.59,133.04,61,0,,0,55.67263,-0.18,0,0,0,-0.18,1,0.12,-0.008217045637442105,0,1,0,0
1724074200,133.7,151.81,130.63,150.01,62,0,,0,56.330529999999996,-0.18,0,0,0,-0.18,1,0,-0.4799999999999999,0,0,0,0
1724679000,148.12,152.35,128.3,132.42,63,0,,0,56.909095,-0.3,0,0,0,-0.3,1,-0.12,-0.47999999999999987,0,1,0,0
1725370200,132,132.73,113.69,114.3,64,0,,0,57.387784999999994,-0.3,0,0,0,-0.3,1,0,1.1102230246251565e-16,0,0,0,0
1725888600,118.93,143,117.5003,141.47,5,0,,0,57.998999999999995,0.1870548347640176,0,0,0,0.1870548347640176,1,0.48705483476401756,0.4870548347640177,0,1,0,0
1726493400,137.02,148.96,128.51,144.78,6,0,,0,58.611844999999995,0.3,0,0,0,0.3,1,0.11294516523598239,0.4800000000000001,0,0,0,0
1727098200,147.48,179.6,145.0149,176.22,7,0,,0,59.357315,0.3,0,0,0,0.3,1,0,0.48,0,0,0,0
1727703000,168.63,176.55,157.02,176.51,8,0,,0,60.07586499999999,0.18,0,0,0,0.18,1,-0.12,0.48000000000000004,0,0,0,0
1728307800,179.71,212.81,178,212.59,9,0,,0,60.995855,0.3,0,0,0,0.3,1,0.12,0.6000000000000001,0,0,0,0
1728912600,224.48,227.15,185.81,215.86,10,0,,0,61.924555,0.18,0,0,0,0.18,1,-0.12,-0.007054834764017526,0,0,0,0
1729517400,214.49,245.5657,204.91,234.34,11,0,,0,62.93495,0.18,0,0,0,0.18,1,0,-0.11999999999999991,0,0,0,0
1730122200,244.64,267.89,225.93,229.71,12,0,,0,63.889224999999996,0.15079270047846685,0,0,0,0.15079270047846685,1,-0.029207299521533142,-0.14920729952153308,0,0,0,0
1730730600,226.97,280.8007,220.82,270.42,13,0,,0,64.975505,0.3,0,0,0,0.3,1,0.14920729952153314,0.1200000000000001,0,0,0,0
1731335400,297,383.4,293.3,340.65,14,0,,0,66.38972,0.3,0,0,0,0.3,1,0,1.1102230246251565e-16,0,0,0,0
1731940200,345.415,543,339.375,421.88,15,0,,0,68.210605,0.18,0,0,0,0.18,1,-0.12,1.1102230246251565e-16,0,0,0,0
1732545000,440.75,440.75,338.6701,387.47,16,0,,0,69.83930000000001,-0.3,0,0,0,-0.3,1,-0.48,-0.47999999999999987,0,1,0,0
1733149800,393.64,444.9447,362.67,395.01,17,0,,0,71.41135,-0.3,0,0,0,-0.3,1,0,-0.45079270047846676,0,0,0,0
1733754600,394,415.8043,356.05,408.67,18,0,,0,72.937545,-0.18,0,0,0,-0.18,1,0.12,-0.47999999999999987,0,1,0,0
1734359400,424.87,437.6099,317,364.2,19,0,,0,74.276685,-0.3,0,0,0,-0.3,0.6,-0.12,-0.5999999999999999,0,1,0,0
1734964200,358,361,323.2,330,20,0,,0,75.55148,-0.18,0,0,0,-0.18,0.76,0.12,-0.3599999999999999,0,1,0,0
1735569000,319.4,343.4,285.01,339.66,21,0,,0,76.93965999999999,-0.18,0,0,0,-0.18,0.76,0,0.1200000000000001,0,0,0,0
1736173800,349.85,383.02,317.22,327.91,22,0,,0,78.18721,0.11303162735658259,0,0,0,0.11303162735658259,0.76,0.2930316273565826,0.4130316273565827,0,0,0,0
1736778600,309.95,398.68,303.8,396.5,23,0,,0,79.78119,0.3,0,0,0,0.3,0.76,0.1869683726434174,0.4800000000000001,0,0,0,0
1737469800,395.455,404.4173,351,353.67,24,0,,0,81.23754,0.18,0,0,0,0.18,0.76,-0.12,0.4800000000000001,0,0,0,0
1737988200,340.5,356.88,322.3,334.79,25,0,,0,82.55971,0.05522260428036691,0,0,0,0.05522260428036691,0.76,-0.12477739571963309,0.23522260428036704,0,0,0,0
1738593000,310,353.79,308.9,327.56,26,0,,0,83.84200999999999,-0.3,0,0,0,-0.3,0.76,-0.3552226042803669,-0.11999999999999986,0,1,0,0
1739197800,333.5,344.89,314.19,337.73,27,0,,0,85.18385,-0.3,0,0,0,-0.3,0.76,0,-0.4130316273565825,0,0,0,0
1739889000,337.35,340.49,299.04,299.69,28,0,,0,86.37577999999999,-0.3,0,0,0,-0.3,0.76,0,-0.5999999999999999,0,0,0,0
1740407400,304,304.04,231.92,255.43,29,0,,0,87.32435,-0.18,0,0,0,-0.18,0.76,0.12,-0.35999999999999993,0,1,0,1
1741012200,293.15,320.94,237.0102,287.18,30,0,,0,88.45002000000008,0.16881157611698214,0,0,0,0.16881157611698214,0.76,0.3488115761169821,0.11358897183661523,0,0,0,0
1741613400,268,298.7,231.51,297.49,31,0,,0,89.67681500000008,-0.09665730224441314,0,0,0,-0.09665730224441314,0.76,-0.26546887836139527,0.20334269775558683,0,0,0,0
1742218200,292.15,309.4,272.5,304,32,0,,0,90.97155500000008,0.3,0,0,0,0.3,0.76,0.39665730224441315,0.6,0,0,0,0
1742823000,316.14,343.5899,289.25,289.41,33,0,,0,92.18360500000009,0.007221475286435382,0,0,0,0.007221475286435382,0.76,-0.2927785247135646,0.3072214752864354,0,0,0,0
1743427800,281.87,319.47,265.3022,293.61,34,0,,0,93.40932000000008,-0.3,0,0,0,-0.3,0.76,-0.3072214752864354,-0.12,0,1,0,0
1744032600,260.14,304.15,235.93,299.98,35,0,,0,94.65100000000008,-0.3,0,0,0,-0.3,0.76,0,-0.4688115761169821,0,0,0,0
1744637400,309.8,320,300.1,317.2,36,0,,0,95.91377000000007,0.06768747911706481,0,0,0,0.06768747911706481,0.76,0.3676874791170648,0.16434478136147795,0,1,0,0
1745242200,324.99,373.23,309,368.71,37,0,,0,97.48229500000008,0.3,0,0,0,0.3,0.76,0.2323125208829352,0,0,0,0,0
1745847000,373.29,403.9,354.53,394.37,38,0,,0,99.13634000000008,0.18,0,0,0,0.18,0.6,-0.12,0.17277852471356459,0,0,0,0
1746451800,383.33,430.3499,374.2,416.03,39,0,,0,100.90216000000008,0.18,0,0,0,0.18,0.6,0,0.48,0,0,0,0
1747056600,420.92,425.94,389.01,399.8,40,0,,0,102.63961500000009,0.18,0,0,0,0.18,0.76,0,0.48,0,0,0,0
1747661400,392.81,426.32,367.31,369.51,41,0,,0,104.21731000000007,-0.032212728411268536,0,0,0,-0.032212728411268536,0.76,-0.21221272841126854,-0.09990020752833334,0,0,0,0
1748352600,381.115,381.3,358.5,369.06,42,0,,0,105.74960500000006,-0.3,0,0,0,-0.3,0.76,-0.26778727158873145,-0.6,0,1,0,0
1748871000,367.885,391.0099,364.3029,374.47,43,0,,0,107.24759500000008,-0.18,0,0,0,-0.18,0.76,0.12,-0.36,0,1,0,0
1749475800,380.68,394.79,370.62,382.87,44,0,,0,108.79794500000007,-0.09468628927329462,0,0,0,-0.09468628927329462,0.76,0.08531371072670538,-0.27468628927329464,0,0,0,0
1750080600,387.61,388.15,365.11,369.7,45,0,,0,110.28816500000008,-0.3,0,0,0,-0.3,0.76,-0.20531371072670537,-0.48,0,1,0,0
1750685400,362.48,397.99,358.8,383.88,46,0,,0,111.85396500000007,0,0,0,0,0,0.76,0.3,0.03221272841126854,0,1,0,0
1751290200,389.78,414.6,372.91,403.99,47,0,,0,113.51778500000007,0.2055636843774969,0,0,0,0.2055636843774969,0.76,0.2055636843774969,0.5055636843774969,0,0,0,0
1751895000,402.635,438.84,393.21,434.58,48,0,,0,115.38290000000008,0.3,0,0,0,0.3,0.76,0.0944363156225031,0.48,0,0,0,0
1752499800,447.2,457.22,422.22,423.22,49,0,,0,117.19185500000007,0.11078100824676942,0,0,0,0.11078100824676942,0.76,-0.18921899175323056,0.20546729752006404,0,0,0,0
1753104600,430.1,437,402.2,405.89,50,0,,0,118.92161000000007,-0.3,0,0,0,-0.3,0.76,-0.41078100824676944,-5.551115123125783e-17,0,1,0,0
1753709400,416.945,417.01,365.7,366.63,51,0,,0,120.44853000000006,-0.3,0,0,0,-0.3,0.76,0,-0.30000000000000004,0,0,0,0
1754314200,372.77,409.65,366.2001,395.13,52,0,,0,122.06977000000008,-0.18,0,0,0,-0.18,0.76,0.12,-0.38556368437749694,0,1,0,0
1754919000,403.92,414.36,360.0322,366.32,53,0,,0,123.52644500000008,0.059067456103411076,0,0.35906745610341106,0,-0.3,0.8612441382252872,0.23906745610341107,-0.24093254389658897,0,0,0,0
1755523800,359.945,367.5658,325.56,358.13,54,0,,0,124.95783500000007,-0.41920085065082685,0,-0.23920085065082686,0,-0.18,0.9540997311033124,-0.4782683067542379,-0.5299818588975963,0,1,0,0
1756128600,344.91,351.99,332.64,334.41,55,0,,0,126.27235500000008,-0.05021298161287474,0,0.24978701838712525,0,-0.3,0.7255265120743932,0.3689878690379521,0.24978701838712525,0,1,0,1
1756819800,334.93,348.6,317.7504,335.87,56,0,,0,127.55295000000007,-0.5520322965563339,0,0.1479677034436661,-0.4,-0.3,0.6,-0.5018193149434591,-0.25203229655633386,0,1,0,0
1757338200,328.11,340.01,321.5,331.44,57,0,,0,128.80428500000008,-0.27367954526463867,0,0.1463204547353613,-0.24,-0.18,0.6,0.27835275129169523,-0.09367954526463856,0,0,0,0
1757943000,329.4,358.25,320.45,344.75,58,0,,0,130.1688800000001,-0.16326258168999203,0,0.10336118751526989,-0.24,-0.026623769205261945,0.6,0.11041696357464664,-0.222330037793403,0,1,0,0
1758547800,337.02,341.59,292.36,309.06,59,0,,0,131.38268000000008,-0.6364142959794032,0,0.06358570402059675,-0.4,-0.3,0.6,-0.4731517142894112,-0.21721344532857628,0,0,0,0
1759152600,313.73,358.54,311,351.63,60,0,,0,132.82533500000008,0.25645594669658733,0,0.1964559466965873,-0.24,0.3,0.6,0.8928702426759906,0.30666892830946213,0,1,0,0
1759757400,362.95,365.21,303.57,304.79,61,0,,0,134.0488650000001,-0.6229432137160014,0,0.07705678628399872,-0.4,-0.3,0.6,-0.8793991604125887,-0.07091091715966746,0,0,0,0
1760362200,306.67,315.95,279,289.87,62,0,,0,135.21242500000008,-0.7381059882840235,0,-0.15810598828402342,-0.4,-0.18,0.6,-0.11516277456802215,-0.46442644301938485,0,0,0,0
1760967000,297.21,306.16,276.6,289.08,63,0,,0,136.35922000000008,-0.49621787758659197,0,0.043782122413408044,-0.24,-0.3,0.6,0.24188811069743155,-0.33295529589659995,0,1,0,0
1761571800,299.5,299.8,254,269.51,64,0,,0,137.43452500000006,-0.43427718827219847,0,0.10572281172780153,-0.24,-0.3,0.6,0.061940689314393504,0.20213710770720478,0,0,0,0
1762180200,264.19,270.36,219.68,241.93,65,0,,0,138.40270000000007,-0.6380970221975679,0,0.06190297780243203,-0.4,-0.3,0.6,-0.20381983392536945,-0.8945529688941551,0,0,0,0
1762785000,249.68,249.96,194.56,199.75,66,0,,0,139.15167000000008,-0.5553557677489036,0,-0.13535576774890357,-0.24,-0.18,0.6,0.08274125444866431,0.06758744596709776,0,1,0,0
1763389800,197.025,213.83,166.31,170.5,67,0,,0,139.8162250000001,-1.2,0,-0.5,-0.4,-0.3,0.6,-0.6446442322510963,-0.46189401171597644,1,0,0,0
1763994600,171.62,187.29,166.01,177.18,68,0,,0,140.53265000000007,-0.631471370924563,0,-0.2114713709245629,-0.24,-0.18,0.6,0.568528629075437,-0.135253493337971,0,0,0,0
1764599400,168.26,191,155.61,178.99,69,0,,0,141.23178000000007,-0.45192769717208986,0,-0.031927697172089875,-0.24,-0.18,0.6,0.1795436737524731,-0.017650508899891393,0,1,0,0
1765204200,182.1,198.3999,171.41,176.45,70,0,,0,141.90852500000008,-0.39076014208730014,0,0.1709940745260038,-0.4,-0.1617542166133039,0.6,0.061167555084789715,0.24733688011026778,0,0,0,0
1765809000,176,176.5,157.43,164.82,71,0,,0,142.53464000000008,-0.673049196061668,0,0.02695080393833198,-0.4,-0.3,0.6,-0.2822890539743679,-0.11769342831276441,0,0,0,0
1766413800,168.82,170.67,154.1219,158.81,72,0,,0,143.12619000000007,-0.25380033115288003,0,0.16619966884711998,-0.24,-0.18,0.6,0.419248864908788,0.9461996688471199,0,1,0,0
1767018600,157.945,162.93,149.75,157.16,73,0,,0,143.70681000000008,-0.27197898945263793,0,0.26802101054736205,-0.24,-0.3,0.6,-0.0181786582997579,0.359492381471925,0,0,0,0
1767623400,163.415,170.62,154.05,157.33,74,0,,0,144.29805000000007,-0.35114379110189203,0,0.06885620889810797,-0.24,-0.18,0.6,-0.0791648016492541,0.10078390607019783,0,0,0,0
1768228200,156.27,190.2,154.69,173.71,75,0,,0,144.93946000000008,0.1301436118392043,0,0.06456154978954098,-0.23441793795033666,0.3,0.6,0.48128740294109634,0.5209037539265045,0,1,0,1
1768919400,165.17,168.9638,156.01,163.11,76,0,,0,145.51880000000008,-0.47168357098602864,0,0.029005888660464666,-0.4,-0.1006894596464933,0.6,-0.601827182825233,0.20136562507563938,0,1,0,0
1769437800,159.41,165.72,139.3601,149.71,77,0,,0,146.0218600000001,-0.8453040624254282,0,-0.1453040624254283,-0.4,-0.3,0.6,-0.37362049143939957,-0.5915037312725482,0,0,0,0
1770042600,139.765,147.8751,104.165,134.93,78,1,104.165,1,146.46989000000008,-0.6600945393504154,0,-0.08009453935041531,-0.4,-0.18,0.6,0.18520952307501282,-0.38811554989777747,0,0,0,0
1770647400,127.37,139.58,120.64,133.88,79,0,,0,146.91469500000008,-0.26097967736323524,0,0.15902032263676474,-0.24,-0.18,0.6,0.39911486198718016,0.09016411373865679,0,1,0,0
1771338600,129.01,136.14,121.87,131.05,80,0,,0,147.3654050000001,-0.37450194532623654,0,0.16549805467376344,-0.24,-0.3,0.76,-0.1135222679630013,-0.5046455571654409,0,0,0,0
1771857000,127.895,137.86,118.4,129.5,81,0,,0,147.83582000000007,-1.5729774508710261,-1,0.09877380453459973,-0.24,-0.13175125540562604,1.3,-1.1984755055447895,-1.1012938798849974,1,0,0,0
1772461800,129.135,149.54,127.8,133.53,82,0,,0,148.35635000000008,-1.1796623757186073,-1,0.06033762428139271,-0.24,0.3,1.3,0.3933150751524188,-0.334358313293179,0,0,0,0
1773063000,136,147.26,133.38,139.67,5,0,,0,148.9524150000001,-1.2024801487341235,-1,0.03751985126587662,-0.24,0.3,1.3,-0.02281777301551613,-0.5423856093837081,0,0,0,0
1773667800,145.35,152.27,132.76,135.66,6,0,,0,149.52934000000008,-1.345408070880071,-1,0.014591929119929067,-0.24,0.18,1.3,-0.14292792214594763,-1.0844283935168357,0,0,0,0
1774272600,138.605,143.85,123.98,126.03,7,0,,0,150.04979500000007,-1.944209904794697,-1,0.055790095205303196,-0.4,-0.3,1.3,-0.5988018339146259,-1.5697079594684604,1,0,1,0
1774877400,129.55,130.34,116.4,119.83,8,0,,0,150.5353350000001,-1.8080726883213945,-1,0.031927311678605665,-0.24,-0.3,1.3,0.13613721647330257,-0.2350952374503683,0,0,0,0
1775482200,124.57,134.5,121.14,128.64,9,0,,0,151.07685500000008,-1.6983412976092787,-1,0.021658702390721214,-0.24,-0.18,1.3,0.1097313907121158,-0.5186789218906713,0,0,0,0
1776087000,126.65,173.15,125.04,166.52,10,0,,0,151.82565500000007,-1.306473895514391,-1,-0.06647389551439101,-0.24,0.3,1.3,0.3918674020948876,-0.10399374678026768,1,0,0,0
1776691800,162.295,183.25,160.635,171.02,11,0,,0,152.57803500000009,-1.3141679960182,-1,0,-0.1941679960182,0.18,1.3,-0.0076941005038089205,0.03124007486187108,0,0,0,0
1777296600,170.92,180.38,156.1101,177.17,12,0,,0,153.3805000000001,-0.9671084629584843,-0.6,0.03289153704151575,-0.4,0.18,1.3,0.3470595330597157,0.9771014418362127,0,0,0,0
1777901400,180.9,190.41,175.72,187.59,13,0,,0,154.20781000000008,-0.52123070998163,-0.6,0.01896626131458098,0.059803028703789056,0.18,1.3,0.4458777529768543,1.2868419783397644,0,1,0,0
1778506200,189.2,197,173.61,177.42,14,0,,0,154.9879200000001,-0.6240676790463695,-0.6,-0.05435703420488662,0.03028935515851708,0.18,1.3,-0.10283696906473949,1.0742736185629091,0,0,0,0
1779111000,169.175,169.23,159.24,159.89,15,0,,0,155.6464100000001,-1.4956011475792281,-0.6,-0.01560114757922803,-0.4,-0.3,1.3,-0.8715334685328586,-0.18912725206483705,1,0,0,0
1779802200,160.83,167,144.3,159.09,16,0,,0,156.2988300000001,-2.026244302012266,-1,-0.026244302012266234,-0.4,-0.3,1.3,-0.5306431544330379,-0.712076305994066,1,0,1,0
1780320600,148.465,153.87,114.31,120.44,17,,,,156.7414550000001,-2.5,-1,-0.5,-0.4,-0.3,1.3,-0.473755697987734,-1.5328915370415157,0,0,0,0
1780925400,125.84,129,113.2675,123.97,18,,,,157.1848850000001,-2.0331183938968747,-1,-0.15311839389687426,-0.4,-0.18,1.3,0.46688160610312535,-1.5118876839152446,0,0,0,0
1781530200,133.22,136.25,107.85,112.53,19,,,,157.60603500000008,-2.34,-1,-0.5,-0.24,-0.3,1.3,-0.3068816061031252,-1.7159323209536304,0,0,0,0
1782135000,116.21,120,81.81,82.31,20,,,,157.89298500000007,-2.3800000000000003,-1,-0.3,-0.4,-0.18,1.5,-0.04000000000000048,-0.8843988524207722,0,0,0,0
1782739800,85.67,104.11,82.72,100.77,21,,,,158.28780500000008,-0.6489829348893245,-0.6,0.5,-0.24,-0.12898293488932444,1.3,1.731017065110676,1.3772613671229417,0,0,0,0