time,open,high,low,close,cycle_day,dcl_event,dcl_price,translation,timing_code,cycle_fail,degree,Cycle low,MA,STH MVRV,MVRV SMA
920298600,51.125,54.1875,48.5,52.46875,,0,,,,0,3,0,,,
922977000,54,57.28125,48.84375,53.71875,,0,,,,0,3,0,,,
925738200,53.5625,56,48.9375,52.03125,,0,,,,0,3,0,,,
928243800,51.9375,59.9375,49.57031,57.625,,0,,,,0,3,0,,,
930835800,57.8125,61.71875,55.78125,56.59375,,0,,,,0,3,0,,,
933600600,56.6875,61.75,52.9375,59.6875,,0,,,,0,3,0,,,
936192600,60.0625,63.75,58.625,60.1875,,0,,,,0,3,0,,,
938784600,59.375,66.25,57.41406,65.75,,0,,,,0,3,0,,,
941466600,65.75,78.78125,65.19531,74,,0,,,,0,3,0,,,
944058600,74.3125,93.75,73.75,91.375,,0,,,,0,3,0,,,
946909800,96.1875,97.625,80,90,,0,,,,0,3,0,,,
949415400,89.53125,107.5,88.4375,107,,0,,,,0,3,0,,,
951921000,107.25,120.5,101,109.5,,0,,,,0,3,0,,,
954768600,107.76562,109.125,63.125,94.5,,1,63.125,,,0,3,1,,,
957187800,95.75,96.875,72.25,83,,0,,,,0,3,0,,,
959866200,85.1875,99.71875,84,93.1875,,0,,,,0,3,0,,,
962631000,93.5,102.0625,85.71875,89.5,,0,,,,0,3,0,,,
965136600,89.8125,101.875,83.3125,101.875,,0,,,,0,3,0,,,
967815000,103,103.51562,87.5,88.6875,5,0,,,0,0,3,0,,,
970493400,90.25,90.25,73.625,81.70312,6,0,,,0,0,3,0,,,
973089000,80.3125,84.125,60.5,62.98437,7,0,,,0,1,3,0,,,
975681000,64.0625,74.78125,54.25,58.375,8,0,,,0,1,3,0,,,
978445800,58.5625,69.125,52.15625,64.3,9,0,,,1,0,3,0,,,
981037800,64.55,65.61,46.86,47.45,10,0,,,1,1,3,0,,,
983457000,46.97,50.66,38,39.14999,11,0,,,1,1,3,0,,,
986218200,39.17,51,33.60001,46.14999,12,0,,,1,1,3,0,,,
988723800,46.2,51.95,44.06,44.73,13,0,,,1,1,3,0,,,
991402200,45.53999,49.49001,41.25999,45.7,14,0,,,1,1,3,0,,,
994080600,45.65199,46.48,39.31,41.75999,15,0,,,1,1,3,0,,,
996672600,42.63699,44.004,35.75,36.63,16,0,,,1,1,3,0,,,
999610200,36.51801,37.5,27.2,28.98,17,1,27.2,-1,1,1,3,1,,,
1001943000,28.85001,37.06,27.85001,33.89999,18,0,,,2,1,3,0,,,
1004625000,34.44,40.97,33.782,39.64999,19,0,,,2,1,3,0,,,
1007389800,39.28999,43.24001,38.44,38.91,20,0,,,2,1,3,0,,,
1009981800,39.57001,42.60001,36.85001,38.50999,21,0,,,2,1,3,0,,,
1012573800,38.401,39.17,33.09,33.78,5,0,,,0,0,3,0,,,
1014993000,34.15401,39.19,32.74001,36.06,6,0,,,0,0,3,0,,,
1017671400,35.8,36.89999,30.56799,31.73,7,0,,,0,0,3,0,,,
1020259800,31.67,33.63,23.88,30.03999,8,0,,,0,0,3,0,,,
1023111000,30.008,30.25,20.59,26.10001,9,0,,,1,1,3,0,,,
1025530200,25.978,26.55,21.64,23.85001,10,0,,,1,1,3,0,,,
1028208600,23.74001,26.21001,21.3,23.49001,11,0,,,1,1,3,0,,,
1031059800,23.06,24.35001,20.49001,20.72,12,0,,,1,1,3,0,,,
1033479000,20.91,25.03999,19.75999,24.55,13,1,19.75999,0,1,1,3,1,,,
1036161000,24.37801,29.7,24.14,27.72,14,0,,,1,0,3,0,,,
1038839400,28.42,28.78999,24.28,24.37,15,0,,,1,1,3,0,,,
1041517800,24.72,27.47,24.00999,24.44,16,0,,,1,1,3,0,,,
1044282600,24.528,25.37,23.32001,25.16,17,0,,,1,1,3,0,,,
1046701800,25.27,27.75999,23.53999,25.25,5,0,,,0,0,3,0,,,
1049207400,25.44,28.06,25.25,27.45,6,0,,,0,0,3,0,,,
1051795800,27.44,29.87,27.19,29.78999,7,0,,,0,0,3,0,,,
1054560600,30.08,31.47,28.66,29.95,8,0,,,0,0,3,0,,,
1057066200,29.7,32.75,29.25999,31.8,9,0,,,1,0,3,0,,,
1059744600,31.69,33.46001,29.92999,33.39,10,0,,,1,0,3,0,,,
1062509400,33.49001,34.86,32.35699,32.42,11,0,,,1,0,3,0,,,
1065015000,32.61,36,32.42,35.17999,12,0,,,1,0,3,0,,,
1067869800,35.42999,36.17999,33.73,35.38,13,0,,,1,0,3,0,,,
1070289000,35.71001,36.64,34.13,36.46001,14,0,,,1,0,3,0,,,
1073053800,36.66,39,36.22,37.07001,15,0,,,1,0,3,0,,,
1075732200,37.2,37.89999,35.89999,36.57001,16,0,,,1,0,3,0,,,
1078151400,36.67999,37.17999,34.006,35.84,17,0,,,1,0,3,0,,,
1080829800,35.81,37.5,34.72,34.77,18,0,,,2,0,3,0,,,
1083591000,35,36.55,34.11,36.55,19,0,,,2,0,3,0,,,
1086096600,36.25999,37.89999,35.82001,37.74001,20,0,,,2,0,3,0,,,
1088688600,37.66,37.66,33.7,34.89,21,0,,,2,0,3,0,,,
1091453400,34.61,35.02,32,34.02,22,1,32,1,2,0,3,1,,,
1094045400,33.92999,35.85001,33.8,35.14,23,0,,,2,0,3,0,,,
1096637400,35.45,37.24001,35.2,36.89999,24,0,,,2,0,3,0,,,
1099319400,36.98,39.64,36.8,39.12199,25,0,,,2,0,3,0,,,
1101911400,39.27,40.67999,37.21001,39.91499,26,0,,,2,0,3,0,,,
1104762600,40.08,40.29201,36.46001,37.39999,5,0,,,0,0,3,0,,,
1107268200,37.47,38.48,36.69701,37.22,6,0,,,0,0,3,0,,,
1109687400,37.37,38.28999,35.94,36.57001,7,0,,,0,0,3,0,,,
1112365800,36.82001,37.07001,34.35001,34.98,8,0,,,0,0,3,0,,,
1115040600,35.07001,38.27,34.886,38.08,9,0,,,1,0,3,0,,,
1117632600,38.03,38.67999,36.7,36.78,10,0,,,1,0,3,0,,,
1120224600,36.86,39.92101,36.5498,39.575,11,0,,,1,0,3,0,,,
1122903000,39.64,40.14,38.25999,38.98,12,0,,,1,0,3,0,,,
1125581400,38.99001,39.91,38.24001,39.46001,13,0,,,1,0,3,0,,,
1128346200,39.55,39.88,37.33,38.87,14,0,,,1,0,3,0,,,
1130855400,38.75999,42.02,38.71001,41.24001,15,0,,,1,0,3,0,,,
1133447400,41.50999,42.31,40.36,40.412,16,0,,,1,0,3,0,,,
1136298600,40.64,43.31,40.16,42,17,0,,,1,0,3,0,,,
1138804200,41.75999,42.17,40.25999,41.10001,18,0,,,2,0,3,0,,,
1141223400,41.22,42.30009,40.19,41.92999,19,0,,,2,0,3,0,,,
1144071000,42.14999,43.05,41.39,41.85001,20,0,,,2,0,3,0,,,
1146490200,41.92999,42.3,38.23,38.82001,21,0,,,2,0,3,0,,,
1149168600,38.91,40,37.16,38.77,22,0,,,2,0,3,0,,,
1151933400,38.88,39,35.53999,37.10001,23,1,35.53999,1,2,0,3,1,,,
1154439000,36.78999,39.03,36.25999,38.87,24,0,,,2,0,3,0,,,
1157117400,39.07001,40.95,38.3199,40.64999,25,0,,,2,0,3,0,,,
1159795800,40.60001,42.92,39.88,42.58,26,0,,,2,0,3,0,,,
1162391400,42.73,44.86,41.61,44.03999,27,0,,,2,0,3,0,,,
1164983400,44,44.75999,42.88,43.16,5,0,,,0,0,3,0,,,
1167834600,43.46001,45.39999,42.52,44.07001,6,0,,,0,0,3,0,,,
1170340200,44.27,45.55,42.92999,43.33,7,0,,,0,0,3,0,,,
1172759400,42.55,44.45,42.06,43.53,8,0,,,0,0,3,0,,,
1175520600,43.67,46.7,43.3,45.96001,9,0,,,1,0,3,0,,,
1178026200,45.97,47.52,45.66,47.41,10,0,,,1,0,3,0,,,
1180704600,47.58,47.92,46.16,47.60001,11,0,,,1,0,3,0,,,
1183383000,47.71001,50.66,47.42999,47.53,12,0,,,1,0,3,0,,,
1185975000,47.39,49.06,40.55,48.87,13,1,40.55,1,1,0,3,1,,,
1188912600,48.92,52.77,47.81,51.41,14,0,,,1,0,3,0,,,
1191245400,51.45,55.07001,51.34,55.03,15,0,,,1,0,3,0,,,
1193923800,54.67999,54.77,48.64999,51.31,16,0,,,1,0,3,0,,,
1196692200,51.14,52.84,49.17999,51.22,17,0,,,1,0,3,0,,,
1199284200,51.27,51.47,41.61,45.13,5,0,,,0,0,3,0,,,
1201876200,45.52,45.88,42.14999,42.95,6,0,,,0,0,3,0,,,
1204554600,42.92999,45.07001,41.05,43.72,7,0,,,0,0,3,0,,,
1207056600,44.45,48.06,43.67999,47.21001,8,0,,,0,0,3,0,,,
1209648600,47.24001,50.47,47.22,50.00999,9,0,,,1,0,3,0,,,
1212413400,49.92,50.61,44.97,45.17,10,0,,,1,0,3,0,,,
1214919000,44.86,46.14999,43.3,45.46001,11,0,,,1,0,3,0,,,
1217597400,45.52,48.57001,44.3,46.12,12,0,,,1,0,3,0,,,
1220362200,46.86,47.08,37.17999,38.91,13,0,,,1,1,3,0,,,
1222867800,38.83,38.97,28.09,32.89,14,0,,,1,1,3,0,,,
1225722600,32.81,34.00999,25.05,29.12,15,1,25.05,-1,1,1,3,1,,,
1228141800,28.5,30.83,26.84039,29.74001,16,0,,,1,1,3,0,,,
1230906600,29.77,31.63,27.96001,29.06,17,0,,,1,1,3,0,,,
1233585000,28.77,31.67999,27.39,27.53,18,0,,,2,1,3,0,,,
1236004200,27.12,31.46001,25.6301,30.32001,19,0,,,2,1,3,0,,,
1238592600,29.94,34.89999,29.78999,34.28,5,0,,,0,0,3,0,,,
1241184600,34.28,35.5,32.96001,35.38,6,0,,,0,0,3,0,,,
1243863000,35.73,37.23,34.77,36.38,7,0,,,0,0,3,0,,,
1246455000,36.53999,40.17999,34.3,39.45,8,0,,,0,0,3,0,,,
1249306200,39.85001,41.08,38.46001,40.03,9,0,,,1,0,3,0,,,
1251811800,39.87,43.17,39.02,42.25,10,0,,,1,0,3,0,,,
1254403800,42.11,43.82001,40.72,40.96001,11,0,,,1,0,3,0,,,
1257172200,41.00999,44.64999,40.64,43.56,12,0,,,1,0,3,0,,,
1259677800,43.88,46.3,43.32001,45.75,13,0,,,1,0,3,0,,,
1262615400,46.32001,46.64,42.63,42.78999,14,0,,,1,0,3,0,,,
1265034600,42.91,45.05,42.12,44.75999,15,0,,,1,0,3,0,,,
1267453800,44.95,48.60001,44.95,48.16,16,0,,,1,0,3,0,,,
1270128600,48.34,50.64999,47.78999,49.2375,17,0,,,1,0,3,0,,,
1272893400,49.42999,50.17,41.55,45.60001,18,1,41.55,1,2,0,3,1,,,
1275399000,45.45,47.67999,42.64,42.71001,19,0,,,2,0,3,0,,,
1277991000,42.82001,46.72,41.77,45.81,20,0,,,2,0,3,0,,,
1280755800,46.38,47.19,42.97,43.46001,21,0,,,2,0,3,0,,,
1283347800,44.10001,49.84,44.07001,49.07001,22,0,,,2,0,3,0,,,
1285939800,49.46001,52.49001,48.2,52.17999,5,0,,,0,0,3,0,,,
1288618200,52.38,54.0401,50.85001,52.08501,6,0,,,0,0,3,0,,,
1291213800,52.87,54.96001,52.84,54.46001,7,0,,,0,0,3,0,,,
1294065000,54.959,57.35001,54.92,56,8,0,,,0,0,3,0,,,
1296570600,56.4194,59.03999,56.13,57.76891,9,0,,,1,0,3,0,,,
1298989800,57.99001,58.36501,53.77,57.42999,10,0,,,1,0,3,0,,,
1301664600,57.72,59.28999,55.32001,59.08,11,0,,,1,0,3,0,,,
1304343000,59.19,59.34,56.47,58.36,12,0,,,1,0,3,0,,,
1306935000,58.22,58.36,53.61501,57.05,13,0,,,1,0,3,0,,,
1309527000,57.10001,59.83,56.87,58,14,0,,,1,0,3,0,,,
1312205400,58.67,58.82001,49.92999,55.06,15,1,49.92999,1,1,0,3,1,,,
1314883800,55.21001,57.35001,51.91,52.49001,16,0,,,1,0,3,0,,,
1317648600,52.03999,59.2,50.095,57.95,17,0,,,1,0,3,0,,,
1320154200,56.56,58.98,52.87,56.39,18,0,,,2,0,3,0,,,
1322749800,56.37,57.62,54.17,55.83,19,0,,,2,0,3,0,,,
1325601000,56.91,60.86,56.56,60.53,5,0,,,0,0,3,0,,1.3179906465685645,
1328106600,60.85001,64.96001,60.66,64.41,6,0,,,0,0,3,0,,1.4001257390341968,
1330612200,64.66,68.50999,63.23,67.55,7,0,,,0,0,3,0,,1.4655393755006845,
1333373400,67.46001,68.55,64.45,66.75999,8,0,,,0,0,3,0,,1.445419727389983,
1335879000,66.67999,67.63,60.75999,62.06,9,0,,,1,0,3,0,,1.342828422345503,
1338557400,60.97,64.57001,60.03999,64.16,10,0,,,1,0,3,0,,1.3868025674427822,
1341235800,64.23,65.31,61.86,64.8,11,0,,,1,0,3,0,,1.3996381539616103,
1343827800,65.25,68.88,63.91,68.16,12,0,,,1,0,3,0,,1.4705782111330026,
1346765400,68.03,70.58,67.42,68.57001,13,0,,,1,0,3,0,,1.47884383777849,
1349098200,68.89999,69.8,64.64999,64.95,14,0,,,1,0,3,0,,1.4025374930255554,
1351776600,65.32001,66.21001,61.31,65.8,15,0,,,1,0,3,0,,1.4259732702394061,
1354545000,66.32001,66.75999,63.58,65.1301,16,0,,,1,0,3,0,,1.4163806667542458,
1357137000,66.69,67.78999,66.17,66.87,17,0,,,1,0,3,0,,1.4624522996607203,
1359729000,67.34,68.25999,65.96001,67.10001,18,0,,,2,0,3,0,,1.4763147250654909,
1362148200,66.86,69.06,66.53999,68.97,19,0,,,2,0,3,0,,1.522976802635802,
1364823000,69.00999,70.73,66.88,70.72,20,0,,,2,0,3,0,,1.564356579458131,
1367415000,70.71001,74.95,70.25,73.25,21,0,,,2,0,3,0,,1.624944761717578,
1370266200,73.31,73.82001,69.14999,71.27,22,0,,,2,0,3,0,,1.5851571281039265,
1372685400,71.75999,76.2099,71.35001,75.77,23,0,,,2,0,3,0,,1.6915807329102157,
1375363800,76.3,77.28,74.96001,75.47,24,0,,,2,0,3,0,,1.688096909388133,
1378215000,76.10001,79.685,75.53999,78.88,25,0,,,2,0,3,0,,1.7650901613017738,
1380634200,78.87,83.485,76.35001,82.79,26,0,,,2,0,3,0,,1.847301897998711,
1383312600,83.04,85.84,81.37,85.73,27,0,,,2,0,3,0,,1.9053991473635818,
1385994600,85.83,87.96,84.05,87.96,28,0,,,2,0,3,0,,1.948352162059548,
1388673000,87.55,89,84.76,86.27,29,0,,,2,0,3,0,,1.9003753837743989,
1391437800,86.14,90.96,83.74,90.34,30,0,,,2,0,3,0,,1.9756573677956564,
1393857000,89.48,91.36,86.4,87.67,31,0,,,2,0,3,0,,1.906100644498611,
1396359000,88.1,89.68,83.28,87.39,32,0,,,2,0,3,0,,1.8887111007772979,
1398951000,87.53,91.45,85.53,91.31,33,0,,,2,0,3,0,,1.9609608694820733,
1401715800,91.43,94.14,90.64,93.91,34,0,,,2,0,3,0,,2.0023300929055554,
1404221400,94.21,97.51,93.63,95.02,35,0,,,2,0,3,0,,2.0098538858837034,
1406899800,94.83,99.9141,93.885,99.78,36,0,,,2,0,3,0,,2.0903408190288064,
1409664600,100.04,100.5646,97.7,98.79,37,0,,,2,0,3,0,,2.051607385271557,
1412170200,98.54,101.75,90.24,101.4,38,0,,,2,0,3,0,,2.0885308382833516,
1415025000,101.53,106.245,100.67,106.01,39,0,,,2,0,3,0,,2.1641858486752628,
1417444200,105.72,105.9199,99.92,103.25,40,0,,,2,0,3,0,,2.090019376547929,
1420209000,103.76,104.58,99.36,101.1,41,0,,,2,0,3,0,,2.0286630035921105,
1422887400,101.33,108.94,99.75,108.4,42,0,,,2,0,3,0,,2.1549629855672405,
1425306600,108.61,109.42,104.24,105.6,43,0,,,2,0,3,0,,2.0795970180072905,
1427895000,105.6,111.16,104.34,107.63,44,0,,,2,0,3,0,,2.09888330133483,
1430487000,108.05,111.08,105.995,110.05,45,0,,,2,0,3,0,,2.1236456826341477,
1433165400,110.64,111.13,106.64,107.07,46,0,,,2,0,3,0,,2.0449532371981816,
1435757400,108.13,114.39,105.83,111.95,47,0,,,2,0,3,0,,2.115102574829196,
1438608600,111.97,113,84.74,104.31,48,1,84.74,1,2,0,3,1,,1.9508804759222398,
1441114200,101.71,108.725,98.75,101.76,49,0,,,2,0,3,0,,1.885621405620869,
1443706200,101.94,114.08,100.48,113.33,50,0,,,2,0,3,0,54.789977949999994,2.0787394502862004,
1446474600,113.63,115.47,109.48,114.02,51,0,,,2,0,3,0,55.0977342,2.0694410123094054,
1448980200,114.475,115.75,109.38,111.86,52,0,,,2,0,3,0,55.38844044999999,2.009665505507021,
1451917800,109.43,110.18,97.25,104.13,5,0,,,0,0,3,0,55.64893419999999,1.8538204617342833,
1454337000,103.62,104.8,94.84,102.5,6,0,,,0,0,3,0,55.873309199999994,1.808753038152944,
1456842600,103.45,110.04,103.16,109.2,7,0,,,0,0,3,0,56.13634044999999,1.9092145924310078,
1459517400,108.58,111.44,104.88,105.72,8,0,,,0,0,3,0,56.36650295,1.8326751156576582,
1462195800,105.97,110.51,104.4,110.34,9,0,,,1,0,3,0,56.61726545,1.8957195939125155,
1464787800,110,110.75,101.75,107.54,10,0,,,1,0,3,0,56.82621544999999,1.832231524322328,
1467379800,107.49,115.54,106.57,115.23,11,0,,,1,0,3,0,57.032365449999986,1.9457475070622428,
1470058200,115.31,118.0095,114.22,116.44,12,0,,,1,0,3,0,57.15769044999999,1.9483457361865797,
1472736600,116.48,119.22,113.63,118.72,13,0,,,1,0,3,0,57.30129044999999,1.9687413186993028,
1475501400,118.53,119.66,115.94,116.99,14,0,,,1,0,3,0,57.35124045,1.9232601524048432,
1478007000,117.19,119.51,113.45,117.5,15,0,,,1,0,3,0,57.39124045,1.9151828932888015,
1480602600,117.46,121.52,115.22,118.48,16,0,,,1,0,3,0,57.51114044999999,1.914764267186484,
1483453800,119.31,125.9211,118.89,124.57,17,0,,,1,0,3,0,57.71899044999999,1.9948815437245102,
1485959400,125.42,130.7,124.86,130.02,18,0,,,2,0,3,0,57.903152949999985,2.0620936190707706,
1488378600,130.81,132.74,129.4,132.38,19,0,,,2,0,3,0,58.11755294999998,2.078760972752342,
1491226200,132.48,136.34,130.38,135.99,20,0,,,2,0,3,0,58.28812794999999,2.1141503201383434,
1493645400,136.46,141.84,135.87,141.29,21,0,,,2,0,3,0,58.551140449999984,2.1739672913584873,
1496323800,141.57,143.9,136.25,137.64,22,0,,,2,0,3,0,58.83082484999998,2.0964232408783583,
1499088600,138.25,145.96,135.8,143.23,23,0,,,2,0,3,0,59.232052999999986,2.1584025431257543,
1501594200,143.7,146.21,140.18,146.2,24,0,,,2,0,3,0,59.67117799999998,2.179624358261446,
1504272600,146.36,146.59,142.1,145.45,25,0,,,2,0,3,0,60.07692799999999,2.1460367032050867,
1506951000,145.67,152.37,144.93,152.15,26,0,,,2,0,3,0,60.60042799999999,2.220995592106477,
1509543000,152.75,156.69,150.77,155.15,27,0,,,2,0,3,0,61.18042804999998,2.2404731537941522,
1512138600,154.19,158.77,152.06,155.76,28,0,,,2,0,3,0,61.72847809999998,2.22474944352375,
1514903400,156.5,170.952,156.17,169.4,29,0,,,2,0,3,0,62.351828099999985,2.39045558609358,
1517495400,168.12,170.73,150.125,167.21,30,0,,,2,0,3,0,62.95937809999999,2.331818211488041,
1519914600,167.29,175.21,156.04,160.13,31,0,,,2,0,3,0,63.551228149999986,2.208220274495335,
1522675800,159,167,153.88,160.94,32,0,,,2,0,3,0,64.17277814999998,2.195393101474616,
1525181400,160.52,171.2,159.22,170.07,33,0,,,2,0,3,0,64.87822814999998,2.2930376978160214,
1527859800,170.88,177.98,169.17,171.65,34,0,,,2,0,3,0,65.56697819999998,2.288053832359989,
1530538200,170.04,182.93,169.67,176.45,35,0,,,2,0,3,0,66.25097824999999,2.324555314346858,
1533130200,176.87,187.5199,175.79,186.65,36,0,,,2,0,3,0,66.98967824999998,2.428548621360357,
1536067800,186.1,186.49,180.44,185.79,37,0,,,2,0,3,0,67.72607829999998,2.38790891872109,
1538400600,186.82,187.53,160.09,169.82,38,0,,,2,0,3,0,68.40627829999998,2.159624964048334,
1541079000,170.08,175.58,157.13,169.37,39,0,,,2,0,3,0,69.07282829999998,2.131351491033055,
1543847400,173.1,173.31,143.46,154.26,40,1,143.46,1,2,0,3,1,69.68547829999999,1.9236748140438629,
1546439400,150.99,168.99,149.49,168.16,41,0,,,2,0,3,0,70.37607834999999,2.0757928441503113,
1549031400,167.37,174.66,166.57,173.19,42,0,,,2,0,3,0,71.11152829999999,2.1157667518114,
1551450600,174.41,182.83,169.3375,179.66,43,0,,,2,0,3,0,71.89057824999999,2.171224196773084,
1554125400,181.42,191.32,180.77,189.54,44,0,,,2,0,3,0,72.72082819999999,2.264020236440123,
1556717400,190.76,191.32,173.87,173.95,5,0,,,0,0,3,0,73.48697819999998,2.0563784129704836,
1559568600,173.52,189.77,169.27,186.74,6,0,,,0,0,3,0,74.29792819999999,2.1826670146301517,
1561987800,190.3,195.55,188.38,191.1,7,0,,,0,0,3,0,75.11482819999998,2.208278180739911,
1564666200,191.51,194.98,179.2,187.47,8,0,,,0,0,3,0,75.93032819999999,2.142875851477956,
1567517400,186.26,194.71,185.03,188.81,9,0,,,1,0,3,0,76.75217819999999,2.135167597303178,
1569936600,189.54,197.83,181.82,197.08,10,0,,,1,0,3,0,77.61177819999999,2.204079549116644,
1572615000,197.93,206.05,197.63,205.1,11,0,,,1,0,3,0,78.51102819999998,2.2672807980222482,
1575297000,205.11,214.56,199.23,212.61,12,0,,,1,0,3,0,79.43682819999998,2.322384718558799,
1577975400,214.4,225.88,212.24,219.07,13,0,,,1,0,3,0,80.38322824999999,2.363675017192565,
1580740200,220.14,237.47,198.17,205.8,14,0,,,1,0,3,0,81.26247824999999,2.1956953700297057,
1583159400,208.88,219.61,164.93,190.4,15,1,164.93,1,1,0,3,1,82.05547824999998,2.011393955169579,
1585747800,184.81,220.04,180.86,218.91,16,0,,,1,0,3,0,82.98307824999998,2.285856377641053,
1588339800,214.54,233.6,211.12,233.36,17,0,,,1,0,3,0,83.98777824999999,2.4066261051283564,
1591018200,232.4,251.15,231.47,247.6,18,0,,,2,0,3,0,85.04987829999999,2.5199377004006016,
1593610200,247.66,269.79,247.0802,265.79,19,0,,,2,0,3,0,86.20192829999998,2.667077915830744,
1596461400,268.05,296.745,264.63,294.88,5,0,,,0,0,3,0,87.49402824999999,2.913066709340454,
1598967000,297.6,303.5,260.11,277.84,6,0,,,0,0,3,0,88.69787819999999,2.7063003880478647,
1601559000,281.79,297.46,267.07,269.38,7,0,,,0,0,3,0,89.86192814999998,2.588424152263597,
1604327400,271.73,300.17,266.97,299.62,8,0,,,0,0,3,0,91.18082814999998,2.8353338424167416,
1606833000,301.87,314.685,298.09,313.74,9,0,,,1,0,3,0,92.57567814999999,2.9210497918389597,
1609770600,315.11,330.32,305.18,314.56,10,0,,,1,0,3,0,93.96572814999998,2.8816703094656453,
1612189800,318.11,338.19,310.88,314.14,11,0,,,1,0,3,0,95.34772809999998,2.8325511267415573,
1614609000,319.27,324.33,297.45,319.13,12,0,,,1,0,3,0,96.7689281,2.832735683561341,
1617283800,323.07,342.8,322.81,337.99,13,0,,,1,0,3,0,98.28877809999999,2.951470021445845,
1620048600,339.23,340,316,333.93,14,0,,,1,0,3,0,99.78272809999999,2.8693374103665685,
1622554200,335.3,355.23,328.28,354.43,15,0,,,1,0,3,0,101.37037814999998,2.994201188878492,
1625146200,354.07,368.89,352.04,364.57,16,0,,,1,0,3,0,102.99761819999998,3.0273198149179663,
1627911000,366.28,380.76,359.96,379.95,17,0,,,1,0,3,0,104.69779324999998,3.098422600760255,
1630503000,381.04,382.778,357.1,357.96,18,0,,,2,0,3,0,106.30059329999999,2.870013793816868,
1633095000,358.6,386.28,350.32,386.11,19,0,,,2,0,3,0,108.04504329999997,3.0395828174824087,
1635773400,386.56,408.71,384.42,393.82,20,0,,,2,0,3,0,109.83129324999999,3.043991003028135,
1638369000,398.28,404.58,377.47,397.85,21,0,,,2,0,3,0,111.64564324999999,3.0196084271066534,
1641220200,399.05,402.28,334.15,363.05,22,0,,,2,0,3,0,113.27049324999999,2.710944016887191,
1643725800,364.43,370.1,318.26,346.8,23,0,,,2,0,3,0,114.82059324999999,2.5507137206754553,
1646145000,345.75,371.83,317.45,362.54,24,0,,,2,0,3,0,116.43541824999998,2.6255840899830125,
1648819800,362.81,369.31,312.6,313.25,25,0,,,2,0,3,0,117.80676824999999,2.2395401942837925,
1651498200,312.83,330.29,280.21,308.28,26,0,,,2,0,3,0,119.15086819999999,2.1767088935941126,
1654090200,310.47,314.56,269.28,280.28,27,0,,,2,0,3,0,120.35791819999999,1.9575305387948414,
1656682200,278.95,316.39,276.7501,315.46,28,0,,,2,0,3,0,121.72901814999999,2.1762260938628577,
1659360600,313.65,334.4209,298.44,299.27,29,0,,,2,0,3,0,123.02330814999998,2.041188555706843,
1662039000,296.72,311.08,267.1,267.26,30,0,,,2,0,3,0,124.14960814999999,1.804889361290357,
1664803800,269.07,284.6,254.26,277.95,31,1,254.26,1,2,0,3,1,125.33385809999999,1.858106672529432,
1667309400,281.495,293.47,259.08,293.36,32,0,,,2,0,3,0,126.59100814999998,1.9404011141376367,
1669905000,293.69,296.875,259.73,266.28,33,0,,,2,0,3,0,127.71315809999999,1.7446442215627807,
1672756200,268.65,298.26,260.34,294.62,34,0,,,2,0,3,0,128.99215804999997,1.910151101852874,
1675261800,294.41,313.68,290.05,293.56,35,0,,,2,0,3,0,130.26610804999999,1.8839404782044338,
1677681000,293.26,321.17,285.19,320.93,5,0,,,0,0,3,0,131.68525799999998,2.036678521492802,
1680528600,318.77,322.65,309.89,322.56,6,0,,,0,0,3,0,133.10370799999998,2.024070650358351,
1682947800,322.09,353.93,315.115,347.99,7,0,,,0,0,3,0,134.64040805,2.1569863248635803,
1685626200,347.73,372.85,346.66,369.42,8,0,,,0,0,3,0,136.27460804999998,2.260564186526453,
1688391000,370.07,387.98,363.41,383.68,9,0,,,1,0,3,0,137.97280809999998,2.316707478179065,
1690896600,382.31,383.56,354.71,377.99,10,0,,,1,0,3,0,139.64695809999998,2.253476111844133,
1693575000,380.4,380.83,351.36,358.27,11,0,,,1,0,3,0,141.21795805,2.111057058665881,
1696253400,358.54,373.74,342.35,350.87,12,0,,,1,0,3,0,142.75565805,2.0442343669455725,
1698845400,351.72,394.14,351.62,388.83,13,0,,,1,0,3,0,144.48215804999998,2.2372774390946115,
1701441000,387.75,412.92,382.66,409.52,14,0,,,1,0,3,0,146.29995799999998,2.3258028580369348,
1704205800,405.84,429.85,395.34,416.97,15,0,,,1,0,3,0,148.14775799999998,2.3373510048201105,
1706797800,418.79,440.59,417.81,439,16,0,,,1,0,3,0,150.10475795,2.427345502061114,
1709303400,439.9,449.34,432.7417,444.01,17,0,,,1,0,3,0,152.08715794999998,2.4217923220631477,
1711978200,444.97,447.53,413.07,424.59,18,0,,,2,0,3,0,153.96575794999998,2.2864027081039806,
1714570200,423.15,460.58,420.63,450.71,19,0,,,2,0,3,0,155.96225794999998,2.3943123884048503,
1717421400,454.57,487.2,447.9,479.11,20,0,,,2,0,3,0,158.08265794999997,2.508970850283966,
1719840600,480.04,503.52,454.15,471.07,21,0,,,2,0,3,0,160.18145794999998,2.4326761327672606,
1722519000,471.76,485.54,423.45,476.27,22,0,,,2,0,3,0,162.30670794999997,2.4252868000032346,
1725370200,473.2,493.7,448.19,488.07,23,0,,,2,0,3,0,164.52140795,2.4507443094265007,
1727789400,487.7,501.35,477.4,483.85,24,0,,,2,0,3,0,166.72590794999996,2.3963700685007883,
1730467800,485.5,515.58,484.2545,509.74,25,0,,,2,0,3,0,169.05600794999998,2.4885031011529386,
1733149800,511.01,539.15,509.29,511.23,26,0,,,2,0,3,0,171.3761079,2.460844653135458,
1735828200,514.3,533.82,499.7,522.29,27,0,,,2,0,3,0,173.73750795,2.4788347319188,
1738593000,513.47,540.81,496.93,508.17,28,0,,,2,0,3,0,176.05250794999995,2.3797134524916403,
1741012200,511.52,513.04,457.33,468.92,29,0,,,2,0,3,0,178.16980789999997,2.169548889657972,
1743514200,467.3,479.56,402.39,475.47,30,1,402.39,1,2,0,3,1,180.31655789999996,2.1730381415952698,
1746106200,483.41,526.48,476.782,519.11,31,0,,,2,0,3,0,182.7175579,2.3410812551864932,
1748871000,517.24,552.8,515.97,551.64,32,0,,,2,0,3,0,185.3113079,2.4530380949762653,
1751376600,549.73,574.63,544.66,565.01,33,0,,,2,0,3,0,187.99075789999998,2.477181753973128,
1754055000,558.83,583.3199,551.68,570.4,34,0,,,2,0,3,0,190.69405784999998,2.4658117186790487,
1756819800,561.31,602.87,559.535,600.37,5,0,,,0,0,3,0,193.55060784999998,2.557184481100443,
1759325400,597.17,637.01,589.05,629.07,6,0,,,0,0,3,0,196.55830784999998,2.6385864765741536,
1762180200,635.11,635.82,580.74,619.25,7,0,,,0,0,3,0,199.50295779999996,2.559024835125836,
1764599400,613.63,629.21,600.28,614.31,8,0,,,0,0,3,0,202.40310779999996,2.502091687823879,
1767364200,620.06,636.6,607.05,621.87,9,0,,,1,0,3,0,205.33555779999998,2.4964899126266022,
1770042600,618.7,629.98,593.34,607.29,10,0,,,1,0,3,0,208.19010779999996,2.404434962592408,
1772461800,598.86,613.29,555.6,577.18,11,,,,1,0,3,,210.8787578,2.2560347477602405,
1775050200,581.48,668.9,571.92,667.74,12,,,,1,0,3,,214.01730779999997,2.5714581725649714,
1777642200,669.16,741.63,668.8,738.31,13,,,,1,0,3,,217.49760779999997,2.7968707459051934,
1780320600,737.04,748.65,686.37,736.4,14,,,,1,0,3,,220.97480774999997,2.7453099772013867,
1782912600,729.19,731.92,707.56,712.6,15,,,,1,0,3,,224.32000774999997,2.616487998593839,